<?xml version="1.0" encoding="UTF-8"?>
<kml xmlns="http://www.opengis.net/kml/2.2">
  <Document>
    <name>太平村-大巃頂步道</name>
    <Placemark>
      <name>路線軌跡</name>
      <LineString>
        <tessellate>1</tessellate>
        <coordinates>
          120.60486853669346,23.562488196713705,996.746869003042
          120.60489156255385,23.56248180214569,996.6836429958391
          120.60497565531752,23.56246905057455,996.0828240037164
          120.60505094163585,23.562455207784076,995.3489475054189
          120.60511253573799,23.56243412594821,994.7466292142503
          120.60516756187414,23.562372505768916,991.3995411261486
          120.60523189311151,23.562343103156824,989.3058218861743
          120.60530091867534,23.56233388813337,987.8061050165836
          120.60537405718482,23.562330393421416,986.2645453552262
          120.60544356477973,23.56232340214846,984.9257359052266
          120.6055038971312,23.562315677016954,984.6745819146479
          120.60552478849871,23.56227764977068,984.8352242572031
          120.60552305393495,23.562242349804357,984.3465942501904
          120.60551870947468,23.562217702126315,983.4566973024977
          120.60552514718796,23.562209799275387,982.2562868472841
          120.60553267069348,23.56220937128524,981.048989442958
          120.60551493663925,23.562201760013608,979.785167880112
          120.60547686925351,23.562148026860417,979.5326782961812
          120.60545780376901,23.56209756595675,979.0400081090511
          120.60545201102144,23.562066256127967,978.2063031765448
          120.60544333422801,23.562037695474118,977.082452767751
          120.60542375410145,23.562010086178436,976.1009198622324
          120.60538870510668,23.56198018051946,975.1643323739762
          120.6053660404505,23.561927618675938,975.1231783575796
          120.6053535696459,23.561877082987706,974.7974776000641
          120.60535210340038,23.561819948311683,973.515186093115
          120.60535697489952,23.561760026188352,972.1611667148344
          120.60536632244406,23.561700400642994,971.1597477586226
          120.6053788704267,23.561640696422703,970.1133837026846
          120.60539138621596,23.561577951317645,969.0363381522683
          120.60540548423138,23.5615127256702,967.9709483236308
          120.6054182366645,23.56144493231144,967.1022844072296
          120.60543216095152,23.56137724314707,966.7442381863682
          120.60545085301064,23.56131427056131,966.4220498793736
          120.6054626944482,23.56125586780187,965.5270496629938
          120.60544885924458,23.56119503998495,965.0732781463696
          120.60543234847648,23.56115026011567,964.8895611329446
          120.60543540824506,23.561096473617575,964.0466404159171
          120.60544229990565,23.561060043798516,963.4803809622423
          120.60544578044501,23.561053724134073,962.8880996722255
          120.60544969196023,23.561054408668586,962.3640299525962
          120.60546371573429,23.561021282931627,962.0146907250697
          120.6054993067589,23.561000889485094,961.9429669605587
          120.6055394396146,23.560987035477222,961.8378086662026
          120.60556289346249,23.560974911711696,961.6844037678259
          120.6055587968978,23.56095736175708,961.4995537101802
          120.60555309869574,23.56095047424203,961.4350207530449
          120.60555067677028,23.560952376727275,961.2238658566893
          120.60555051041183,23.560954161889768,961.1628633667972
          120.60555007228993,23.560959103191347,961.3844928796874
          120.60555749981687,23.560958605180424,961.3192925779513
          120.60566947972512,23.560962688939078,961.1856132549169
          120.60575374066435,23.560952981634554,961.2155164312601
          120.60581490180286,23.56094486140818,961.2572042075915
          120.60582852686811,23.560941095720004,961.6697809239176
          120.60583664387123,23.56093560418252,963.5008226124818
          120.60584558068034,23.560929601106093,964.9401201066272
          120.60584922715942,23.560930974244613,965.2858336042743
          120.60584829972166,23.560938771781146,964.8287687662581
          120.60584738764247,23.56094139293812,964.6040659878844
          120.60584709709248,23.56094138658573,964.5700780183905
          120.60584710892785,23.56094094544867,964.5911849437942
          120.60584014898993,23.560935980565556,962.3024768648824
          120.60583606456905,23.56093395501257,961.1767376965744
          120.60583367174722,23.560932514926392,960.7101220059343
          120.60583322321732,23.56093221413885,960.6690217148357
          120.60583344311905,23.560932324700737,960.7441236252287
          120.605833692102,23.56093246660572,960.8042594739975
          120.6058532707605,23.56092581559602,962.171774047222
          120.60586367532764,23.560948425961126,964.1870078442122
          120.60586895951366,23.56098732910699,965.7719802216461
          120.60586541818975,23.560998275224968,965.9282624700608
          120.60586332764919,23.56099712194402,965.7560038021016
          120.6058604654006,23.560951371903908,963.8162600190576
          120.605858161482,23.560931587792844,962.8033185864455
          120.60585774532545,23.56093004890726,962.6815091565156
          120.60584535948497,23.56092849771424,961.3725802688068
          120.60584491701043,23.560927169087755,961.0363825052875
          120.60584619141773,23.560926970619914,961.0756778814747
          120.60584689808822,23.560927090448807,961.1512031105858
          120.60584702705853,23.560927181602963,961.1811823832646
          120.60584119486317,23.56087136578634,960.8375262779065
          120.60583274092109,23.560849455009592,960.6274575394214
          120.60581668477552,23.560848221689284,961.226874942909
          120.60580903323451,23.560852388466753,961.734359076165
          120.60580480561507,23.560855674127893,962.0419033336389
          120.6057995632283,23.560855075603975,962.2431519308111
          120.60579005122936,23.560856090177726,962.6171161716653
          120.60579498469109,23.560857830300392,962.4149215628094
          120.60581364560946,23.56087051783411,962.6040664775813
          120.60582041613404,23.56086814828153,962.5751054855903
          120.60582037908476,23.560865845654718,962.5453375066536
          120.60581925156677,23.560865099392075,962.5353357485604
          120.60581871177493,23.560865123359807,962.5354736550577
          120.6058452208192,23.560865011323347,964.7357705291965
          120.60585433957453,23.560864988597135,965.4862435041721
          120.60584474360007,23.56086163144859,966.6795946361442
          120.60583977912295,23.560860517064274,966.9619304647894
          120.60583896446167,23.56086052059159,966.9042624264582
          120.6058393991472,23.560860708652243,966.8291719316644
          120.60583974564187,23.560860799065,966.8024735789649
          120.60583984066292,23.560860811385783,966.8021038567615
          120.60584680177827,23.560867961012764,963.5649866523889
          120.605849157755,23.56087039548573,962.4618865749459
          120.6058378650788,23.56086521485125,961.9583725854626
          120.60582347730086,23.56086173957329,961.9070161356925
          120.60582112336152,23.560858364355965,961.7310598542939
          120.60582692119699,23.56085575755158,961.6152515306419
          120.60582245312087,23.560863537059664,961.664608465114
          120.60580230994286,23.56086139456858,961.4771517305597
          120.6057938382903,23.56085861752431,961.3983880448112
          120.60579279140835,23.560857465726244,961.387403825772
          120.60579376029096,23.560856219292607,961.4000905212289
          120.60579540910139,23.56085839540324,961.4078534697807
          120.60579398150934,23.5608544710007,961.4094753816577
          120.6057923323159,23.56085049124854,961.4089623446795
          120.60579190196043,23.560849545965127,961.4084430685697
          120.60579196515452,23.560849743149127,961.4082775388997
          120.60579110605346,23.560847578315443,961.4082842240689
          120.60578985560686,23.560844425193327,961.4083151233025
          120.60578952926271,23.560843601209932,961.4083285186908
          120.60578954543617,23.560843641428907,961.4083309520212
          120.60579011795588,23.560845081724235,961.4083291889157
          120.60581425491675,23.560856488956095,963.6720354542936
          120.60581970482158,23.5608569084013,964.3493727783016
          120.60581879945136,23.560855724544975,964.3220931253484
          120.60581743875159,23.560855067240183,964.1952822087271
          120.605816931633,23.56085494702943,964.13847880655
          120.60581990164106,23.560856092926524,962.9559815693345
          120.60582096947012,23.560856501012896,962.5692299981466
          120.60582111132831,23.560856553465477,962.5330267076386
          120.60582097148233,23.560856498798557,962.5942164631118
          120.60582083681697,23.560856446887215,962.6468433560827
          120.60582078627395,23.560856427592928,962.6649642592503
          120.6058207849385,23.56085642716678,962.6647220624424
          120.60582079273861,23.560856430184707,962.6615780458268
          120.60582079673445,23.560856431715592,962.6600978774841
          120.60582079736419,23.56085643195192,962.659907163153
          120.6058207970011,23.560856431810425,962.6600622522975
          120.60582079672014,23.56085643170246,962.6601691729225
          120.60582079664488,23.560856431673862,962.6601949922064
          120.60582079665544,23.56085643167807,962.6601896169077
          120.60587040970513,23.56088314903005,965.1933591994127
          120.60588805418747,23.560895769845406,965.9086229762258
          120.60588372263125,23.560894144462917,964.9307099808848
          120.60588156285526,23.56088593081713,963.7711259984802
          120.60588029771218,23.560880298043454,963.433275226585
          120.60586794847731,23.56089119307702,963.8322693742014
          120.60582634275542,23.56092924031255,963.7732469331742
          120.6058142110812,23.560965399778972,964.3809898123416
          120.6058226165677,23.56099254819077,965.0919825802329
          120.6058345722707,23.561009550442193,965.2715389231751
          120.60582864116783,23.56101120016673,965.1202859188057
          120.60581646341787,23.56098964331302,964.3934185534563
          120.6058065998442,23.560955388317417,963.8334648688976
          120.60580225093068,23.560922584115414,963.7230007162412
          120.60579981750499,23.560910157489467,963.4520893680866
          120.60579977393805,23.560913832094087,963.7519579329775
          120.6058094675164,23.560946559725142,964.2627139053715
          120.60582354693166,23.560994799107906,964.0649836342942
          120.60588539652716,23.560982971291285,964.1304222954905
          120.60594043933408,23.56093587187953,963.4216660035008
          120.60598480399497,23.56088766489449,962.2772686123891
          120.60600084964508,23.56084783497897,962.5471637089324
          120.60599242480289,23.560816424515956,961.5445462219369
          120.60599728763783,23.56074372163735,961.2891328161553
          120.606016119429,23.560703223640814,962.1857859727874
          120.60604165996659,23.560685473854793,963.294158934733
          120.60605835297042,23.56066748535821,964.0844572245833
          120.60607475417208,23.560642756308297,966.0023698343762
          120.60608711904723,23.56062136094319,969.255663722022
          120.60610031825524,23.56059606936101,971.5104253502733
          120.60610689214018,23.560576494330057,972.2963537713401
          120.60610973460723,23.56055878423664,972.4945225230629
          120.60611255872396,23.56053215953308,973.4863695876044
          120.60611224522076,23.56050195218602,974.9195105880448
          120.60610776710134,23.56047995338759,976.6227400352434
          120.60609841350987,23.56045384753161,977.7157093497602
          120.60608687670013,23.560429679131108,978.6261431664125
          120.6060742234287,23.560408675756477,979.1411623711576
          120.6060529812131,23.56037991093883,979.4233677594682
          120.60602528296526,23.560352806250886,979.4151325355919
          120.60599009487161,23.560329393274614,979.39191236642
          120.60595055397083,23.560316113341123,978.9691103663073
          120.60590258350668,23.56030871649653,978.7662494528342
          120.60585724635547,23.560306630633775,978.0047276601447
          120.60580946155139,23.560305709333363,978.0270011835643
          120.60576369982216,23.560304557713287,978.9815231879968
          120.60572988819278,23.560304913150944,980.2592853561354
          120.60570206633524,23.560306749486724,981.4513111145378
          120.60566686296347,23.560316205387036,982.8636192992367
          120.6056200669314,23.56032217828583,984.7334475984604
          120.60556529567083,23.560313416720078,986.1632442385874
          120.6055280111374,23.560291142403972,987.1155133413401
          120.60549062014124,23.560264554087993,989.1883631244035
          120.6054644425891,23.560241068146105,991.2351519704413
          120.60543263686603,23.560206272158954,992.6524661696511
          120.60540521158408,23.560174762474464,992.8034828912076
          120.60538357948728,23.56015046056737,991.1720706792888
          120.6053701520434,23.56013348910556,989.3828624399471
          120.60536171597757,23.560119749353795,988.2937261066701
          120.60535754898828,23.56010194097301,987.3418552857839
          120.60536115025079,23.560055351655254,985.9613921314505
          120.60537450921703,23.559998396260923,985.7519427764751
          120.60539339402582,23.559942334586864,986.1402636348735
          120.60541222790961,23.559890163373957,985.7668482685738
          120.60543449956792,23.559838941387724,985.1173678923456
          120.60545223871465,23.559786459861265,984.8771894365447
          120.6054640509083,23.559725810083407,984.4630263200678
          120.60547065498535,23.559666916719888,984.0536967027595
          120.60548005083635,23.559618476607366,983.6417102523858
          120.60549029306374,23.559573287120866,981.34231535637
          120.6054991025418,23.559519696846202,979.7471394322694
          120.60551249634707,23.55945248226011,979.257003261666
          120.60552346352408,23.559400592727958,982.3449201355443
          120.60553596423708,23.559364300045065,984.2174162721545
          120.60555283451123,23.55933943063505,985.7465080769415
          120.60557881780397,23.559313446412492,986.2431973397509
          120.60560016223839,23.55929773724831,987.5189879814475
          120.60559833871795,23.55925999821114,988.980135410143
          120.60556135787239,23.559183724964896,990.8545729488264
          120.60556523523455,23.559156126637298,992.4733887401395
          120.60559929049103,23.559184323917858,993.2449011495274
          120.60563069622062,23.55924528266222,993.9484648366231
          120.6056276553612,23.559285532197993,995.1337231055944
          120.60560609324344,23.55930405668627,995.6628295346289
          120.60559006662747,23.55931990972093,995.7912765961299
          120.60557993384049,23.559329063696836,995.2085404900341
          120.60559311023593,23.55931784430574,994.2483504515149
          120.60561366759114,23.55930187625241,994.3361234515661
          120.60564060359401,23.559281844013608,994.7259116172978
          120.60566213834265,23.55926600312247,995.2451438157697
          120.60567942283355,23.559253009831238,996.1799690638109
          120.60570052389525,23.559234083028713,996.6708945047578
          120.60572092147248,23.559214089612865,997.6553585108785
          120.60573610006365,23.5591960939608,998.2622731043573
          120.6057518398456,23.55917446592145,998.6395020544238
          120.60576853945382,23.559149893301147,999.1697830480651
          120.6057803356045,23.55913249413119,1000.1710517820987
          120.6057941416119,23.55911293723552,1000.6698715480255
          120.60580659482731,23.559095741051856,1002.0020915001402
          120.60581061485463,23.559078528245127,1002.9508566673975
          120.60581896901368,23.559061501266875,1004.1201764321892
          120.60582672545013,23.559049685214713,1005.3228114320805
          120.6058378444405,23.559033777280927,1006.8880528894796
          120.60584745120576,23.559019995009546,1008.5890594164109
          120.60585378485455,23.559010742599188,1010.8097092213106
          120.60586031534643,23.559001078378056,1011.762186046428
          120.60586604817013,23.558993173460426,1012.4633116925924
          120.60587943458575,23.558985201093158,1013.2936410564531
          120.60589027919268,23.558973336169142,1014.6240443332171
          120.60589931143076,23.55895886510491,1015.7768878690514
          120.60590875473154,23.55894250753764,1016.9424680632692
          120.60591760365506,23.55892747267372,1017.8593902076144
          120.60592709767195,23.55891092809461,1019.1356869563929
          120.60592988531482,23.558892535311735,1020.1437654070653
          120.60593497266598,23.558874488954075,1021.35229059801
          120.60594592012865,23.558847546093574,1022.128549842502
          120.60596020585648,23.558803010758982,1021.6926074568428
          120.60596595275854,23.558750808332206,1021.5901664984535
          120.60595432107344,23.55870485060025,1021.0990477861762
          120.6059200246109,23.558658291827204,1021.4726663220766
          120.60588824037781,23.55863149046204,1022.0508078736065
          120.60585928191536,23.558603870901198,1023.092816672576
          120.60582934885937,23.55858131739064,1023.9384005328077
          120.6057868689959,23.55855733773687,1024.186693891002
          120.60574975587676,23.558538939716296,1024.9458254479682
          120.60570775178594,23.5585193174668,1025.116575939262
          120.60566285027562,23.558500032379985,1026.3947944450617
          120.60561100055048,23.558479347736117,1026.664905764784
          120.60556467530165,23.558463056870355,1026.5855473374836
          120.60552987575953,23.558451952268094,1026.2375594109508
          120.60548936526416,23.558441781217798,1026.4631823090754
          120.60544000385181,23.558432177008452,1026.4242274760738
          120.60539815890242,23.55842664266781,1026.550409409677
          120.60537262122628,23.558428516964263,1026.6666148506054
          120.60537036774029,23.55842989469011,1026.4414121256061
          120.6053765212985,23.558429886688394,1027.2052583220523
          120.60536617304861,23.558414756402467,1028.2099420487855
          120.60535659247758,23.558407395490462,1029.1080484645593
          120.60532206720642,23.558393976339186,1029.2955568378482
          120.60528521354489,23.558388753824556,1029.9877033806295
          120.60526398517749,23.558384012150917,1030.74392807844
          120.60522737326613,23.55837142668309,1030.8265657335423
          120.60518505908645,23.55835605420102,1031.9408575827924
          120.60514461183982,23.558341402908955,1034.244296800395
          120.60509986855875,23.558325489458685,1036.736244523028
          120.60505275922472,23.558306310163438,1037.7491606821848
          120.60501471002277,23.558286250809154,1037.3423173486035
          120.60497350983724,23.558267858830735,1037.0949928142813
          120.60494477402631,23.558251878753836,1036.7743079929635
          120.6049004593765,23.558234953693415,1036.903690144366
          120.60485702789794,23.55821202494281,1038.5230174081155
          120.60482038632622,23.55818307919368,1039.1421354596578
          120.60478074182646,23.55815443574253,1039.0154867977776
          120.60474217884234,23.55812008413402,1038.536099367654
          120.60470480242509,23.558081892113762,1038.43033156207
          120.6046731631104,23.558044224178133,1037.7005041550751
          120.60465086462578,23.55800773935297,1036.6457563487204
          120.60463133671634,23.557976215309147,1035.80908617126
          120.60461341234574,23.5579634314648,1035.3284425670531
          120.60458744013066,23.557932578272993,1034.741739452526
          120.60455556606678,23.557889366207966,1033.7525219975737
          120.60452890607293,23.557850180810252,1033.7073839238742
          120.6045015169699,23.557812656580232,1034.5031635042353
          120.60447773020526,23.557778555172163,1033.9334735169539
          120.6044635740876,23.557759457405762,1033.7535674539774
          120.60444585770375,23.557738223023595,1033.5745260623275
          120.60442340591163,23.557713360994835,1033.8922928185598
          120.60439615767825,23.55768194863859,1034.2611516771294
          120.60437089441108,23.55764732607502,1034.6422811681662
          120.60434323195315,23.55761692873927,1035.1369144259018
          120.60430888608104,23.55758717926334,1035.8719678329564
          120.60427081825236,23.557561315179285,1036.1092636406229
          120.60423360453963,23.557541447497513,1037.30049420112
          120.60420317239323,23.557526629076325,1039.7951052972194
          120.60418848182869,23.557520481187684,1040.0158902730227
          120.60418504919166,23.557519384645467,1040.1356261936892
          120.60417263632007,23.557514364126195,1040.2858537653851
          120.60414992257222,23.557504898651775,1041.5073743069024
          120.604123992292,23.557494051260832,1043.0143199756988
          120.60409420720882,23.557482552575173,1044.396607647384
          120.60406236435898,23.55747093176987,1045.233090904195
          120.60402935732306,23.557458996190746,1046.0061854597498
          120.60399739516632,23.55744747801552,1047.6213558298243
          120.60396621471139,23.55743627095813,1049.0582267679192
          120.6039354569656,23.557424748913984,1049.2443788077308
          120.60390489571407,23.557412014539107,1049.1328743359072
          120.60387161989492,23.55739634132624,1049.9518114528137
          120.60384453863794,23.55738173870444,1051.8032762461373
          120.6038151059955,23.557363412916228,1053.0041251135597
          120.60378701358383,23.55734016678197,1053.409473825386
          120.60375716547067,23.557318569867775,1054.5376970174893
          120.60373458026476,23.5572876122954,1055.6170655156523
          120.60372204541788,23.557257891002042,1056.2449170094465
          120.60371459995922,23.557231727915067,1056.2354954995028
          120.60370745075667,23.557198016543794,1055.088987316654
          120.60370198494472,23.557154183253946,1054.1339882122843
          120.60370086459639,23.557109887555878,1054.3044567680704
          120.6037024981996,23.557068037381402,1054.3098509264785
          120.60370786734894,23.55701733450475,1055.268068957853
          120.60371734484,23.55695969677693,1056.4066114520174
          120.60372722773435,23.55691169861838,1057.5878949229038
          120.60373867414785,23.556863406272942,1058.9477846577236
          120.60375166827265,23.556818612208136,1060.1757322018404
          120.6037646724224,23.556776530720587,1060.991727463141
          120.60377646789627,23.55673882461507,1061.5582976992987
          120.60378613425704,23.556708645550245,1062.0395167370775
          120.60379775671623,23.556677729075293,1062.3169087017911
          120.6038116214493,23.556644078692894,1062.992239755434
          120.60382095687756,23.55662597426814,1063.6031420575007
          120.60383210513513,23.556608815587776,1064.96511596402
          120.60384343937469,23.556595620169286,1066.3385547412945
          120.60385329244552,23.556579228628728,1067.625696978353
          120.60386094449952,23.556560769817,1068.8912368302256
          120.60387008900332,23.556544566413322,1070.4706956789817
          120.60387867141336,23.556529261266505,1072.1128720554675
          120.60388773431733,23.55651255201178,1073.8139045304633
          120.60389578926336,23.556497778878526,1075.4338155613939
          120.60390403513077,23.55648417204059,1076.6822445394212
          120.6039118550822,23.5564717269595,1078.1536404622716
          120.60392129425377,23.556456667999726,1079.5623605965184
          120.60393252318934,23.55643876279708,1080.2494113454607
          120.60394950820825,23.5564116580696,1080.6143051481836
          120.60396848065619,23.556382147619278,1081.1881950891207
          120.60398613489765,23.556356023652857,1082.0794372561109
          120.60400233743543,23.556332476969263,1082.982738763991
          120.60402092789522,23.556305784219468,1084.1864538569885
          120.60402836521394,23.55629551647285,1084.8047904589357
          120.60404294212421,23.556276276669106,1085.2481803350431
          120.60405945906349,23.556254535382507,1086.31489227717
          120.60406320883449,23.556237265135806,1087.6507958293207
          120.60407221162528,23.556222088366017,1089.805049616756
          120.6040899279608,23.556200520830448,1092.3662611425666
          120.60410662608815,23.556180850836466,1093.4029986218065
          120.60411175478245,23.556174925444054,1094.0888471513492
          120.6041060738545,23.55618191127482,1093.9349861107914
          120.60409400236456,23.556179567421914,1093.7689521796642
          120.60409948146204,23.556184089574984,1093.9222284606597
          120.60409945924594,23.556189890326262,1094.248510357113
          120.60409414987262,23.556197372679765,1094.4957504935028
          120.6040908654303,23.556200902643916,1094.6087417677145
          120.60408962998237,23.556202012280586,1095.4203919436309
          120.60408927829495,23.556202329341087,1095.7216633867345
          120.60409200052045,23.556199014512874,1095.2948375724472
          120.60409409991097,23.55619647341162,1095.263645690784
          120.60409649165749,23.55619356011381,1094.9861948329558
          120.60410031966907,23.556188882101125,1094.664250949201
          120.60410105954877,23.556187976462795,1094.8807936146482
          120.60410219455072,23.55618658848435,1094.917065992239
          120.60410236322763,23.55618638216478,1094.9251006228124
          120.6040943096274,23.55618090329592,1094.92211075233
          120.60409147155976,23.556176130434956,1095.2603142982355
          120.60409806436188,23.556176207038458,1095.310717639417
          120.60410522517847,23.55618055412751,1094.9237354691338
          120.60410035472168,23.55618089389127,1095.136403607121
          120.60409752566399,23.55618086012559,1095.1931615282137
          120.60410622894986,23.556178742716472,1095.2801244808736
          120.60410995915822,23.556177558430385,1095.1884592440606
          120.60410823789836,23.55617991189214,1095.5779243194384
          120.60410215798665,23.556181419091118,1096.0487924291972
          120.60410305592015,23.556183677285432,1096.1663674520698
          120.60410338155941,23.556185085956432,1096.8949480465346
          120.6041027478277,23.556186197777514,1097.241822271761
          120.60410239280125,23.55618649296467,1097.610492092287
          120.6041006769083,23.556188466675984,1097.836898226403
          120.60409981305517,23.556189485914818,1097.9936733712314
          120.60409977982907,23.55618952946721,1097.8763487157528
          120.60410140772433,23.556187547354774,1097.3957806924839
          120.60410382604081,23.55618459479191,1097.1197432719846
          120.6040912564856,23.556172586629284,1096.7651268869265
          120.60408509782974,23.55616675753692,1096.6468645466055
          120.60408313131771,23.556163068271747,1096.603796919216
          120.6041016634297,23.556164438084743,1096.2092905938514
          120.60411828639114,23.5561650757536,1095.5250955041467
          120.60412149933312,23.5561659143668,1095.0274751403008
          120.60412026332898,23.556166223017026,1094.9804064640448
          120.60413621471524,23.556146812678833,1094.5967828630519
          120.60416994883089,23.556118167551237,1093.3069975859423
          120.60421233463698,23.556089398426312,1092.7406668337846
          120.60425647354111,23.55606228246255,1093.2875629904315
          120.6042985735699,23.556038994349265,1094.1990181504304
          120.60434339125406,23.556013985267576,1095.5695484137962
          120.60438578686707,23.55599173468356,1096.9844778409868
          120.60442451893489,23.555966383228544,1097.031519022999
          120.60446598551253,23.55592941677911,1097.2275339458713
          120.60450181955581,23.555891307844078,1097.2149254773346
          120.6045337374395,23.55585711804172,1097.5994094978573
          120.60457095087223,23.555815815725413,1098.21986803158
          120.60460516409674,23.55577546871189,1098.860516902631
          120.60463700318941,23.555736876058024,1099.1626020909955
          120.60466554473793,23.5557013793335,1100.1948598294264
          120.60469748504265,23.555669168983712,1100.2910790572969
          120.60472412764572,23.555641512860483,1100.4455029039334
          120.60474367337925,23.55560820466514,1100.1785509509675
          120.60476644941322,23.55557469457465,1099.7487902689065
          120.60479125996767,23.555541001113745,1099.0237558551134
          120.6048189859418,23.555504398978837,1099.016572465508
          120.60484399602593,23.55547204252285,1100.116849094994
          120.60486875109203,23.555440118874106,1100.7710519650307
          120.60488962312759,23.555413153477918,1100.9430100761656
          120.604907753627,23.555389973270035,1101.513294578534
          120.60492637420151,23.55536666500312,1102.1772468736503
          120.60494522271405,23.555343193373137,1103.0002584389365
          120.60496004267434,23.555324633398627,1103.9572331327904
          120.60497628541393,23.555304184055572,1104.9463783559438
          120.60499369761888,23.555282243873652,1105.9709705533078
          120.6050025727755,23.55527106067739,1106.1604488117537
          120.60500864743003,23.555263410419208,1106.414228794391
          120.60502013997852,23.555248940094852,1107.312077882391
          120.60503007846383,23.555236602935658,1108.033909828271
          120.60503935248387,23.55522560205059,1108.798672090627
          120.60504769761562,23.55521585446081,1109.9843635750487
          120.6050572320136,23.555204696662813,1110.8423599176247
          120.60507056391391,23.555199228526757,1111.517718364694
          120.60508155934728,23.555188171872228,1111.8114391677332
          120.60508909721582,23.55517758669284,1112.2671490004318
          120.60509990914504,23.55516750711905,1113.4443490575193
          120.6051083431043,23.555156285946268,1114.4081810301284
          120.60511751906732,23.555145509557427,1115.2075888265774
          120.60512911481877,23.55513687987866,1115.9733661018329
          120.60513293143846,23.555125547166146,1116.8678364894383
          120.60514059973679,23.55511486040145,1118.0884343178468
          120.60515176619364,23.555103295807818,1119.297240309627
          120.60516392444133,23.555091294819505,1119.857027495855
          120.60517625372006,23.555078948329644,1120.6432139659798
          120.60518853330608,23.555067038626298,1121.8955291482475
          120.60520026323039,23.555055949577355,1123.586928844654
          120.60521386703103,23.555043151538342,1125.4932981811648
          120.6052263899952,23.555031353239897,1126.6791479136048
          120.6052386396174,23.555019792957765,1128.203791448096
          120.60525784957392,23.555001655379215,1129.978522758689
          120.60527659581857,23.554983955901665,1131.411663078233
          120.6052974728297,23.554964246029343,1132.2603732580953
          120.60532060124109,23.554942043806435,1133.032623141559
          120.60533675520091,23.554926080022618,1133.2874223689846
          120.60535433003697,23.554908650671216,1133.6953490253711
          120.60537524162204,23.55488684232179,1134.6843002946
          120.60539645559008,23.554863982779615,1135.5512723599536
          120.60541657578955,23.554840816994556,1136.5089407067974
          120.60543583427452,23.554816150591638,1137.3222055327624
          120.60545380604971,23.554791385966126,1137.9539326362085
          120.60547060957006,23.55476655421447,1138.0892596906417
          120.60548866700232,23.55475013284378,1137.6642389788803
          120.60550657135519,23.554723881724254,1137.8248768491658
          120.60552418176465,23.554684552357212,1138.7753070566846
          120.60553194971146,23.554659272351167,1140.2416750456568
          120.60553386425958,23.55464787851239,1141.211936469831
          120.60553818405576,23.55462226436872,1141.8126887646608
          120.60554122377826,23.554600760335465,1141.7943946194996
          120.60554257844633,23.554575370713884,1141.5956318838091
          120.60554325490588,23.554534445275397,1140.7577287170338
          120.605541465764,23.554493328759342,1140.1007856326692
          120.60553795938826,23.554452125169327,1139.186483618122
          120.60553393259706,23.554416395021335,1138.0279563251825
          120.60552908193425,23.554374592794122,1136.8120703394372
          120.60552462373256,23.554334462404874,1135.893736275805
          120.60551949293973,23.554296893694268,1134.679446200716
          120.60551202540795,23.554264299951434,1133.7704243644373
          120.60550715735867,23.55422353702937,1132.5877145079792
          120.6055087056695,23.554179283124636,1131.484669698062
          120.60551393624543,23.554133933949718,1130.9880861829945
          120.60552256095997,23.554099748130046,1130.6564823091533
          120.60552869513624,23.55408198243758,1131.1402077559455
          120.60553518484392,23.554066040018512,1132.0486179145826
          120.60554778401502,23.554042283799923,1132.3756412793016
          120.60556203164494,23.554025845883658,1133.4884954352012
          120.60557670272742,23.554013183911515,1134.7675565079228
          120.60558873851475,23.55399952615114,1135.9345614598474
          120.60560292366841,23.55398165544146,1136.2545928632983
          120.60562681475214,23.55395536744422,1136.6628318198218
          120.60564547826078,23.55393692677384,1138.2284718115757
          120.60566062275193,23.553922765829526,1139.2251646004026
          120.60567734234081,23.55390815982085,1139.9041025829595
          120.60569428558733,23.55389362702084,1140.4738372721204
          120.60571571545917,23.553875170040822,1141.4378319385823
          120.60573079745241,23.553861646321433,1142.4047142591262
          120.60574279624231,23.55384881903469,1144.1226208105552
          120.60575751960799,23.553840540748855,1145.0499050148326
          120.60576782377012,23.553833862259463,1145.7370919726661
          120.60578276916145,23.553822965064033,1146.7458400900734
          120.60579919256186,23.553811027611125,1148.0130498898998
          120.60581260703042,23.553801356695995,1149.4116602841732
          120.60582027823006,23.553795864838246,1150.6891126227313
          120.60583403668376,23.553786056949985,1152.152162515593
          120.60584929564469,23.55377550331343,1153.538457897398
          120.6058660333951,23.553764298894805,1154.3852182959301
          120.60588183863953,23.553753901412968,1155.2101855338115
          120.60589609477411,23.553744549097726,1156.3943387754591
          120.6059088344121,23.553736175728393,1157.6482434365719
          120.60592255129839,23.553727145174165,1158.7863869420364
          120.60593691206113,23.553717687301827,1159.2256076492592
          120.60595977975612,23.553702628571802,1159.4864512648464
          120.605984265625,23.553686493435997,1161.2827722682705
          120.60600373618063,23.5536652009893,1162.5428163987608
          120.60603224204763,23.553644493627438,1163.0740042749221
          120.60606762331145,23.55362130862807,1163.7202814501577
          120.60610285599364,23.553598214430124,1162.5186506148548
          120.60614315045447,23.553569673036655,1161.542748506706
          120.60617925299132,23.553541171142147,1162.0672202634366
          120.60620514445333,23.553517864539742,1163.284441752511
          120.60622030348382,23.553503477970786,1164.2508768574219
          120.60623437218224,23.55348860277509,1165.5290295419104
          120.60624472260575,23.55347691536152,1166.8487695824253
          120.60625360818648,23.553466065842322,1167.6429501358102
          120.60626125916811,23.553456108925374,1168.2198211057942
          120.60626927941857,23.553445572048595,1168.8495291784707
          120.60627593135432,23.55343687833915,1169.0266342757413
          120.60628289487036,23.55342787474081,1169.7488594789993
          120.60628841754011,23.553420761748164,1171.5938250175343
          120.60629224646291,23.553415832835622,1173.4532131085466
          120.60629910150985,23.553406996858033,1175.1223596810337
          120.60631107306787,23.553391965214956,1177.7710585458615
          120.60632065408782,23.553380156212192,1179.9256055945887
          120.60633777582107,23.553368128597196,1181.3547954294856
          120.60634131429293,23.55336629510698,1180.7314895169181
          120.60634305007171,23.553365557869654,1179.8211906734043
          120.60634194212815,23.55336638211488,1179.5202612669568
          120.60634743989412,23.553362826886488,1179.1833213838615
          120.60635942279897,23.553358655517542,1180.1879592976065
          120.6063738697978,23.553353572672467,1180.9832838832485
          120.60638106941447,23.55335099691228,1181.7504473671709
          120.60639234530086,23.553346829707785,1182.0726456604561
          120.60639550613689,23.55334564815568,1181.8367051902005
          120.60640034317268,23.553341751857207,1181.287534413475
          120.6063967197759,23.553344445041393,1181.2608646136498
          120.60639251932423,23.5533456597985,1181.7137664011188
          120.6063897302538,23.553352527278076,1182.0725242795809
          120.60638529673439,23.553355852094818,1183.0520901408593
          120.60638446138204,23.55335421796857,1183.503527825544
          120.60638452046297,23.553350779733314,1183.9256787689926
          120.60638454468379,23.553345250608366,1184.2496759848293
          120.60639528512205,23.553354444177142,1183.6566732887181
          120.60642887767663,23.55336353343735,1182.1942853315068
          120.60647049918099,23.55337120690021,1180.7048156051167
          120.6065114007407,23.553384246372797,1179.174577116444
          120.6065444612178,23.553393827542386,1178.398943919374
          120.60658735827299,23.553405027118934,1177.6487319695061
          120.60663402558126,23.55341992217898,1176.0227835483904
          120.60667422937549,23.55343708785161,1175.180540033835
          120.60667302030386,23.553426186631604,1175.523240360231
          120.60664698464016,23.553407957359124,1174.6180124880225
          120.60664064106615,23.553362508114464,1174.6869759853246
          120.60666219474963,23.553302686000894,1175.3295013717222
          120.60666774295551,23.553286871785538,1175.7957038081252
          120.6066695306899,23.553285104760043,1175.6691074467565
          120.6066691025547,23.553282227948724,1175.7292001675855
          120.60667235392555,23.553281254674395,1175.503014234802
          120.60666758316296,23.553278084095393,1174.6796092155028
          120.60666510500289,23.55327125565403,1174.6240021096962
          120.60665919388833,23.553268487366093,1174.9086728850357
          120.60665823708122,23.553263718397147,1175.099749037815
          120.60665677403954,23.55326367928233,1175.2672625537937
          120.60666035878138,23.553264956850235,1175.4484927617102
          120.60665732521281,23.553266658383144,1175.4489032488568
          120.6066601488264,23.5532645236345,1175.3952998546426
          120.60668779636144,23.553266187933193,1175.0912613650123
          120.60670420428791,23.55326255693696,1175.2885244219403
          120.60670646570595,23.553260359981874,1175.7432424462963
          120.6067009749612,23.553236925071218,1175.445368100099
          120.60669473924457,23.55320698446565,1174.9684388242438
          120.60666336303123,23.553180712073587,1174.4832153754915
          120.6066509318968,23.553146758000423,1174.2738565116817
          120.60665016260604,23.553138289614907,1173.714444798372
          120.60665326713551,23.553142610323228,1173.4272608125755
          120.60665420962593,23.55314471580458,1173.902969842765
          120.60664830263194,23.55313126552811,1174.1257299532133
          120.60664440813541,23.553122172605264,1173.7547213279292
          120.60663902781516,23.55310896339296,1173.233922067815
          120.60663479991265,23.553098439059806,1171.9835461889186
          120.60662735312589,23.553079924597764,1171.1392789878103
          120.60658992448803,23.55306198548633,1170.47769929923
          120.60653280273965,23.553048640937174,1169.7623212112574
          120.60648182443907,23.553034308723518,1169.016429704461
          120.6064352147664,23.55301746215428,1168.0767986704852
          120.60638669031162,23.552996388355858,1168.1997095312836
          120.60634510468252,23.552974432224087,1168.3689700278599
          120.6063063805548,23.5529508592266,1167.9481950283844
          120.606272167069,23.552924894704315,1167.1077195536382
          120.606242587457,23.55289645632541,1166.6255615318819
          120.60623769469052,23.552890709069615,1165.5370821193712
          120.60623611044892,23.552888257723115,1165.2271473997216
          120.60621687268574,23.55286515732697,1165.361968080057
          120.60619835615289,23.55283977349074,1164.7105169681731
          120.6061836928949,23.552815906434912,1163.774809078762
          120.60616927055425,23.552788777436728,1162.8476856562284
          120.60615314117048,23.552755358612732,1161.9347239759918
          120.60613922698906,23.552726165709718,1159.8055268213816
          120.6061306820964,23.5526894120863,1158.2210171114743
          120.60612127087606,23.55265779429537,1156.9933653458907
          120.60610932718274,23.5526236952022,1155.8076669018985
          120.60609634055356,23.55258821772161,1155.4514564825276
          120.60608698249114,23.552562797137277,1155.9463523312781
          120.60607734692778,23.55253366394184,1155.714917968353
          120.60606196632413,23.55248737892607,1154.4857744723663
          120.60604444376656,23.55243373780072,1153.1160646330914
          120.60602643032752,23.55237704258721,1152.924101112814
          120.60600557861666,23.552336508550162,1154.1071784871583
          120.60599114322739,23.552296908186307,1156.320021789343
          120.60598447691723,23.552251898201085,1156.6236444494284
          120.60597181315286,23.55220477810832,1156.332598636095
          120.60595503048438,23.55215633433111,1156.5188789559986
          120.60593804132331,23.552110206308438,1156.2806034943133
          120.60591611082154,23.552076501681384,1158.475955055921
          120.60589012367618,23.552032290531855,1160.9816361833152
          120.60586714246362,23.55199633721912,1161.7955965492883
          120.60583437523002,23.55196380189692,1162.3730557702681
          120.60580693869532,23.551949006948202,1161.3138132464683
          120.60580434143174,23.551948288686106,1161.0654539853124
          120.60580120062586,23.55195050884428,1161.3828253970394
          120.60580133821588,23.551951775101717,1160.9020164732983
          120.60580343431903,23.55195198938036,1160.859936380508
          120.60578743200136,23.551952701030846,1160.6492486349894
          120.60576895500223,23.551952928657716,1160.8492178277036
          120.60576543799243,23.551947982853093,1161.0157635033493
          120.60576192817334,23.551950720686868,1161.1589429448502
          120.60575754280092,23.551950020772367,1161.490914115803
          120.60575013300426,23.551949954310015,1161.5815330494813
          120.60575366800803,23.551951168407435,1161.9193625044354
          120.60575534354433,23.551951535550558,1162.2837142349156
          120.60575006563097,23.551948294758905,1162.3463885701556
          120.60574587402984,23.551948181807397,1162.0876287356825
          120.60574655776433,23.551949069377688,1161.9527845333869
          120.6057547011273,23.551951192154007,1161.1612425586306
          120.60574054537744,23.551946563295115,1159.738331197939
          120.60573492068401,23.551944776735265,1158.8739348721367
          120.6057101961497,23.551941235876356,1157.962071459694
          120.60568783119125,23.551930539641013,1157.9299836946998
          120.60566200257924,23.551913525772232,1156.9700055766423
          120.60563003590035,23.55189358709456,1155.702466081886
          120.60559205510432,23.55187190671684,1154.7781808680818
          120.60556123274364,23.55185479503235,1153.9127025105963
          120.60552960884462,23.551837365749797,1152.204651606353
          120.60550192302294,23.551821115756262,1149.9584244448047
          120.6054830722336,23.55180187362785,1147.4724726210513
          120.60545087536279,23.55177810058149,1145.9616014375165
          120.60541559595791,23.55175533671433,1145.558062998508
          120.60538522415273,23.551735267777257,1145.0893703418012
          120.60536007854842,23.55172603574827,1144.702360619219
          120.60533782700297,23.551712122041693,1144.5894914986013
          120.60530857718655,23.55168865135863,1143.5220254187968
          120.60526617533357,23.55164980290961,1143.2440711365625
          120.60523786169118,23.55162263479721,1143.5539923520214
          120.60522287590078,23.551606831816486,1144.4913105846927
          120.60521515903577,23.55159792861286,1144.5002137188137
          120.6051919548503,23.551571977988427,1144.0339209331512
          120.60516860862705,23.551544231514708,1144.7942185972856
          120.60514176274005,23.551510032085858,1146.050566354217
          120.60511291954316,23.551469904870945,1146.6510849071515
          120.6050927899643,23.551425287445102,1147.0194170153927
          120.6050689025172,23.55139515526765,1145.8238339328327
          120.60505376336504,23.551362706438677,1143.3565904634195
          120.60503806193108,23.551330433952597,1141.2249454867997
          120.6050168844077,23.55128825109665,1140.276941156914
          120.60499773717267,23.55125190843237,1140.206961941748
          120.60497694882622,23.551212638654043,1140.9874090992205
          120.60495882754094,23.55117763228932,1140.42254943458
          120.60493926217359,23.551139487725855,1139.0952114036913
          120.60491882353169,23.55109889338195,1139.6218241941108
          120.60489966126421,23.55105912640713,1140.5155752428993
          120.60487909183328,23.551017124512242,1140.8194738177942
          120.60487237436168,23.551003508811228,1141.2344555385362
          120.60486439834582,23.550987458456273,1140.8560909169805
          120.6048498137655,23.55095804686985,1140.335347049934
          120.60483089588377,23.55091979695587,1140.1641680611565
          120.60480570194488,23.550868588638934,1139.750292794074
          120.60478463543708,23.550825713474744,1138.7347105533229
          120.60476111414422,23.550792235299365,1138.3688457833325
          120.60473695142888,23.550753411186413,1137.6800952718884
          120.60471093554575,23.550706171410592,1136.7306388762463
          120.60468403986752,23.550656168875882,1135.7053784334514
          120.60466066099377,23.55061420649909,1134.475558565416
          120.60464081656296,23.55057933048581,1132.736537091251
          120.60462250217641,23.55054716539312,1132.0431663497193
          120.60460622973862,23.550521036781703,1132.0096632251684
          120.60458835457959,23.550493490067325,1131.2277872094487
          120.60456210634558,23.550455845294298,1130.2701277719525
          120.60452766550716,23.55040895545112,1129.6368407842297
          120.60449428639615,23.550367355891773,1129.4407936759385
          120.6044539160589,23.5503242703377,1129.626967988106
          120.60441711341772,23.550287452775606,1129.8591376276797
          120.60438863821561,23.550261229309456,1129.5602422150632
          120.60435998403159,23.550237408187304,1128.5066374520252
          120.60431741029278,23.55020323138844,1127.9918233451128
          120.60427428622566,23.550170586375025,1128.084880296638
          120.60423065607092,23.550136184705035,1128.4726805190292
          120.60418697739672,23.550110721626986,1128.3637241667752
          120.60415102620232,23.55009017292213,1126.848067925719
          120.60411889087939,23.550071021546326,1125.1870850579364
          120.60409693335203,23.55005759626541,1124.1719601214652
          120.60408082241335,23.550047661769682,1123.3024649808488
          120.60406620476073,23.550038681924953,1122.3264299629982
          120.60403938020654,23.550022379041234,1120.808335560219
          120.60401736102162,23.550009042878894,1119.315099384348
          120.60398982772169,23.549992314777974,1117.4419352541584
          120.60396621791558,23.549978072204198,1116.2392510524014
          120.60393936752278,23.54996078176673,1115.4057986013836
          120.60391219045944,23.549942885925223,1114.5473144687785
          120.60388187547956,23.549921717878618,1113.3314130230985
          120.60386120012733,23.54989882770175,1112.2590015621201
          120.60384194952145,23.549882175348586,1111.359488518554
          120.60381991443779,23.54986633788327,1110.9826036454076
          120.60384255745619,23.549862354926738,1110.7620509635071
          120.60385325407177,23.549863047496398,1110.6406043449633
          120.60385238378619,23.54986753982487,1109.9851614315203
          120.60384921821944,23.549871002088793,1109.8915360021854
          120.60384494291253,23.549876166650552,1109.9752490989185
          120.6038446453583,23.54987626400437,1110.0289647506372
          120.6038471037308,23.549872677283467,1110.6592646609117
          120.6038576546,23.549857259302343,1110.7748468518998
          120.60387018162436,23.549838902856,1110.8258004282302
          120.60388606299529,23.549815597289715,1110.1514278388165
          120.60389666844343,23.54978566334174,1109.48810481754
          120.6039432754382,23.549775385023526,1109.6529473329667
          120.60397532348354,23.549763376634907,1109.4449155948012
          120.6039994055995,23.549748531405587,1108.295038130545
          120.60401874635679,23.549734625529712,1106.5389155171679
          120.60403135893714,23.549725538998807,1105.6117047568305
          120.60405512143296,23.549711191214605,1103.303278848612
          120.60407972875541,23.54969706252618,1101.7068169955917
          120.6041147440098,23.549676987486773,1100.574834263199
          120.60416385200442,23.54965737059937,1100.8732724220222
          120.60421848015311,23.549629290779215,1100.8346281604022
          120.60427306683938,23.549596357624864,1101.7216735518678
          120.60431159404142,23.549565642378678,1101.991496248856
          120.60433427394563,23.549549242640875,1100.599870040618
          120.60436106024028,23.549532905935962,1098.5576417703744
          120.60440314957782,23.549508016143097,1097.715402577854
          120.60443788740238,23.549482016133968,1097.6923101389584
          120.60446669951926,23.549458148376303,1097.2237629086285
          120.60448794281183,23.54943956919624,1096.2321304079176
          120.60450518161323,23.549424176567097,1094.757374048592
          120.60452116901115,23.549408408971267,1093.3359933658273
          120.60453953489127,23.54938862493539,1091.9343706358086
          120.60455727903398,23.549368969554486,1089.4885683989119
          120.60457810453751,23.54934563513168,1087.4349324814996
          120.60459903998127,23.549322198859024,1086.1866628917596
          120.60461822946648,23.549300759378454,1084.1565690778843
          120.60463633268482,23.549279340970408,1081.911974646753
          120.60465772855248,23.549253247504172,1079.463069499027
          120.60468545950191,23.549218159305063,1077.6489148292678
          120.60471179827562,23.549182415645692,1077.3115222599897
          120.60472566635444,23.549163121437186,1078.4206825980345
          120.60474483536878,23.54913602581803,1078.8665341401577
          120.6047578095794,23.54911749482119,1078.354500484763
          120.60477422955502,23.54909402309636,1077.9178859631954
          120.60479415669938,23.549065339477508,1077.2130046060843
          120.60476655803461,23.549010336482613,1076.4437346692757
          120.60474143329111,23.548957048723345,1075.910893708962
          120.60476046977341,23.548924338101205,1074.5049761377536
          120.60478047695335,23.548895412779117,1073.2026723315153
          120.60479686205169,23.548874966627107,1071.8956038258634
          120.60484715577607,23.548872925793873,1070.3431186025337
          120.60490860521946,23.548867743222964,1069.6419697879192
          120.60493535847242,23.548845744379914,1068.0094149599843
          120.60494756351943,23.54881951782544,1066.626831229861
          120.60496090596706,23.548789149191798,1065.7291716511554
          120.60497292308604,23.548764279281734,1064.9121624866368
          120.60498603071554,23.548741413143635,1063.9565725410434
          120.60499808855049,23.548717598940016,1063.6098538019896
          120.60501002760628,23.54869446981789,1062.2922079402297
          120.60501714172523,23.54868085697024,1060.5782382443074
          120.60502188203381,23.548671828673317,1060.5667667507091
          120.60502570435065,23.548664045350822,1062.0676724653933
          120.60502851590007,23.548658112088983,1062.6594102485822
          120.60502602135965,23.54866320248218,1062.4835425279355
          120.60503045560772,23.548654004974736,1061.6964261885078
          120.6050410988363,23.548631973810583,1061.919245697613
          120.60505126800848,23.54861092480225,1061.060763051614
          120.60506586286253,23.548591704765276,1060.1270599700933
          120.60508341468437,23.548565712374167,1058.963285199154
          120.60509695108684,23.548539947002464,1057.4210854882378
          120.60511078241471,23.54851068943899,1055.4730289731165
          120.60512428793467,23.548479419250526,1055.0908425455386
          120.60513563538494,23.548452845134314,1055.1821779833267
          120.60513991978893,23.548442445670783,1055.961357789597
          120.60514707332706,23.548424855910792,1056.2270383666253
          120.60515815626464,23.548397761900475,1054.9258478451418
          120.60516884272197,23.548362230684837,1052.9908406635072
          120.60517586885304,23.548327478650123,1051.369373822198
          120.60518228075952,23.548304956102776,1048.650622003857
          120.60518856355573,23.54828752782187,1046.988414690237
          120.60519382772546,23.548273367696883,1045.1551744642786
          120.60519974642685,23.54825543827435,1043.14326550796
          120.60520814112965,23.54822864544677,1040.9214778674686
          120.60521540756866,23.548205326166396,1039.812083613178
          120.6052186221427,23.548195013268316,1038.7826485632368
          120.60522529488446,23.548170741335383,1037.6895123408847
          120.6052348819638,23.5481306559631,1036.3924015386897
          120.60524530442981,23.5480725002137,1036.61329769027
          120.6052508672898,23.548030220810237,1036.0709656355978
          120.60525254537232,23.54799831188118,1036.466614658427
          120.60525011444781,23.547963946249034,1036.1367863433193
          120.60524205517298,23.547922757760283,1034.6359050556716
          120.60522953072488,23.54788410771618,1033.1301761704178
          120.6052117763527,23.54784283511559,1031.8552496261427
          120.6051874279862,23.547793830591846,1031.470459348997
          120.6051651756958,23.547751004208784,1031.7673174047804
          120.60515036453235,23.547722921312076,1031.5889311294104
          120.60513036754593,23.54768180033411,1031.0820493348162
          120.60510895611223,23.547627338643068,1030.9269079134367
          120.60509760826866,23.547588228076293,1030.529458536636
          120.60509437088,23.547568119088808,1030.2577565178046
          120.60509398142717,23.54756063423072,1030.0734063793523
          120.60509288569288,23.547550005422632,1030.354482540802
          120.60509253514604,23.547547705446668,1031.0884362346887
          120.60508574722586,23.547549218379775,1031.360345179141
          120.60508218966463,23.547551211106917,1030.59506986709
          120.60508943517752,23.547536411167734,1029.9773404799296
          120.60509179782578,23.547511729524953,1029.7630800037039
          120.60509109718168,23.5474818504612,1028.9357009721095
          120.60509073557499,23.547445725239278,1028.6561345835803
          120.60509125269445,23.547419018866872,1028.1287059319902
          120.60509193867797,23.547400920769537,1026.158126101921
          120.60509366345582,23.547370746551245,1024.2754029677515
          120.60509640174803,23.54734002995441,1022.3951843876397
          120.60510004605018,23.547310640392215,1021.0701947306904
          120.60510463243922,23.54727527511044,1020.1013233520358
          120.60510793812831,23.547248426376573,1019.034849008515
          120.60511267155616,23.547217628086763,1017.3002888798497
          120.60511770541623,23.54718657711074,1015.772360164736
          120.60512316898838,23.54715281469672,1014.3538886435257
          120.60513559867229,23.547121037898236,1012.6676320634546
          120.60514369554039,23.547089206771307,1011.3907809695528
          120.60514724876458,23.54706750611549,1010.5726922247504
          120.60515079153468,23.54704159788614,1009.475514360352
          120.60515506935832,23.547012066841734,1008.0610992273814
          120.60515909415984,23.54698547292374,1006.820323521669
          120.60516439415782,23.546950975286514,1006.1530028297202
          120.6051687756899,23.546921025828304,1005.331692706432
          120.60517371197207,23.546880217614152,1004.7658921916625
          120.60517619571611,23.546832633628302,1004.4980568157064
          120.60518015927804,23.546788196483153,1004.5192678707865
          120.60518022244443,23.546761174415096,1004.3412031088036
          120.60518425748907,23.54672162524819,1004.1803641753784
          120.60518884922554,23.54668621154655,1003.3029031401612
          120.60519383629513,23.546646651100826,1002.2804878780347
          120.60519879493005,23.54660506176983,1001.8841479349136
          120.60520288938223,23.546569965004792,1001.2695022559192
          120.60520706185763,23.546538098983095,1000.0961219052667
          120.60521301258635,23.54649583338761,999.4722180838353
          120.60521882109076,23.546451751546233,999.261163451434
          120.60522345922604,23.546415794716154,998.3684940186748
          120.6052272862933,23.546387727041566,997.663766820928
          120.60523116111108,23.54636010042223,996.4912396915331
          120.60523477002015,23.54633440876191,994.5794852958018
          120.60523686626428,23.54631971076219,993.697898109649
          120.60523765449469,23.546314501722875,993.6905966715484
          120.60524084178157,23.546294061465108,992.8837663737712
          120.60524538412031,23.5462647448688,991.6058142372133
          120.60525391128463,23.54623953873039,990.3575539683463
          120.60526287557899,23.5462149218563,989.449634149052
          120.60526913545502,23.54618669156106,988.9633152131574
          120.60526889686537,23.546155615315403,987.9154677561329
          120.60526983094823,23.546126581021078,986.1103391039152
          120.60527379524967,23.546100308879176,984.320608869293
          120.60527888170975,23.54607424795918,982.9776934203302
          120.6052867395621,23.546050315709337,982.2483231543026
          120.60529739859545,23.546029291100552,980.4595830819338
          120.60530336473148,23.54601085691405,979.5097246283551
          120.60530892895257,23.545986083519537,978.6306588647466
          120.6053136643078,23.54596390880404,977.4589475278123
          120.6053196468811,23.545940100583557,976.5742033308101
          120.60532745209044,23.54591091230983,975.507262020218
          120.60533606407904,23.545878875042565,974.6243578849092
          120.60534905901726,23.545839003701122,973.5351771607131
          120.60536324641222,23.54579799769034,972.7812969480901
          120.60537552654198,23.545763855110525,972.0364927564896
          120.6053829517881,23.54574568812749,971.4106454302616
          120.60539083593916,23.54572863172587,970.9067807282307
          120.60539588092237,23.545716818252554,970.4789073733662
          120.60539813345346,23.545701706397434,970.4801327981255
          120.60539843754367,23.545690647026007,970.9534370168624
          120.60539962546915,23.545685678335158,970.3960723951715
          120.60540273403886,23.54567900735188,969.2350777104874
          120.60542298914446,23.545656644824923,970.0239060098327
          120.60544221823801,23.54562521277844,969.6383084636095
          120.6054590309984,23.54559786553551,968.5698139123035
          120.60547982541947,23.545572529822696,967.559167130591
          120.60551272303738,23.54554461673785,967.0288817228018
          120.6055203943767,23.545505485025927,966.287802822293
          120.60553028466767,23.545471646666556,965.6547894561788
          120.60554403606562,23.54544589029517,964.8001629179635
          120.60555652593509,23.545426698686153,964.0455788416333
          120.6055717377823,23.54540256535338,962.748766581389
          120.60558840838733,23.545375705393766,961.384193541233
          120.60560464124242,23.54534906357508,959.9820810551589
          120.60561938352622,23.54532239939523,958.4761451873353
          120.60562926746267,23.545294637203984,957.4591645472331
          120.60564236054972,23.545267196894432,957.043512296356
          120.60565816745802,23.545238976237165,956.8321343184487
          120.60567347238751,23.54521274868644,956.1147276296547
          120.60568617562193,23.545189555607767,955.086198807382
          120.6057000079237,23.54516263199015,953.7623246064237
          120.60571553504006,23.54512609024542,952.1448676834852
          120.605731023076,23.54507825108479,951.6589665837845
          120.60574261385678,23.545029610022276,951.6931215233376
          120.60574664384507,23.5449932878715,951.1577267624523
          120.60574612120983,23.54495995429541,949.9792834411913
          120.60574094034267,23.544912825262287,949.6837551395834
          120.60572678018481,23.54485699279385,949.5229391076953
          120.60571128548432,23.54480970469209,948.945051508145
          120.60569697058969,23.544767967629415,948.0815669625857
          120.60568795443076,23.5447212980452,948.5354343428268
          120.6056854736531,23.54469337198236,948.1843768049524
          120.60568724561861,23.54466573587611,947.4472601247542
          120.60569369721892,23.544631884552206,947.3398381104291
          120.6056982094374,23.54461411937679,946.637487634397
          120.60570617627604,23.544588425255252,945.8226995427528
          120.60571575283153,23.54455728150604,945.3053863291883
          120.60572289107918,23.544533664714418,945.103134672109
          120.60572969811862,23.5445108954941,944.4155530501602
          120.60574022388194,23.54449610994376,942.7534537211518
          120.60574812940293,23.54448116172162,940.7606135670292
          120.60575109013162,23.544471721914864,939.8992786542021
          120.60575344632201,23.544451048557132,939.3569332221504
          120.6057545500269,23.54442360539009,937.9530069250111
          120.60575130553717,23.54437985661134,937.4276748176438
          120.60573107503583,23.544324712731502,937.3750026125564
          120.60570718391489,23.544270774900998,937.3033127544294
          120.60568552332418,23.544224668085345,937.1139418914622
          120.6056629663538,23.544180784456714,937.0104104233632
          120.6056598467764,23.544175232839297,936.3677531128693
          120.60564472793388,23.544148707070562,935.4327213583172
          120.60562051193,23.5441069747011,935.0973473843396
          120.60559348672774,23.544061505982757,934.6904085768072
          120.60556752303063,23.54402031115878,934.6385459675007
          120.6055417499624,23.54398141001346,934.2136893771486
          120.60551483847607,23.543944945143682,933.3220728139805
          120.60548891446768,23.543910860809934,932.3152598518891
          120.60545790027517,23.5438733237849,931.5109727290667
          120.60541847801515,23.54382882388983,931.3821026580716
          120.60538492884453,23.543798412986934,931.5914829539464
          120.60536271427901,23.543782634421046,931.3040931540107
          120.60534541451591,23.543773730525736,930.170392968375
          120.60532901674945,23.54376496603505,928.9157379099973
          120.60530441879867,23.543748404389515,927.9505425633939
          120.60527394294812,23.54373453828533,927.4910054340176
          120.60522965126248,23.543720932105305,926.9813303208267
          120.60517528281454,23.54370585288377,927.233705160059
          120.60512162804605,23.543689745637177,927.3083049813223
          120.60507816768971,23.543673430096156,927.3401132012852
          120.60503596412691,23.543644339340997,927.5288222452228
          120.6050091162653,23.54362035871477,927.5930379891438
          120.605003313958,23.543607165496468,927.7033702297921
          120.60496062245589,23.54359704326348,927.2414626610296
          120.60496724532643,23.543581608654733,925.6411190241888
          120.60499702792539,23.543572335182944,924.1433912385871
          120.60500962684598,23.543553437914067,923.3618119096924
          120.605014120058,23.54353338605166,922.4656679283066
          120.60501938825855,23.543510141484074,920.8551315854088
          120.60502747092363,23.543485267180916,919.2660874290972
          120.60504083443928,23.54345527449769,918.3257506618241
          120.60505462879439,23.543426071707856,917.4762626215347
          120.60506780368316,23.543399451247225,916.2251925202398
          120.60508175852686,23.543378691948625,915.195041277398
          120.60509494393759,23.543356907807986,914.5264756332493
          120.60510908694637,23.543335063661043,913.7536076012416
          120.60512267202482,23.543308760554318,912.3471075271058
          120.60513503198439,23.543281082440753,910.9112033873608
          120.60514118290652,23.543263104624916,909.5897266759056
          120.60514450727192,23.543251556167803,908.490791326175
          120.60514985821042,23.54323476334315,906.903207315082
          120.60515312618209,23.543218839556125,906.265149228199
          120.60515557565722,23.543202885955008,906.0583283564526
          120.60515742709663,23.543187395364498,905.694433095845
          120.60515182270755,23.54315958589486,905.1877395417815
          120.6051434435012,23.543133216351567,905.3599663292323
          120.60513250574297,23.54309378387359,905.0692468540176
          120.60511984411062,23.543053674074088,904.9288529042849
          120.6051104351352,23.54302648430172,903.7026453026473
          120.60509654192278,23.542991297515297,903.0577307525602
          120.60505795910206,23.542995971052083,903.0171766916189
          120.60501423179737,23.543005512384376,903.2547144729162
          120.60502634745828,23.542986242194317,902.2158061377971
          120.60506124506772,23.542969424595917,901.4627184104577
          120.60507780764591,23.542944166618856,900.7010161976178
          120.60506624256395,23.542903620716405,900.1364931944215
          120.6050520539624,23.5428664451251,899.6726568591847
          120.6050448225478,23.542826232307448,899.4995591474177
          120.60502561281373,23.542797058882563,899.0372800283858
          120.60495661516084,23.54274351847636,899.0055449466581
          120.60494012258143,23.54271778017216,897.6617907857527
          120.60495759596893,23.542724714106058,895.3010434845538
          120.60500212242218,23.542759877583617,893.7445130374795
          120.60504832394217,23.542796797386252,892.5925130744447
          120.60506850649656,23.54279917414153,893.1463742562449
          120.60506159134144,23.54280509338586,894.1455187382197
          120.60506042499573,23.54280274944362,894.3616387699539
          120.60506447148327,23.54279804967226,893.707079228076
          120.60506987103616,23.542795704044817,893.2349208258755
          120.60507066863538,23.542795611264943,893.5078302160314
          120.60506920206947,23.54279518635644,893.6672664052555
          120.6050852291816,23.542794717984908,893.676774825952
          120.6051151950637,23.542797649718448,892.5674338065279
          120.60514293102342,23.54280684836838,891.0197688362701
          120.60516830021362,23.542814285625788,889.4043329465596
          120.60519483945987,23.5428260709785,887.9822548827111
          120.60522766960771,23.542839852344635,886.4493303039087
          120.60525999234616,23.542851004406117,884.7093984853058
          120.60529168541413,23.54286392113746,883.2758903631503
          120.60532417475889,23.542877483519963,882.1592804207016
          120.6053587658685,23.54288697225324,880.6422780960656
          120.6053897628412,23.54289369476264,879.3161965142243
          120.60541867150641,23.542896989201978,878.0811655182854
          120.6054445884314,23.542895421723006,877.1086596560505
          120.605462362077,23.542895652308825,876.3703209136125
          120.60547045888036,23.542897357477585,876.2840631040536
          120.60548005353357,23.542895350650788,875.8743268765787
          120.60549418929425,23.542890891827287,875.2222175693772
          120.60551095954402,23.542883091628536,874.6725109671996
          120.60556021811799,23.54290730222445,874.5314460791054
          120.60563062230703,23.542969611104688,874.293033920368
          120.60567553926663,23.543000590222753,873.9121455746945
          120.60569272868169,23.54301036456771,873.6913998238225
          120.6057124154597,23.54301641588404,872.8300989228554
          120.60573377810063,23.543027864367012,871.7008707320001
          120.60576541066071,23.5430313583072,870.518997497366
          120.60582052610181,23.54300838702557,870.1104836586591
          120.60586161317839,23.542985085180696,869.8256703519975
          120.60588613101308,23.542964327702936,870.5510485924242
          120.60589330252046,23.54295921977034,870.8173801767475
          120.6059013618535,23.542979847052163,869.4292887535817
          120.6059185401066,23.5430033467608,867.8536414030033
          120.60592787114379,23.54301460551598,867.4869532866135
          120.60595056393993,23.543032542494583,866.620744785744
          120.6059894946978,23.543054360828805,865.2452633754389
          120.60603900006204,23.543058202013103,864.8788824530849
          120.6060863941965,23.543048669178486,865.0470131690128
          120.60614532581779,23.543035579111148,865.2287677623729
          120.60620698284903,23.543032211674916,865.0555136064378
          120.6062578224151,23.543041596189706,864.775128650672
          120.60630249098786,23.543048645421145,865.1311549626421
          120.60634195679302,23.54304452629972,865.556128308781
          120.60634843170737,23.54307092510761,865.5062052599723
          120.60634694028381,23.5431190276701,865.5335796834305
          120.60634643031463,23.54313683187382,866.0315146219333
          120.6063500836118,23.543127863547845,866.3277775142342
          120.60635520896753,23.543116811039457,867.3157034140429
          120.60635571083758,23.543112220643284,867.4657221262158
          120.60635823985496,23.54311351677005,868.1082187738238
          120.60635436975504,23.543115942744365,867.9858895221261
          120.6063555462951,23.543114926275518,867.9047019388794
          120.60635324982388,23.543112590791104,867.7180260793513
          120.60634984890766,23.543110358077328,867.3372874915236
          120.60634943240998,23.54311011531517,866.915294924841
          120.60634657821035,23.543115472075602,866.8213038169665
          120.60633927073489,23.543127544982646,866.8459947842248
          120.60633389403647,23.543136142451594,866.8735972642728
          120.60632972226566,23.5431426829629,866.8828207862674
          120.6063306611656,23.543141166824743,866.8826704208644
          120.60633156826324,23.543139725230198,866.881056176867
          120.60633346951529,23.54313672976639,866.8803001777254
          120.60633239529555,23.543138424464864,866.8802041330533
          120.60633340738183,23.54313683082277,866.8802840042979
          120.60633061480122,23.54314123097078,866.8803387054265
          120.6063295621913,23.543142889367477,866.8803518266642
          120.60633111772854,23.54314043837458,866.8803490340326
          120.60633181594578,23.543139338238984,866.8803454897841
          120.60633028864524,23.543141744672457,866.8803442414488
          120.60630723018076,23.543129175837855,871.8919171112119
          120.60629187089997,23.543113162098837,873.8566493417269
          120.60628739924748,23.54308556396827,873.2776209980642
          120.60628089881264,23.543063644904386,872.6499068156013
          120.6062538760582,23.543049668482123,872.7651376990794
          120.60620243339294,23.54306032073239,872.7782084457402
          120.60614952703426,23.543077310862884,872.6834049774835
          120.60610215459364,23.54308611448746,872.5573636152441
          120.60607033935429,23.54311502998166,872.118874476684
          120.60606411015594,23.54314201985381,871.6213344009137
          120.60607156180639,23.54315271074946,871.8866788039225
          120.60607896742535,23.543154922392077,872.7170836077252
          120.60608184893684,23.54315464668481,873.0179269892525
          120.60608213261084,23.54315370244093,873.0467520099809
          120.6060816847343,23.543153128017213,872.9993782153114
          120.60608129703454,23.543152948862932,872.9586566087387
          120.60608116579868,23.54315297354532,872.9449493959245
          120.60608115700417,23.543153015088965,872.9440668287618
          120.60608118415313,23.54315303598509,872.9469259244188
          120.60608119787452,23.543153039083876,872.9483642093683
          120.60608120106676,23.543153037448764,872.9486966968465
          120.60609577554565,23.54314888657755,873.0977203158595
          120.60609942483582,23.543145240100984,873.2532442521173
          120.60609900322207,23.543144470467624,873.2892640336938
          120.60609698677884,23.543142578659495,873.5810573419939
          120.60609625256669,23.54314209470837,873.6733746152402
          120.60609622908056,23.543142167477153,873.6705848768796
          120.60609634042162,23.543142283570603,873.6538063133178
          120.60609639608138,23.54314232649591,873.6464019432881
          120.60609640891423,23.543142331567125,873.6450088240734
          120.6060964033697,23.54314232413292,873.6459519268844
          120.6060963986231,23.54314231978457,873.6466281174551
          120.60609639725955,23.543142318928915,873.6467967589605
          120.60609639739333,23.54314231924179,873.646765316917
          120.60609639768593,23.543142319536173,873.6467219203099
          120.60609639780516,23.54314231962633,873.6467061758912
          120.60609639781539,23.54314231962271,873.6467055634166
          120.60609639780199,23.543142319606325,873.6467077401902
          120.6060963977912,23.543142319596907,873.6467092463494
          120.60609639778752,23.54314231959444,873.6467097112654
          120.60609639778775,23.543142319595095,873.6467096503455
          120.60609639778845,23.543142319595837,873.6467095439031
          120.60609639778885,23.54314231959616,873.6467094897229
          120.60609639778892,23.54314231959619,873.6467094818728
          120.60609639778889,23.543142319596146,873.6467094871388
          120.60609639778886,23.54314231959612,873.6467094909979
          120.60609639778886,23.543142319596118,873.6467094919823
          120.60609639778886,23.543142319596118,873.6467094919076
          120.60609639778886,23.54314231959612,873.646709491612
          120.60609639778886,23.54314231959612,873.6467094914851
          120.60609639778886,23.54314231959612,873.6467094914718
          120.60609639778886,23.54314231959612,873.6467094914848
          120.60609639778886,23.54314231959612,873.6467094914966
          120.60609639778886,23.54314231959612,873.6467094915
          120.60609639778886,23.54314231959612,873.6467094914998
          120.60609639778886,23.54314231959612,873.6467094914991
          120.60609639778886,23.54314231959612,873.6467094914988
          120.60609639778886,23.54314231959612,873.6467094914987
          120.60609639778886,23.54314231959612,873.6467094914988
          120.60609639778886,23.54314231959612,873.6467094914988
          120.60609639778886,23.54314231959612,873.6467094914988
          120.60609639778886,23.54314231959612,873.6467094914988
          120.60609639778886,23.54314231959612,873.6467094914988
          120.60609639778886,23.54314231959612,873.6467094914988
          120.60609639778886,23.54314231959612,873.6467094914988
          120.60609639778886,23.54314231959612,873.6467094914988
          120.60609639778886,23.54314231959612,873.6467094914988
          120.606089507471,23.54314208803686,871.7402281693122
          120.60608859362067,23.54314378912476,871.4342926895813
          120.60608667006967,23.543141200940767,871.561164221541
          120.60608802913292,23.543138531212882,871.9696759465578
          120.60608820248413,23.543137629661363,871.9954431602722
          120.60608879623564,23.54313849143993,871.8803667090058
          120.60608796658154,23.543140056010866,871.5174056763755
          120.60608875179435,23.543142198954097,870.9115633057713
          120.60609129546405,23.543145811872485,870.3793025714765
          120.60609660383767,23.543149756054692,870.0079283391952
          120.60610094352808,23.5431523597519,869.8919352752708
          120.60610353329486,23.54315284665078,869.9890069313976
          120.60610521853381,23.54315238637479,870.1247455243483
          120.60610289378347,23.543148383506306,870.6115825743104
          120.6061017200904,23.543146161132444,871.4208627437595
          120.60610364946007,23.54314899890103,872.0490095891175
          120.60610038066773,23.54315208739443,872.5821658440234
          120.60609907126263,23.543152864657436,872.6769055964086
          120.60610201679984,23.543153907182205,870.9833393516127
          120.60610318948474,23.54315411680722,870.3977560735456
          120.60610337679438,23.543154070528573,870.3392419390755
          120.60605294387595,23.543222363957035,869.7877565249801
          120.60605032633121,23.54321461654343,869.9779277475922
          120.60604976032005,23.543174254493646,870.5292319678608
          120.6060473034253,23.54313338638006,870.3446150659516
          120.60602655484014,23.54310090773072,869.7854534432553
          120.60600465367509,23.543084497769616,869.1900686883736
          120.60600021832927,23.54308474331402,868.9421866362101
          120.60600280904738,23.543086547374042,868.9309204278054
          120.60599066635308,23.54308841068555,868.4002411251196
          120.60597922030357,23.543083855795665,868.4293966049801
          120.60597910350056,23.543079206975527,868.8813062964225
          120.60597978085622,23.543076562501913,869.8706424262032
          120.60597935269901,23.543076901594468,870.8834418122995
          120.60597797567887,23.54307711108971,871.0830378157124
          120.60596591237378,23.543076708124154,870.8600702439009
          120.60594036406721,23.54306717770876,870.5542148893451
          120.60591250521016,23.54304553807121,870.3859712536724
          120.60589385545981,23.543024019780454,870.9710652917369
          120.60586988810914,23.54300403389152,871.8662776914607
          120.60583712667638,23.542997653868742,872.6588839923032
          120.60579893010382,23.543011837797867,872.5756886379622
          120.60576112612226,23.543032400919188,872.367590387892
          120.60572018876017,23.54304058979096,872.4268831357005
          120.60569218811013,23.543032826536674,873.5925274804529
          120.60567031269319,23.543019426115375,875.082273786051
          120.60564570319252,23.543006130367967,876.2230723887825
          120.60562051797983,23.54299315797606,876.7017309231055
          120.60559796030135,23.542983405129288,876.9765099534386
          120.60557043189213,23.542972031573626,877.3157138690528
          120.60553002758631,23.54296099519846,877.8856487199091
          120.60549269937829,23.542947571522763,878.5923042052523
          120.60547043570274,23.542936485609932,879.1688681629732
          120.60546644293616,23.542932441454052,879.4901362998623
          120.60546042978201,23.542927746082356,879.795820073356
          120.60544698108285,23.542918539298277,880.3744365075611
          120.60543808434679,23.542912456150578,881.0462573253425
          120.6054296176103,23.542899966111488,882.0357202471563
          120.60541759852279,23.542898224617513,882.5640024157367
          120.60539218508751,23.54290277473003,883.1010224749546
          120.60536106335425,23.542904115817574,883.9458068728953
          120.60533305650112,23.542903251191703,884.7747049145398
          120.60530574127641,23.54289732402924,885.5170614054374
          120.60527884760283,23.542888659348147,886.3331931574772
          120.60525377455761,23.542880568834786,886.7303536130588
          120.60523816752458,23.54287341249587,887.1027677542158
          120.60521744773264,23.54286434213594,887.8652930294443
          120.60518887182911,23.542852990539775,888.8914888787675
          120.60516232179542,23.542843463070003,889.6034564081135
          120.60514252545171,23.542835133341224,890.1334057357396
          120.6051238667393,23.54282675531231,890.7300090263424
          120.60510326802145,23.542816952498484,891.1716209467186
          120.60507540809296,23.542809759132425,891.8832135109259
          120.60503289641741,23.542798774461158,892.4980238267366
          120.60499557424843,23.54278335863044,893.3041669659722
          120.60497373265287,23.54277266236171,893.9694950069944
          120.60495298637578,23.542759856934214,895.2209153913102
          120.60493379338408,23.542744840532272,896.674069437241
          120.60491803209365,23.542736116111026,897.8500841996056
          120.60489486962464,23.54272932266442,898.0975989445593
          120.60487895253382,23.542726355366913,898.1183781701562
          120.60487510205115,23.542725929407087,898.3451451682369
          120.6048878556592,23.542759202874926,898.2248488060817
          120.60491713108956,23.542808351464497,896.6020340120223
          120.6049492993128,23.542855288077604,895.1884018352032
          120.6049789261421,23.542900427313565,894.2271358399587
          120.6050019839279,23.54294811138287,893.7633024261734
          120.60500267816404,23.542993412817236,893.9027208968506
          120.60498747605385,23.543024449762292,895.1570165979605
          120.60498286815562,23.543043770136308,896.53478583479
          120.60500180430391,23.54307358155669,896.7058389021457
          120.60501479361406,23.543096280879304,897.1157984080838
          120.60503889918928,23.543116746673448,898.0111506601888
          120.60506322598506,23.54313592237826,899.1479810766493
          120.6050911083122,23.543155147188344,899.770793559753
          120.60511321774433,23.54317221870709,900.5358926883232
          120.605138599556,23.54319005652128,901.1047001669798
          120.60516562998181,23.54320719292851,901.6361355800395
          120.60518571272169,23.543221217434766,902.0491693175849
          120.60519971441484,23.54323473418012,902.5999821498044
          120.6052001256248,23.5432488624859,903.0873059169585
          120.60518004022168,23.543266866595403,903.8389567967545
          120.60516177686065,23.543279786405257,905.1470604000754
          120.60514737275219,23.543291620771,906.6803729010122
          120.60513170625075,23.543301699140958,908.3022775859192
          120.60511860727705,23.543311632126557,909.3684940185707
          120.60509602145878,23.543333185467883,910.2371198117676
          120.60507330224158,23.543353008392938,910.991310229206
          120.60505867167585,23.543368782644723,912.2625139790109
          120.6050441964562,23.543387152546565,913.8117033174481
          120.6050299571474,23.543407637480666,914.5502890109472
          120.60500794947053,23.54342675055283,915.618704483903
          120.60498985436952,23.54344746420002,916.5937033942181
          120.60497666910929,23.543464840577666,917.1585571952351
          120.60495628264472,23.54348350038349,918.3113126404813
          120.60493437275662,23.543504602325687,919.8663666355702
          120.60492553896054,23.543527877467838,920.0070203031163
          120.60491236634988,23.543551685358146,921.1342313145258
          120.60490192574802,23.54357245028061,921.757123619238
          120.60489339639143,23.543589015306537,921.8052707825987
          120.60488519541711,23.543601468899922,922.5427037045672
          120.60487595515154,23.54361979048461,922.7833401045934
          120.60486494946169,23.5436386209504,923.3128434600638
          120.60488572266394,23.543658819396487,924.129846653239
          120.60494106577254,23.543670586327615,924.0479232119282
          120.60500280926635,23.54367917028086,923.9679279560407
          120.60506552600198,23.543694579898286,924.093717941388
          120.60512581163017,23.543702852524625,924.3963591709856
          120.6051744135929,23.543714608795742,924.7038550054688
          120.60521899884925,23.543727619015424,924.7503191597239
          120.6052641962693,23.543741535806458,924.7612898108736
          120.60530024556357,23.543754344391296,924.8266483284003
          120.60533271367923,23.54376856843875,924.9059901671899
          120.60535796930483,23.543781395216353,925.8107036581762
          120.60537691729847,23.543793387054613,926.5410810510098
          120.60541029137222,23.543821027805105,926.4535476937692
          120.60544350231605,23.5438555992693,925.4515358672764
          120.60547622128017,23.543894558837827,924.7925863769277
          120.60550683292672,23.543934284445243,925.2242239600677
          120.6055368986639,23.543974714630824,926.5515011314873
          120.60556317285057,23.5440132517922,926.7189162042218
          120.60558236538549,23.544043310843502,926.760955449124
          120.60560252466608,23.544075832700017,926.7443361177559
          120.60562360101103,23.54411178637125,926.5937489795099
          120.60564571673748,23.544150120428828,926.4499799974502
          120.60566657178545,23.544187906530418,926.2963335487098
          120.60568449514484,23.544221521503314,926.6731730637914
          120.60570320348086,23.544262776712117,926.7807838545107
          120.60571828304026,23.54429862007031,927.1756404230748
          120.60573351341945,23.54434168049241,927.7068736174916
          120.60574284953064,23.54437881163308,928.4305065023341
          120.60575310588109,23.544412637349566,929.1578754497592
          120.6057555304963,23.544443569074627,929.9275373679575
          120.60575345683527,23.54445922481088,931.0592304899608
          120.60574889820293,23.544480412693705,933.113610966112
          120.6057369355787,23.544498083630884,935.3089945251464
          120.60572797127857,23.544516112145242,936.693762733002
          120.60572075110348,23.544538604284757,938.2443979736021
          120.60571392145043,23.544562639338157,939.2613030304926
          120.60570551753449,23.54459161417718,939.573020143708
          120.60569816442161,23.54461643703731,941.6693670837656
          120.60569353931041,23.544635785916753,943.8062461952287
          120.60568861376214,23.544669695315314,944.9551413904568
          120.60568619622201,23.54469186077922,945.3979768263231
          120.6056876801143,23.544717662236888,945.5906106430946
          120.60569327807717,23.5447537093155,944.7554781887044
          120.60570343897729,23.54479101506391,944.6230879780297
          120.60571412831214,23.544823139237323,945.077474151042
          120.60572705977748,23.544861284947647,944.7257095206252
          120.60573895804747,23.544903801723642,944.3592232444532
          120.60574534593162,23.54494528982735,943.7469649227913
          120.60574660352394,23.544977312114327,943.9402311106153
          120.60574465247758,23.54501014137864,944.95244727919
          120.60574028769513,23.545042186937803,946.146346962283
          120.6057325621255,23.545073489120302,946.7944236228989
          120.60572017041306,23.545113060038446,947.1271856970218
          120.60570612816139,23.545149690773197,948.1513963130336
          120.60569168671466,23.54517929055217,949.9380570737221
          120.60567857844993,23.545204320146123,951.6997459184294
          120.60566438131214,23.545229785012758,952.9999282856094
          120.60565220588288,23.545250867874294,953.7375375069827
          120.60563888635522,23.54527384959113,954.111267914494
          120.60562613969356,23.54529520792522,954.6973933412243
          120.60561437833042,23.54531930288475,955.5941085173461
          120.6056001541458,23.54534379416789,956.6538282991237
          120.60558714955347,23.5453662866728,956.5449441768754
          120.60557609638033,23.545383910213587,957.2458767159745
          120.60556703298253,23.545402338838755,958.1508240832285
          120.60556053460017,23.54541972155986,958.662203009155
          120.60554863613187,23.545441769540638,959.420678034722
          120.60553595571533,23.545462570699016,960.1537968932581
          120.60552452107753,23.545480646152107,961.2448991556168
          120.60551307040978,23.54549882553301,961.6655566546237
          120.60550100638994,23.54551866542853,962.3531389124795
          120.60548896744922,23.54553929254881,963.4206552423756
          120.6054768358394,23.545560367486342,964.3195240506246
          120.60546463481262,23.54558158095884,965.3004433297709
          120.60545322260495,23.545602373485455,966.7113773131338
          120.60544172860408,23.545624589221113,967.6638491866833
          120.60542660276965,23.545654155370347,968.1618387690761
          120.6054108092459,23.545685904456757,968.2541948521881
          120.60539867736288,23.545711961658757,966.4525011255254
          120.60538956131911,23.545732135645785,965.2103733959957
          120.60537908087275,23.545755841138412,964.8469418364629
          120.60536633946066,23.545789101031215,964.8800958078781
          120.60535599263392,23.545818096828132,965.8529612717793
          120.60534326384376,23.545852946549097,966.8654578837104
          120.605334262451,23.545883973491694,968.3938883093999
          120.60532772674334,23.545909139254547,969.7103408699855
          120.60532255716706,23.545929274098206,970.5666534380579
          120.60531714137396,23.54594997738626,971.8977049556256
          120.60531058839136,23.545964627577877,973.9597733790727
          120.60530154772711,23.545980304465754,975.0800818052173
          120.60529585436647,23.545995246319386,976.0335765079749
          120.6052916917405,23.546012384545403,976.6712961132654
          120.60528830166007,23.546028680981617,977.3093962626027
          120.60528439972497,23.546046952781214,977.0963023708692
          120.60528099889844,23.54606418440497,977.3381572688662
          120.60527657059014,23.5460883328803,978.0623461976975
          120.60527226342096,23.546112162178385,979.9634856105258
          120.6052687105266,23.546131706070835,981.2833718544391
          120.60526390137439,23.54615799259238,981.9712073640407
          120.60526098193891,23.546173916296723,982.2217332126156
          120.6052565093086,23.546198322103066,982.2566320147495
          120.60525285794162,23.54621825264248,982.78572861515
          120.60524870663666,23.546242901273654,984.3377377236891
          120.60524542739597,23.54626399717777,985.5384563344466
          120.60524220849413,23.546285150967165,986.9059921380003
          120.60523872715656,23.546307877456677,988.5880105953784
          120.60523539110395,23.546330039844836,990.0353189477162
          120.60523258884037,23.546349807467404,990.8851175212424
          120.60522944039289,23.546372449065764,991.7775836380557
          120.60522604574699,23.54639690708311,992.8271110811033
          120.60522260539408,23.54642181008701,993.4125302574297
          120.60522002691165,23.546441611451783,993.3707400478131
          120.60521640443514,23.54647008983127,994.0120438534576
          120.6052123342404,23.546501271913144,994.9040872972836
          120.60520795022823,23.54653287750179,995.0794813286831
          120.60520398746031,23.54656097040552,996.151440724543
          120.60520084414688,23.546586196859977,997.8649442559182
          120.60519683496506,23.546620667310414,998.0568794400373
          120.60519261534115,23.54665724661133,997.6901334696522
          120.60518837515562,23.54669233995326,997.7326481619025
          120.60518596347511,23.546713709995355,997.9172597271966
          120.60518716695161,23.54674498043569,997.9371338581542
          120.60518334583419,23.546782218002683,998.0662909592959
          120.60518270641522,23.546814272176693,998.0628802496882
          120.60517946412646,23.546841457126476,998.0993870280429
          120.60517599544069,23.546869163326043,1000.0931020688615
          120.60517229954253,23.546895633755437,1001.3994387348604
          120.60516826713462,23.546924712439765,1001.9938982070835
          120.60516592648173,23.546941279079935,1002.0748364669051
          120.60516304205817,23.54696028116987,1002.4051656650449
          120.60515989077065,23.54698065005223,1003.4252613862008
          120.60515769011512,23.546994900744693,1004.9041725809216
          120.60515438881349,23.547016428911004,1006.0173934705476
          120.60515081493783,23.547039779290785,1006.6856077719481
          120.60514760947807,23.54706072424533,1007.0835924459825
          120.60514454870618,23.547080717668635,1007.6423159080199
          120.60514052435883,23.54710151485986,1008.6914278051432
          120.60513198085573,23.54712213524085,1009.9805080896953
          120.60512529297668,23.5471401658812,1010.8774881512923
          120.60512109226407,23.54716214228442,1011.6427652075135
          120.60511723848565,23.547188086534376,1012.3283769332122
          120.6051140835136,23.547209427944335,1012.9062930185991
          120.60511134402637,23.547227032632804,1014.2422906052446
          120.60510876086164,23.547243147743803,1014.8784744710136
          120.60510789495143,23.547249230159,1015.4802924754586
          120.6051078778593,23.547249682239716,1015.6877011245857
          120.60510787714122,23.547249964396595,1015.1561828571002
          120.60510573696321,23.547267141901898,1015.4706945499636
          120.60510321495329,23.547287261609842,1016.3760746508183
          120.60510030455359,23.547310464671188,1017.1995146747536
          120.60509766943288,23.54733108485493,1017.5271816998802
          120.60509510752908,23.54735237649693,1018.30209288991
          120.60509306146847,23.547373081159154,1019.7527964251587
          120.6050920092206,23.54739468514392,1021.1711244575295
          120.6050912698347,23.5474192925759,1020.7192221691146
          120.60509070541559,23.54743988946059,1020.4543987769567
          120.60509006716889,23.547464966310276,1020.5926444935212
          120.60509050096941,23.547490832802126,1021.0909390136165
          120.60509113509436,23.54750891910022,1021.9014994078867
          120.60509187318306,23.547527785050704,1023.2440613198427
          120.60509246660081,23.54754589157976,1023.9145212693306
          120.6050948796661,23.547565324941854,1024.4759230253055
          120.60509890285405,23.547590745180383,1025.152072506734
          120.60510314889807,23.54760947841477,1025.1407383317505
          120.60511315324513,23.547640761419615,1025.1424590504819
          120.60512881904712,23.54767973433712,1025.1527157867502
          120.60513260034578,23.547687938650647,1025.1507905160147
          120.60513311466678,23.547688437434836,1026.0425053600204
          120.60513175841322,23.54768504790142,1026.7081206158743
          120.60513477140216,23.54769204920668,1027.7316437239513
          120.60514528881293,23.547713229270677,1028.5806594181183
          120.60516041738235,23.54774259614184,1029.0237006692093
          120.60517839068775,23.54777719804322,1029.1711046796622
          120.6051968684406,23.547814084292305,1029.6306395592612
          120.6052156570568,23.54785211204389,1030.180639518408
          120.60522819170534,23.547881870145012,1030.8977730148497
          120.60524041735418,23.547917136838674,1031.4703269108197
          120.60524702360492,23.54794412412649,1032.0933240000113
          120.60525092561602,23.547973912234195,1032.5386676240798
          120.60525189879061,23.548014139462065,1033.6995334591466
          120.60524819597458,23.548055863593436,1033.5464165559733
          120.60524381714906,23.548087789847425,1033.8432250165672
          120.60523750412105,23.548120394495488,1034.2306983495816
          120.60523004494964,23.54815237853958,1035.7671270704645
          120.60522181080816,23.54818350671174,1036.4293962722602
          120.60521390336775,23.548210623451354,1037.745960605055
          120.60518163546175,23.54821763425483,1039.1088847169601
          120.60512388612628,23.5482264400917,1040.3477790689785
          120.60512721125455,23.54824880253671,1040.8171373211196
          120.60516630817115,23.548277126337176,1041.9725898494466
          120.60518365063854,23.548306041311776,1042.715797896888
          120.60518063104834,23.548325544381832,1043.8204823534784
          120.60517230225344,23.54834269545296,1045.1647617220967
          120.60516510309604,23.54835589303699,1045.9802045057077
          120.60515507349386,23.548379062655467,1045.672576468223
          120.60514288066764,23.548409072539148,1045.0111592422882
          120.60513297394856,23.548433545719412,1045.4700658002794
          120.60513082029229,23.548449983630352,1047.1154781817218
          120.60512823060313,23.548467871381046,1048.3991266253724
          120.6051225565192,23.548484640836033,1049.7340665850631
          120.60511507867237,23.548501799623597,1050.9685831408863
          120.60510534434495,23.548523483805315,1052.1522237749186
          120.60509672847655,23.548543182567947,1053.2783090185085
          120.60508930172882,23.548560515414387,1054.3995680962128
          120.60508529118037,23.548569948397148,1055.3068426497898
          120.60507858363746,23.548585671305222,1057.2288580759196
          120.6050646050518,23.548600031918212,1058.8002099193911
          120.60505169799475,23.5486226488829,1059.7238245714902
          120.60504311530404,23.548642344143577,1060.21634513646
          120.60503400598948,23.5486646464182,1060.3711700109163
          120.60502264696274,23.548691820501922,1059.8611780068375
          120.60501100097156,23.54871920601499,1059.46444558089
          120.60499990742,23.548745120703597,1061.0589956084912
          120.60499297723354,23.548761289549066,1063.9016502103436
          120.60496746720808,23.548765281654745,1065.5957045360171
          120.6049625417684,23.54877566462954,1065.8233977396342
          120.6049528548691,23.548798644103382,1066.0881100988554
          120.60493698123152,23.548829807227655,1067.060923489018
          120.60492403231073,23.548853155412864,1067.0794751910094
          120.60491056160049,23.54887668894959,1066.8991140102744
          120.6048985625748,23.548897177145644,1066.8182558336416
          120.6048825949371,23.54891059664821,1067.7959349553034
          120.60482173375347,23.54890980557349,1069.1112327401152
          120.60476972414646,23.54891671291621,1071.229179296013
          120.60475492411821,23.54893933020366,1072.5208679617642
          120.6047505965051,23.54895787224125,1073.7424409390742
          120.60473662386843,23.548974180538575,1074.358442995641
          120.60473335907226,23.549000362599305,1074.8489680466764
          120.60471112327669,23.549012551449994,1074.9882793339361
          120.60469433700227,23.54902770975984,1076.1944027306367
          120.6046840329512,23.549050279153615,1077.333094932883
          120.60467364845017,23.54907286461007,1077.8931451062738
          120.60469910275077,23.54910861335049,1077.7217230865547
          120.60472588293813,23.549153565589727,1078.307267917912
          120.60472166752066,23.549179055901543,1078.731405442324
          120.60470793582076,23.54919451666329,1079.0485487239798
          120.60469191457753,23.549211541307688,1079.0510098550421
          120.6046775135083,23.54922866023216,1079.6164656890376
          120.60466231458497,23.549247225583617,1081.0396665843127
          120.60464563250073,23.54926772450244,1082.150131795919
          120.6046287701208,23.549288380812843,1083.0253347643193
          120.60461576735041,23.549304273225125,1083.8387693313557
          120.60460794960056,23.549312728643265,1085.030266422286
          120.60460026049837,23.54932098928795,1085.7454551035191
          120.60458593538551,23.549336814952007,1087.19782259783
          120.60457597117721,23.54935303545285,1089.0584817300871
          120.60456560584497,23.549372502815253,1090.265306527651
          120.60454990070711,23.549391900972402,1091.7717918155372
          120.60453285899284,23.549410092243075,1093.6934090593895
          120.60451601244637,23.549427132472577,1094.910849691232
          120.60449856606218,23.549439393893035,1095.2346281094538
          120.60448074026165,23.549455227782037,1095.313719559747
          120.60445638051402,23.549477720584655,1095.8149348554177
          120.60443505422512,23.549493421580998,1096.8057155003412
          120.60441025676668,23.54951223653442,1097.5218293783341
          120.60438078494727,23.549531820649285,1098.0648190582876
          120.60434978460691,23.549551368143963,1098.5924904653248
          120.60432394350694,23.549567048204594,1098.876694798768
          120.60429145159743,23.54958654066779,1099.6232369327633
          120.60426147347482,23.549603974964455,1100.6424784228109
          120.60422387359466,23.54962566919393,1100.5571335276154
          120.60419282997198,23.54964328619556,1100.5329404831227
          120.60415897401461,23.549660847092643,1100.6451902368556
          120.60412776571425,23.549676251857456,1100.1765378171765
          120.60409459071693,23.549693347781943,1100.667533276149
          120.60407392002034,23.549703538133052,1101.0374000669415
          120.60405997761093,23.549709085525762,1101.043187968642
          120.60404152763834,23.549718960328168,1102.6865712541926
          120.60401868687515,23.54973354142753,1104.3885777034602
          120.60399320151154,23.549750728109704,1105.9489521898488
          120.60396800593772,23.549767765606415,1105.4786842974972
          120.6039364654225,23.549790505592625,1104.9742012730924
          120.6039095081232,23.549811620479787,1104.998105819319
          120.60388559810593,23.54983262928533,1105.7180876222417
          120.6038661149842,23.549852727295224,1106.2452803508113
          120.60385314131557,23.549867893735136,1108.5616872096234
          120.60384054349655,23.549882966248443,1110.8906888416213
          120.60383415360154,23.54989133489193,1111.7203175887278
          120.60383248796803,23.54989391466997,1112.145325846339
          120.60383676315128,23.549887858243338,1111.6014549798183
          120.60384005797539,23.54988312090958,1110.8435336041714
          120.60383979637456,23.54988351559849,1110.5420876948758
          120.60383926955932,23.54988427897391,1110.509278535737
          120.60383923864889,23.549884315245126,1110.6891636278567
          120.60384048348519,23.54988248559261,1111.1069814947227
          120.60384069604034,23.549882173809532,1111.1866518961933
          120.60384068921711,23.54988218430234,1111.0989720491366
          120.60383912623756,23.54988447853292,1110.975962724899
          120.60383960227858,23.54988377994316,1110.7891121404296
          120.60383933587934,23.549884170911568,1110.708142937449
          120.60383851403,23.54988537708718,1110.8659859218299
          120.60383832330967,23.549885656993187,1111.3113322717877
          120.60383813120957,23.549885938930508,1111.1542452002666
          120.60383760830203,23.54988670638249,1110.8468739089542
          120.6038370406464,23.54988753950927,1110.779261762653
          120.60383652099246,23.54988830218565,1111.0294725053868
          120.60383708219987,23.549887478524063,1111.6528951754105
          120.60383784622789,23.549886357190175,1112.1302168102627
          120.60383861855496,23.549885223677073,1112.4473491238964
          120.60384021589167,23.549882879329584,1112.5715086475745
          120.60384622558358,23.54987746189182,1113.0757527274122
          120.60385276849485,23.549880235762128,1112.7231695447776
          120.60384730845493,23.549890661177695,1112.1941733522494
          120.60383866280294,23.549900784378558,1112.3177658195193
          120.60383814796094,23.549908723689274,1113.3723762287727
          120.60386975603232,23.549938723883642,1114.1281201248892
          120.60392648858873,23.549961002719183,1114.9960666304353
          120.60396089550251,23.549975097002257,1115.7272526623244
          120.6039833130983,23.549987096591178,1116.502934165302
          120.60400255432079,23.54999912936696,1117.6095005054299
          120.60402337916479,23.550012396646338,1118.8284751323317
          120.60404213980011,23.550024078833786,1120.0090277398965
          120.60405720899452,23.550033245833685,1120.9439906625064
          120.60407336181437,23.55004307227856,1121.7258990547741
          120.60409305588243,23.550055098952082,1122.4362571435163
          120.60411163260632,23.550066459205187,1123.318839038043
          120.6041305948718,23.55007805762502,1124.2319007047822
          120.60415049430613,23.55009022747514,1125.320414958685
          120.60417835904829,23.550107266905865,1126.1185847599331
          120.60421532541156,23.550130254860196,1127.1963397848583
          120.60425418998554,23.550155928349465,1127.2912252990473
          120.6042924554964,23.550183975460893,1126.6130966800638
          120.60432667630442,23.550209903242045,1127.1647891443176
          120.60435799309043,23.550235859190234,1128.0929671341955
          120.6043808565296,23.550255329912464,1128.2680088143857
          120.60440389482217,23.550275660019857,1128.8709299415655
          120.60443275089816,23.550303341276486,1129.1874932190824
          120.60446645126754,23.550338046998938,1128.9666692611745
          120.60450180794123,23.5503770999705,1128.118519372724
          120.6045307885358,23.550412722990107,1127.2946114055808
          120.60455359634595,23.5504432010346,1127.767055733965
          120.60457720339481,23.550477000327913,1128.5791934905824
          120.60459544454024,23.55050430715287,1129.5313040782735
          120.6046156595605,23.55053592030608,1130.011999339084
          120.60463329938703,23.550565786976676,1129.994457795151
          120.60464824154256,23.550592109872692,1130.5172275434682
          120.60466345662182,23.550619189682106,1131.5533326096706
          120.60467563827663,23.550640804475353,1132.690282348563
          120.60469518949458,23.550676032636645,1133.6286086701828
          120.60471739049419,23.550713234136154,1133.9726979257844
          120.60474110736371,23.550750322717764,1134.3430156403037
          120.60476701875918,23.550790912895664,1135.3262560959936
          120.60478855429488,23.550832016891455,1136.4754897668022
          120.60480736976433,23.550870971579055,1137.628817310426
          120.60482669134612,23.55091106045685,1138.2102729882588
          120.60484062798726,23.550939587825567,1138.1722458750435
          120.60485514096868,23.550968923009762,1138.9072850081136
          120.60486739164512,23.5509935816041,1140.2754571796333
          120.60487719592099,23.551013336824283,1141.2495861484742
          120.60488956190972,23.551038294044154,1142.0517053570204
          120.60490624294913,23.551071976588084,1142.1712368202013
          120.60491757365546,23.551095973000486,1142.4469112472943
          120.60492721646492,23.55111603978518,1142.1045943131498
          120.60494042108886,23.551147337439616,1141.7466450508348
          120.60494452802563,23.551157256449976,1141.8988721337078
          120.60495732121029,23.551183652093208,1141.9419047784468
          120.60497729797089,23.55121631014738,1141.5604452467558
          120.6049928660539,23.551253225911033,1140.725640679807
          120.6050112818129,23.55129620103696,1139.9551178033455
          120.60504227522904,23.55134064353706,1139.9714724463395
          120.6050664861087,23.551377927621274,1141.2294547513006
          120.60508978745843,23.551419409775708,1142.0603881017273
          120.60510714803631,23.55145776036055,1142.024614314924
          120.60513770458513,23.551505763171107,1142.6432445158766
          120.60516536096445,23.551541798575546,1142.6916674576157
          120.60518687421389,23.551567812860075,1142.410990063168
          120.60521415973604,23.55159722600333,1142.3537080907176
          120.60524420211473,23.55162835226002,1142.4865012193463
          120.60527373491027,23.55165690539915,1142.6847878413291
          120.60530283718946,23.551683305593613,1142.4080905691064
          120.60530652431476,23.55168657891439,1141.9485018355583
          120.60530217216163,23.551682722614135,1141.1916698984858
          120.60531631915035,23.551694056500853,1141.8117727173044
          120.60534039215288,23.551712961793832,1142.3836955246961
          120.60536645169012,23.551732916259045,1143.1561329323326
          120.60538901463029,23.551749528707024,1144.0331433835463
          120.60541325210428,23.55176597123231,1144.5554279967794
          120.60543936633135,23.55178245994578,1144.7649459518466
          120.60546430842018,23.55179787007305,1145.7860683857227
          120.60548722656252,23.551812083076044,1146.2348324434167
          120.60550407870049,23.55182226824164,1147.1588059324765
          120.60552012215203,23.551831842820274,1148.6655749780978
          120.60553770098124,23.55184189871284,1150.1086801909544
          120.60556406290017,23.551856636568512,1151.308512285567
          120.60559344771565,23.551872997687507,1151.605077825427
          120.60562572920915,23.551891086642662,1151.7940706990048
          120.60565188676648,23.551906275240196,1152.2319934510588
          120.60567676294899,23.551921771918572,1152.754458816129
          120.60568802986087,23.551929263495776,1153.0728315110337
          120.60569178255749,23.551931905121194,1152.7821527611588
          120.605701100724,23.55193813372743,1153.3750204057212
          120.60572743535047,23.551946038329078,1153.9636135978053
          120.60575766208726,23.551952048312923,1153.8617152223137
          120.60578086528372,23.55195369418519,1154.051046192528
          120.60578829273311,23.551953303507865,1154.1095045531042
          120.6057980181483,23.551952384976108,1154.6256414425486
          120.60579593700037,23.551951756508686,1154.2529618655208
          120.60579724301246,23.551952963557387,1153.5258562407569
          120.60580374445728,23.551953381249998,1153.0536407881425
          120.60580505562089,23.551954016447425,1152.9036034033456
          120.6058034733715,23.55195240640388,1152.8195618405955
          120.60580281242073,23.551951761146483,1152.9956074189852
          120.60580279154033,23.551955590375513,1153.488836830722
          120.60580262631788,23.5519577148065,1153.7786808947917
          120.60580162355005,23.551959884083107,1154.148025180591
          120.60580101190592,23.551961771315504,1154.5098290369467
          120.6058018227767,23.55196139898369,1154.9146581196903
          120.605802481513,23.551960999009815,1155.2683030493404
          120.6058032456943,23.55196112831798,1155.4535791962755
          120.60580506239997,23.551960850310763,1155.8777836195648
          120.60580498487992,23.55196090574787,1156.1119853712544
          120.605803040832,23.551960323157427,1156.263550490605
          120.60581510157587,23.551960094933083,1156.5074590781733
          120.60581826896252,23.55196013293282,1155.9281634314436
          120.60585622803569,23.551987051558505,1154.666564008182
          120.60589041127074,23.5520294093454,1153.998390465481
          120.60591252019958,23.55206943076722,1153.7885421849774
          120.6059318869962,23.55211740007725,1152.2383853491558
          120.60594625470856,23.552159908801027,1151.89259783065
          120.60595998609544,23.55220085647334,1151.884824091746
          120.60597407680221,23.55224143584144,1151.2887036233749
          120.60599167696101,23.55227531209864,1151.1603269116554
          120.6060038184521,23.552316990793454,1150.9020378457124
          120.60602349878002,23.552369606302115,1149.9335705202093
          120.60604386765247,23.552431021208342,1150.2467253065658
          120.60606438542426,23.552493920835524,1151.9890654901562
          120.60607961963413,23.55254686010424,1153.3428124975853
          120.60609402664163,23.552591769719076,1153.4850261030729
          120.60610815533565,23.55264717247132,1153.32100337722
          120.60612112442443,23.55268758829595,1154.2620368636733
          120.60613606959005,23.552721517784985,1155.4803744218489
          120.60614922222955,23.552747764169577,1155.6002813346831
          120.60616293662909,23.552775140638953,1156.5156963984073
          120.60617813396134,23.552805140030337,1158.2373338742025
          120.60619147520268,23.55282880929298,1159.2749158470158
          120.6062180438325,23.55286743815481,1160.6953556627554
          120.60624982900809,23.5529037038819,1162.0441077383837
          120.60627853034764,23.55293068329778,1162.455696031455
          120.60631277628175,23.552956213305375,1162.6829911773148
          120.60634906824778,23.55297724339301,1162.979595324376
          120.60638814819879,23.552997013593917,1162.9940045187725
          120.6064280640785,23.553014608002627,1162.662147671043
          120.6064693611166,23.55303047161625,1162.197366540998
          120.60651384187268,23.55304567315536,1162.0460154546129
          120.60655526380319,23.55305956804292,1162.3642609925498
          120.60659544839628,23.553073338776958,1163.0169871498592
          120.60661512844818,23.553098000211705,1164.0432725061808
          120.60663436136623,23.55313837592388,1165.465029560433
          120.60665836567013,23.553160354628492,1166.9890191813001
          120.60667484379775,23.553185010568406,1167.0700383061467
          120.60668666272984,23.553209122257957,1166.7662226655614
          120.60669762417892,23.553237992800238,1167.3980076281935
          120.60670554242193,23.55326914166705,1168.226032459544
          120.6067087050199,23.553294780792,1169.8043114637394
          120.60670839892187,23.55329885994101,1170.227762320208
          120.6067077351487,23.5532965946277,1170.172319004153
          120.60670746606057,23.553294820263346,1170.0747749077614
          120.60670744684153,23.553297584491514,1171.1718749613935
          120.60670748251292,23.553298755055255,1171.5568514884587
          120.6067075029862,23.553300856010214,1171.903628766751
          120.60670750693191,23.553306853485182,1172.4843373040826
          120.60670562034944,23.55333242159781,1172.3513217627356
          120.60670146243694,23.55337227872677,1171.558126271039
          120.60669709401323,23.55341345336043,1170.999671122005
          120.60669340368086,23.55345107748291,1170.5271789836986
          120.606681043139,23.55345531301331,1171.0872374215753
          120.60663181455939,23.55343427323903,1171.99233036295
          120.60653779795808,23.553406726839196,1172.6170056003905
          120.60648355279628,23.553385508374102,1172.8643300194647
          120.60643635124295,23.553367824151664,1173.2745111617255
          120.60639845216791,23.553357136167783,1173.6280558967244
          120.60634879432287,23.553348023612,1174.2437037281968
          120.60629923877859,23.553337910841172,1174.6571389653518
          120.60625819359124,23.55333340599919,1174.6228588742313
          120.60626440005989,23.553371578959105,1173.6761776858457
          120.6062763900351,23.55342314497558,1172.2240954696283
          120.60627855278804,23.55344052825579,1172.040855250904
          120.60626841110079,23.55345261337109,1171.3339448092654
          120.60625759277909,23.553462799208976,1171.1516235794468
          120.60625273540369,23.553466937201534,1171.4293639029772
          120.60624186306121,23.553479301764785,1170.5324526981449
          120.6062342314064,23.553488068268532,1168.8502590360415
          120.60622693266654,23.553496305120397,1167.4152022691424
          120.60621695655719,23.553506254545216,1166.3362776866556
          120.60620637889157,23.553516006923687,1165.6678031139186
          120.6061951328094,23.55352622317902,1164.6267114410903
          120.60618137181397,23.553538777367642,1163.7787956539532
          120.60616020068264,23.553556557903313,1162.387423297531
          120.60613312519317,23.553577430054087,1161.5755804169594
          120.60609505797305,23.55360386894967,1161.1592755168483
          120.60605316861042,23.55363186255901,1161.4723284591935
          120.60600727074937,23.55366103164878,1161.456439481133
          120.60596997180838,23.5536936522693,1160.9640803177733
          120.60593923971456,23.55371674600324,1159.4665718858885
          120.60591025328426,23.553735905254452,1157.8127749018556
          120.60588694799746,23.5537508085639,1156.1297557760802
          120.6058698653963,23.553761830654402,1155.0048600203918
          120.60585570779246,23.553771175481742,1153.7941613918636
          120.6058373548906,23.553783658766513,1152.4909210860176
          120.60581754225751,23.553797727578186,1150.5644689438084
          120.60579904547566,23.553810997107142,1149.0211980612464
          120.60578250120884,23.553822851431935,1147.79023633949
          120.60576545918313,23.55383565026131,1146.859260102093
          120.60574124006169,23.553854847496165,1145.7895082387026
          120.60572214789745,23.553870131632813,1144.4601088715915
          120.60570944621094,23.553880295567296,1143.0481551253156
          120.60569363757901,23.55389401805788,1141.7214859806681
          120.6056756539961,23.55390932361959,1140.0064560591445
          120.6056594446185,23.55392396929712,1138.0847476353133
          120.60564364711124,23.553938944838404,1136.8193801865573
          120.6056257780871,23.553955990863447,1135.7331372530557
          120.60560836343937,23.553974538479633,1134.6800319528068
          120.60558804589066,23.55399931008563,1134.2571937120947
          120.60557366589482,23.55401862393315,1133.8469002174231
          120.60556388726135,23.5540336026963,1132.782982944405
          120.6055545649999,23.554047401534287,1131.444223915683
          120.6055396927372,23.55406375434158,1130.0845645232691
          120.60552925708359,23.554081506023586,1128.8025604651311
          120.60552070335577,23.554105921992367,1126.882974775351
          120.60552189207569,23.55411709549103,1124.7033668065899
          120.60552301151564,23.554139830031513,1123.444676693358
          120.6055146402655,23.554165182903247,1123.356882668098
          120.6055087022589,23.55419627718032,1123.7399004425426
          120.60550994185148,23.554237706510115,1124.4208382626898
          120.60551644464759,23.554273053894352,1125.3036344288064
          120.60552119669464,23.55430295882004,1126.5159014446988
          120.60552560882468,23.55434099948214,1128.2439022749747
          120.60552865186433,23.554370097842128,1129.3660731261862
          120.60553161017957,23.554397807050822,1129.9596653661604
          120.6055358150065,23.5544360043264,1130.40646579608
          120.60553942301928,23.55446842759591,1130.4288484747353
          120.605542059329,23.554505805440314,1130.6528686869074
          120.60554341877041,23.554547429929027,1131.3967396929277
          120.60554196592763,23.55459414226866,1132.228987837579
          120.60553536056999,23.55464111899647,1132.8577897044593
          120.60552493601308,23.554681777673306,1133.1450310553
          120.60550893393469,23.554720551089265,1132.7868330238707
          120.60549194564423,23.55475076672739,1132.971514207515
          120.60549066971214,23.554751585665812,1133.1438132860285
          120.60548579436401,23.55475898473199,1133.2985185259859
          120.60547598579072,23.554775184638203,1133.238603833707
          120.60546254069438,23.55478871570925,1133.2830112121912
          120.60543393220885,23.55481995236635,1132.962327527076
          120.60541890150905,23.554836892640306,1133.0628608052994
          120.60540517537447,23.55485629790429,1132.5548694773727
          120.60538422628949,23.554878077843448,1131.9292061447857
          120.60535786535222,23.55490500742895,1131.269414979094
          120.60532998134603,23.554932837756194,1130.9373796972243
          120.60530510596166,23.554958351031242,1131.1084101760546
          120.60528218815854,23.554979327027375,1130.7516301489115
          120.6052599909383,23.55499976192866,1129.5357376314303
          120.6052406739512,23.55501782437381,1128.9079460587989
          120.60522228775017,23.555035167665373,1128.049351528838
          120.60520058804607,23.55505568249427,1127.3435429321182
          120.60518325911632,23.555072065039372,1126.2350141898053
          120.60516822686554,23.555086924335058,1124.7588562651474
          120.60516089550909,23.55509441014992,1124.0255075910723
          120.60515206101849,23.555106997466,1123.3072975533885
          120.60514107030711,23.555121599022872,1122.2908909087816
          120.60512836386651,23.55513179515683,1122.175631135365
          120.60512312571471,23.555136203882732,1122.2355749123235
          120.60511898331393,23.555142525625353,1121.8326807386213
          120.60511485527027,23.555148057214698,1121.2671949815137
          120.6051104877526,23.555155723770493,1120.4893784654514
          120.60510408010045,23.55516368326803,1119.3489258386553
          120.60510223824903,23.555165696879396,1118.9931701822552
          120.60510255115878,23.555165135412157,1119.0362504106095
          120.60509764606195,23.555171610288838,1117.2983812166747
          120.60509929919057,23.55517061167782,1116.4656506584488
          120.60510136121242,23.55516872268131,1116.0510335419383
          120.60510347688388,23.555168932409284,1116.0346371369455
          120.60510131925228,23.555171381095175,1116.3424105740005
          120.60509615426666,23.555174624197345,1115.9458454038258
          120.60509473206774,23.555175090436503,1115.8378810634345
          120.60509612241466,23.555175201041,1115.8448643553575
          120.60509790058958,23.55517686043044,1116.0457204600154
          120.60509589550978,23.55517553284527,1116.1554797609513
          120.60509944229591,23.5551764944588,1115.9249360140582
          120.6050922784466,23.55518051194796,1115.40523324009
          120.60509031523308,23.55518304394262,1115.3629499898661
          120.60508899614167,23.555183501855556,1115.8218537603027
          120.60508832666213,23.55518299892637,1116.1411109706087
          120.60508116096572,23.555190525858514,1115.4050953403728
          120.60507259758434,23.55520089254895,1113.797033805083
          120.60506476188328,23.55521037495472,1112.459773148175
          120.6050638733273,23.55521200748507,1112.1609050451414
          120.60506501145058,23.55521144439347,1112.340274220883
          120.60506305622269,23.5552128966184,1111.9871660400815
          120.60506040394992,23.555215755268968,1111.3125142757474
          120.60505544388002,23.555219784783784,1110.512113704165
          120.60505100737646,23.55522590105368,1109.8784315173402
          120.60504481400953,23.555230145947586,1109.166502420748
          120.60502950199918,23.555239279996847,1108.1421873300667
          120.60501814076702,23.55525044725637,1107.303089101638
          120.60501446418886,23.55525524340207,1106.9220724323022
          120.60500750202742,23.555264575045783,1106.2340014186648
          120.60500034349499,23.555273862134133,1105.6004051447192
          120.6049908209635,23.55528591626289,1104.8623143352386
          120.60497704874732,23.555303236809678,1103.9751520615116
          120.6049603108313,23.555324283453995,1103.1922130130524
          120.60494239630225,23.55534676419947,1102.206536666938
          120.60492523622447,23.555368207069154,1100.640312417071
          120.60490473498577,23.55539379224795,1098.6595070488522
          120.60488494235045,23.555419106674165,1097.469318355361
          120.60487315549442,23.555434378829037,1096.4587241793672
          120.60486750622009,23.555441748605233,1095.557791534682
          120.60486746994393,23.55544182776014,1095.2851502913056
          120.60485589310274,23.555432754468644,1095.2298640629551
          120.60485331989575,23.555451866794375,1094.4918365967842
          120.60484305732781,23.555473042227284,1094.0968204282606
          120.60482419931711,23.555499366287002,1093.8902374893732
          120.60480083838796,23.555529461659674,1093.068997409102
          120.60477533637234,23.555562868216676,1092.9053897342515
          120.60474605009688,23.55560222473603,1093.6052388020998
          120.60472637133837,23.555637315559455,1094.3060493325463
          120.60469724618025,23.555677711010517,1094.2617724286997
          120.60466448815487,23.555711693624577,1093.5995152008502
          120.60462891256404,23.55574760470341,1093.0161370561989
          120.60459674320161,23.55578924753973,1092.0625725589653
          120.60457377760727,23.555824838726412,1091.4509999819668
          120.60453927184052,23.55586580287093,1090.626999840371
          120.60449796737402,23.55590815583674,1089.945775494227
          120.60445215634664,23.555947537179726,1089.7444745971247
          120.60440925196323,23.555979532889857,1090.3477933544584
          120.60437757097412,23.555999197530134,1090.7649838808252
          120.60437074906712,23.556002567776464,1090.939155299317
          120.60437218149075,23.55600125470929,1090.8512209700818
          120.60437560238655,23.55600102537907,1090.768106501633
          120.60437873779603,23.556003684138503,1090.745720531061
          120.60437559420525,23.55600114408479,1089.8480093319645
          120.60437426462798,23.555999881810116,1089.5956306984053
          120.60437249434564,23.55600067876743,1089.3753040686734
          120.60437586561736,23.555998830223555,1089.3048337750217
          120.60437894844793,23.555999299389192,1089.267484989925
          120.60437296446325,23.55600157823518,1089.7056201980795
          120.60436885278916,23.556003281497265,1089.8249418605737
          120.60435132724415,23.556012296009943,1089.8283140827518
          120.60431769103181,23.556029772416654,1089.47641423879
          120.60428802095058,23.556045198143096,1089.01230210747
          120.60426101808638,23.556060067224806,1088.3665496267097
          120.60422908809842,23.55607903132781,1088.3122726409094
          120.60418901558054,23.556107935229857,1088.245305185177
          120.60415605742222,23.556137611872217,1087.7327612298186
          120.60412667694773,23.55616276474982,1087.8875164137803
          120.60410031416681,23.556188226189494,1088.0383319755067
          120.60407796563257,23.556214409985905,1088.4907129596181
          120.60406107147833,23.556235624628773,1088.1239794049013
          120.60404664503238,23.556255061065286,1087.4694297032831
          120.60403519133733,23.55627071167479,1086.732640237777
          120.60403147107438,23.5562820649098,1086.2445287727414
          120.60402643136949,23.556296824568218,1085.0265927611836
          120.60401660807746,23.556312947262217,1083.6148556488097
          120.60400422215733,23.556330795124573,1082.2920506396804
          120.60399072957819,23.556349951971246,1081.9342800768243
          120.60397919046702,23.55636649460655,1081.7789534138458
          120.6039683967167,23.55638217927221,1080.8365529621806
          120.60395758854332,23.55639863804033,1079.8763912320014
          120.6039468744879,23.556415681754224,1079.0467567098924
          120.60394052467788,23.556425899848705,1078.266671527447
          120.60392935982753,23.55644379099531,1077.5420532038727
          120.60391854215544,23.556461122141286,1076.556464568142
          120.60390665892909,23.556480216209238,1076.2881340298352
          120.60389186640222,23.556504010932354,1076.1049145994075
          120.60388017378366,23.55652563304593,1075.7052340071675
          120.60387057975323,23.55654120208074,1075.1933453905167
          120.60386005835534,23.556558814095453,1073.718039754306
          120.60385101687454,23.55657733804398,1071.9666474352507
          120.60384361284025,23.556594698929032,1070.1941938033056
          120.60383249808157,23.556611295640167,1068.247060040514
          120.60381965248618,23.556631623264302,1067.354620407036
          120.60381313992522,23.556653027720344,1065.4537447848309
          120.60380296288237,23.556668729089765,1063.6925032959289
          120.60379526051177,23.556684562348185,1062.155590409128
          120.60378666430864,23.55670622785474,1060.2915809086865
          120.60377520847175,23.55674184570058,1059.2321745925594
          120.60376434195608,23.556777833765633,1057.89473991301
          120.60375337532217,23.556814548993575,1056.7811200329481
          120.60373980794783,23.55686022368723,1055.9320323596771
          120.60372750613661,23.556910999347625,1056.0958261034145
          120.60371939455504,23.556949062692784,1055.684089831405
          120.60371319151695,23.556999933000625,1055.6345364675972
          120.60370560891802,23.55704770920728,1055.3062363832485
          120.60370129774525,23.557093834703178,1055.5433632453548
          120.60370056759182,23.557139797794136,1055.7201562765465
          120.60370414204314,23.557181211847976,1056.0778097187801
          120.60371332855195,23.55722800013735,1055.7902182666103
          120.60372570135968,23.557265692224057,1054.7985058141414
          120.60374254371449,23.55730192549492,1053.9480772673328
          120.60376209161706,23.55732989557539,1052.866791988548
          120.60378297014196,23.557351179865524,1051.861732357471
          120.60380837551759,23.557371159529136,1050.3863838088475
          120.60383241321418,23.55738604931289,1049.3930518376535
          120.60386043112352,23.557401316326732,1048.8716626696396
          120.6038839904354,23.557413119061724,1048.4874574815979
          120.60391545102824,23.55742673441248,1047.872385597073
          120.60393721138765,23.557435840209266,1047.1570823175819
          120.60394771981868,23.5574397383464,1047.5208256760138
          120.6039677058764,23.55744672189891,1047.9871840758994
          120.60399117110462,23.557454995187154,1047.2114252424135
          120.6040191094809,23.557465010935875,1046.6442797102936
          120.60404899910135,23.557475875231813,1045.4596388730295
          120.60407082057417,23.55748384694186,1044.4385859429276
          120.6040881691355,23.557490191991118,1043.5966927532527
          120.60411209359361,23.55749907307213,1041.7923783359474
          120.60414120844212,23.557510988492258,1039.6281046446506
          120.60416715765449,23.55752188270541,1038.4746789878948
          120.60418093493296,23.55752770256547,1038.6077484846376
          120.60419200502537,23.557532359862304,1038.9062340519747
          120.60419845922571,23.557535064105615,1038.9628277040242
          120.60421046304138,23.557540889152104,1038.582749419392
          120.60421040700412,23.55754083539873,1038.6500928712176
          120.60421627151773,23.557543966768414,1038.8665106400992
          120.60423904707473,23.557555963953547,1038.0136651296546
          120.60427837262527,23.557578955671495,1036.7763673453912
          120.60433133542557,23.557619410228295,1035.458739866846
          120.60436279661674,23.55764706395499,1034.3470715890448
          120.60439250541839,23.557677701904183,1033.4356666076508
          120.60441980447432,23.55770870159171,1032.84150249285
          120.60444340683905,23.557737621907645,1031.9933194218304
          120.60447080438789,23.557772310497146,1031.3377646997583
          120.60449248219126,23.55780146720212,1031.0092167767095
          120.60450805613819,23.557823039821084,1031.3848177958616
          120.60452776468918,23.557850270779035,1031.9067225215208
          120.60454937221917,23.557879934470375,1032.081256298429
          120.60457465960357,23.557914515167948,1032.5888428716
          120.60460009676892,23.557949261317656,1032.7629160423367
          120.60462293250278,23.55798045096097,1033.0119106918307
          120.60464522314062,23.558009007657997,1033.4363474081842
          120.60465722040293,23.558023740774885,1034.0900511839534
          120.6046785084758,23.55804959305779,1034.5966524853786
          120.60469939370604,23.558074742766358,1035.3550379432295
          120.60472277187498,23.558100359279468,1035.5518287424045
          120.6047475083809,23.558124941746694,1035.8165857108581
          120.60477726663927,23.558152459679842,1035.9732536565962
          120.60480075613651,23.55817259700397,1035.5335245289036
          120.60482728845652,23.558192266231828,1034.747152046124
          120.6048575648629,23.558212095091697,1033.8278368754893
          120.6048919123339,23.558232429073627,1032.6503189191337
          120.60492755210834,23.558251937561117,1032.0141826637873
          120.60496519497931,23.558270451921786,1031.8663588113197
          120.60499856453583,23.558286764987713,1031.0813876660873
          120.60503125001891,23.55829993616896,1030.6647119189154
          120.60506824320498,23.558313930179146,1029.9497442515171
          120.60509618359151,23.55832430675754,1028.8800112583876
          120.60513374285503,23.558337643328215,1028.0817214370477
          120.60516183549716,23.558347495436376,1027.7701724783385
          120.6051962830754,23.558359623386313,1027.1510149895191
          120.605239669368,23.558374943712924,1026.8544201130544
          120.60529350174444,23.55839409570098,1027.2672988851164
          120.60533795147194,23.55841063408728,1026.4195527423196
          120.60533210869114,23.558425094159087,1026.194402664558
          120.60528235688098,23.558472918972765,1025.632668230584
          120.60521056279471,23.558527701846835,1024.3756335005148
          120.60516027018313,23.558545685133762,1023.1146970850021
          120.60512439932364,23.558561188981006,1021.9031599584721
          120.60509357763834,23.558577563348965,1020.9513618408953
          120.60506133906532,23.5585929830233,1019.6534201799354
          120.6050218163991,23.558606718980926,1017.6659919367187
          120.6049822971576,23.558626552548315,1016.0230295469091
          120.60495115303425,23.55863968320616,1014.8430882660248
          120.60491864522307,23.55865178041275,1013.8104345528894
          120.60489310934327,23.55866028065033,1012.4630391822136
          120.6048515339529,23.558674089459988,1011.0159515950093
          120.60481046977094,23.55868789682204,1009.8778771639982
          120.60476179758723,23.558704694760543,1009.6036177983486
          120.60471309433184,23.558722193908558,1008.7806708372127
          120.60466523997759,23.55873994794541,1008.0825809539521
          120.60462127335673,23.5587579987855,1007.1099123491823
          120.60458050806076,23.558773622243,1007.1551026167153
          120.60454336639165,23.558785328336175,1007.6341702191016
          120.60450481355183,23.55880391315444,1007.1570866838666
          120.6044638475906,23.55882634672558,1006.4768745305099
          120.6044332684388,23.558846879977626,1005.9817539430272
          120.604406342721,23.5588667149189,1005.5487264242679
          120.60438226383457,23.558886211556935,1004.1849689809006
          120.60436165565991,23.558905882592658,1003.228685097279
          120.6043306609808,23.558938600578248,1002.2510034014804
          120.60430981144593,23.55896128553562,1001.9177487504693
          120.60429016508908,23.55899059575961,1000.9370057496504
          120.60427227676868,23.55902265012372,999.9026697907858
          120.60425307612348,23.559051723208913,998.9773251802137
          120.60422844819537,23.559086227065094,997.787992883773
          120.60418846166682,23.55912914052917,997.1327513916681
          120.60415974201169,23.559164094956184,996.5071712146163
          120.60412696371414,23.55920906603188,996.0144047169819
          120.60409741209048,23.559247698002867,996.1419394041253
          120.60406933426253,23.559281957614104,995.0391500564489
          120.60403880189313,23.559314740880186,993.4293344016127
          120.60401781344936,23.559343884258173,992.6613374873876
          120.60398752711762,23.559369445276484,991.8983264676652
          120.6039555168251,23.559388979514253,990.7525377398921
          120.6039323366211,23.559399643617784,989.6004666228632
          120.60390914977283,23.559407429216144,988.6178200192147
          120.60388235809796,23.559412941879792,986.8789704297857
          120.60385754538441,23.55941706829083,984.7783409439438
          120.60382357088199,23.559417636832883,983.3944501395109
          120.60378899762232,23.55941623080713,982.0396785007287
          120.60375746466455,23.559412425934564,981.6376270543842
          120.60373426094341,23.559409537342454,981.2452227438753
          120.60371122885826,23.559403473702982,980.3771246342537
          120.60368257097309,23.559392486647152,979.4633102157098
          120.60365474996102,23.55938148459308,978.8281640912245
          120.60362120080414,23.559367981962716,977.9005345595032
          120.6035930330609,23.559356039523976,976.9382229218324
          120.60356075383096,23.559341145868594,976.7019534384273
          120.60353461381945,23.559328576186076,976.1477427920788
          120.60349910732437,23.559310029144374,974.8488801969713
          120.60347281164259,23.55929565557713,973.1889925467614
          120.60344382613316,23.559279738017732,971.8659778873536
          120.6034241427081,23.5592690891056,970.739652112816
          120.60338616533701,23.559240446400274,970.2345474208979
          120.60330800562781,23.55927191441931,966.8721005157123
          120.60322810972072,23.559343765522186,967.0615408768376
          120.60320669415509,23.559404106882297,968.0571680512757
          120.60318761554142,23.559465594376892,968.0707384308485
          120.6031530018048,23.55950922519777,968.34397102114
          120.60310897920523,23.55954424626688,968.834185802919
          120.603072394713,23.55957441859434,968.8322162449998
          120.60304225673137,23.559609571472713,968.9983454748326
          120.60300365081002,23.55965071148648,968.5961745817283
          120.60296806570035,23.559685632083173,968.0471357202756
          120.60292957789427,23.559716669293547,966.9430593413928
          120.60290990704956,23.559754566540448,966.486780619894
          120.60289400841758,23.559791807596277,966.243695821169
          120.60289554256228,23.559832102189286,965.7938272922615
          120.60290177365094,23.55986835268799,965.3089245810203
          120.60289928447536,23.559906732106306,964.3690509067328
          120.60289901828662,23.559946194622885,962.974880360486
          120.60290497428257,23.559999204795936,961.99093572651
          120.60291518082136,23.56005518399725,961.5884511404004
          120.60291992933486,23.56010553361205,961.0940317406142
          120.60292156537469,23.56015534122624,960.9920339764215
          120.60293195858218,23.56019922291838,960.7750876061941
          120.60294060819916,23.56025083490894,960.7893705141066
          120.60294408540177,23.560308937316922,960.9209476600806
          120.60295552568667,23.560362921255308,962.4366816289212
          120.60296526867779,23.56041620947703,963.3472919858175
          120.60296723764388,23.560464478701487,963.6412979411476
          120.60298338520893,23.560510896129003,963.8927987449232
          120.60300209973664,23.560545673157883,964.1342419174453
          120.6030300900647,23.560580847792963,963.8470864066893
          120.60307126365467,23.56061941912736,963.8038409125007
          120.60311816080906,23.560651110417375,963.5601028050122
          120.60316342098795,23.56067349494935,962.3179463417925
          120.60321218769255,23.560703533097534,960.7495181054575
          120.6032506943487,23.560738802951132,960.5408439919112
          120.60326917558085,23.560763257773388,960.4729175112101
          120.6032639964185,23.560777401263536,960.61263330099
          120.603239861539,23.560793013695644,960.6397274643499
          120.60323226002976,23.560800511358774,960.9046768922659
          120.6032291328202,23.560803575708565,961.219912090506
          120.6032358555744,23.560804863692436,962.3898778777695
          120.6032215586258,23.560805731261393,962.7459831076083
          120.60322105463239,23.56081246162257,963.0240711893301
          120.60322409725806,23.560799269369372,964.1210395348188
          120.60322860898745,23.560795438596937,964.7506677382632
          120.60323002407259,23.56079712132707,965.2374832852979
          120.60323277104693,23.560799632117774,965.0785255760595
          120.60323790883899,23.56080098994176,965.0703650928433
          120.6032494117098,23.560805717897438,965.2423594081847
          120.6032843292517,23.560812241811185,965.3597420707506
          120.60332515254524,23.560813537672882,965.0658018084783
          120.60337226229183,23.56081820449934,964.0704689876064
          120.60342134565451,23.56082530106457,963.5123280975745
          120.60346425930086,23.560824927615904,963.4768677505342
          120.60347272836388,23.56082698401457,962.8673769089907
          120.60349805656055,23.560828412510073,962.3691393488505
          120.60352578321181,23.560829071074515,961.8364030843582
          120.6035108596988,23.560828664577098,962.0385050613496
          120.6034834839968,23.560828027718916,962.4404665480267
          120.60347199657663,23.56082774002977,962.7164510417809
          120.60347614699481,23.560827861475627,962.7986312636805
          120.60350383905819,23.560828380532442,962.6313775945772
          120.60353513907278,23.560829058146,962.6250468700222
          120.60355942023624,23.560829498012872,962.1146191482038
          120.6035873947887,23.560829888277603,961.5532113293925
          120.60362334026775,23.56083035616533,961.318750706047
          120.60366028710129,23.560830839525398,961.4604371024839
          120.60370472234607,23.56083143155591,961.3051237852443
          120.60375030572503,23.56083359425874,960.9315523197963
          120.6037914854679,23.56083769675534,960.6556422070413
          120.6038301986425,23.56084791095428,960.2527524406092
          120.6038751945524,23.560856607164922,959.9299176715995
          120.60389485771924,23.56086145820929,959.9441943302858
          120.60389815141201,23.56086152157745,959.7445097131886
          120.60390379324745,23.560863986250297,959.1832387865921
          120.60393211315345,23.56087649068996,959.6220932992061
          120.60397740277871,23.560892905464097,960.2778930153986
          120.60402468342792,23.56090715630832,960.8407171320903
          120.60407102448832,23.560920258850913,961.3200523348434
          120.60410915473973,23.56093081102719,961.471517583334
          120.60414683353913,23.560940898822544,961.3143579977094
          120.60418657250358,23.560951426549654,959.9997325151217
          120.60422934073277,23.560962770328317,959.7161685500457
          120.60424367926377,23.56096657656998,959.8247333914123
          120.60428072607992,23.56097584928099,960.0030161982241
          120.60433005381091,23.560988723281778,960.1532893843113
          120.6043783190041,23.561001179418117,960.512118708281
          120.60440822420207,23.561008842228887,959.4593640551275
          120.60444869461878,23.561016909388616,960.2590272453646
          120.60449095530338,23.56102157855342,960.9854542620932
          120.60453643123174,23.561023948991874,961.1426716361423
          120.60458081280854,23.56102496643759,961.2318450587776
          120.6046163624024,23.561025437963675,962.1026763093562
          120.60465798388269,23.561026094845552,962.7012661514977
          120.60469854759994,23.561026828827636,962.5252069813877
          120.60472715686511,23.56102737237883,962.3123403686023
          120.60476726442496,23.56102813325237,961.7507953771398
          120.6048115894636,23.56102896892859,961.5437346769977
          120.6048639790249,23.561030519314,961.9913187400539
          120.60491670394248,23.561032471061885,962.7262280051567
          120.60495616339234,23.561034006064272,963.108271646193
          120.60500114656975,23.561036077890666,962.3337170697042
          120.60504833480094,23.561038470471335,961.6065440135466
          120.6050865996206,23.561040435871426,961.2663888320602
          120.60511889911074,23.561042076971834,961.2564928442677
          120.60516122128435,23.561043628224486,961.3659070680699
          120.60520548820938,23.561047080613367,961.2997761963175
          120.60526124574115,23.56105306490005,960.5733560628051
          120.60531056111824,23.561060857616233,959.4883520359981
          120.60535704521794,23.561068952084042,958.874569295011
          120.6053839610296,23.561073301274767,958.3663654978265
          120.60539976540458,23.5610751951118,957.9306733892951
          120.60540116105618,23.561075185545473,957.6785743385244
          120.60540214926598,23.561080848782176,957.6124389685759
          120.60540762128308,23.56107803213539,957.8931239248565
          120.60540980244728,23.561076560347868,958.6225082388472
          120.60540299151029,23.5611009906947,958.8821260673197
          120.60539957084302,23.561172198582096,958.4278285450611
          120.60540445871118,23.561271652092703,957.5992442088832
          120.60541787230017,23.561325667674158,957.6254432770381
          120.60544971781134,23.56136042028445,957.5504312684916
          120.60544871429501,23.561402773906917,957.8933291331256
          120.60541667685781,23.561480777647887,958.0854430387581
          120.60539646610226,23.561542910066933,959.0205703466074
          120.60538682185431,23.561581434636842,959.4808959507483
          120.60537651192247,23.561628549763977,960.0347980582749
          120.60536838203461,23.561668879670588,960.7460086618845
          120.60536209618724,23.561709455441353,961.6805316230514
          120.60535783833689,23.561746775187427,962.9072407906945
          120.60535727026647,23.561783549080836,963.651443424627
          120.60535838868068,23.561817785742466,963.7697786193321
          120.60536101986622,23.561853648671143,963.7708172148375
          120.60536509196885,23.56189789874566,964.0183144199825
          120.60536759685391,23.561937732248637,964.4250384523452
          120.60536734341258,23.56198792354148,964.5683172439971
          120.60536574261641,23.56203103008426,964.9003155178575
          120.60536017549569,23.562079200503536,965.348563068874
          120.60534539317204,23.562132693596347,966.1188017298863
          120.60530299754265,23.562168903824176,966.5897987488096
          120.60525427749744,23.562180467978155,967.5572728233941
          120.60521143875116,23.562177085379467,968.128817867462
          120.60516047477427,23.56216378061054,968.4665843547521
          120.60511060093262,23.56215778894786,968.5490718534659
          120.6050621687625,23.56215584338566,968.6482878280731
          120.6049957209441,23.562154571922065,969.1195249145895
          120.6049320733328,23.56215580365037,969.4860049573809
          120.60487546257058,23.56213843856162,969.8182536213981
          120.60482222349542,23.562095818596926,970.1133316420461
          120.60480535434434,23.56208837750731,970.6186348774099
          120.60479628779542,23.562112927524588,972.1603780702598
          120.60481284325594,23.5621628052525,973.3167035127236
          120.60482997651593,23.562196670405235,974.5037455679376
          120.60482673395154,23.562219805785336,975.6124960369702
          120.60482280510011,23.56223302475245,975.7382975339241
          120.60482052947887,23.56223892087156,977.6056420291128
          120.60481996078252,23.562238836633277,978.7825782825689
          120.60481988330382,23.562237190687807,979.6590689857446
          120.60482265544003,23.56221803633494,981.6643392388835
          120.60478761263573,23.56219533070396,982.8459393246204
          120.60469870077753,23.562193269700725,982.9929594986081
          120.60462608738527,23.56220012456287,983.1556394894703
          120.60459410672541,23.562169165251177,982.9653179135095
          120.60459475632985,23.56211898557965,982.4662161025776
          120.60457225360375,23.562071560846853,982.2945852095634
          120.60455903395572,23.562016497761334,982.2866687959727
          120.60454827319911,23.561976669012267,982.2819706389049
          120.60456048705893,23.561960130002124,981.8659476785009
          120.60457434983165,23.56195002709455,981.855846362164
          120.60457589425862,23.56195264361109,981.0492785065236
          120.60456485933955,23.561963850609192,980.4357713447105
          120.60456768599245,23.561961644735472,980.2356113400906
          120.60457257392231,23.56195982912845,980.1455113446988
          120.60457665879457,23.561959457934353,979.6940266224846
          120.6045749451277,23.561958280765115,979.4790311544646
          120.60457315527535,23.56195602279802,979.4045847302486
          120.60456974992593,23.561954543139883,979.1681365608435
          120.60456932438136,23.561948298655306,979.5469323109428
          120.60457229740126,23.561939830610132,980.3817339901562
          120.60457331329988,23.561938370065928,980.7305375634935
          120.604578154605,23.561941653480325,980.8927359925042
          120.60458164070515,23.56194328619851,980.7357142314403
          120.6045802518436,23.56194262287345,980.9892933403464
          120.60457909694036,23.561942423553297,981.0962087985698
          120.6045791442253,23.561942624257608,981.3360392288661
          120.6045834137467,23.561943595338885,981.2668228691947
          120.60458553269886,23.561942091350566,981.2749992411299
          120.60458564426284,23.561939163086592,981.4097690720616
          120.60458602663051,23.56193576296104,981.8133939119779
          120.60458679655267,23.56193489997809,982.1022299889398
          120.6045872521113,23.561934502821618,982.1665745779235
          120.6045870960948,23.561934572851857,982.0070090211041
          120.60458788276745,23.56193502598925,982.0834046630588
          120.60458314942116,23.56193366196926,982.4896838799131
          120.60457917961749,23.56193238712884,982.5475168777606
          120.60458025880476,23.561934521799092,982.4833528594975
          120.60457638684527,23.561933446644996,982.2798026500708
          120.60457255507488,23.561933562355726,981.9347831916626
          120.60457187543818,23.561933496449488,981.8453380614084
          120.60457906229192,23.561934900017835,982.1612315408203
          120.60458106880196,23.561933243975734,982.1968050587669
          120.6045792330615,23.56193668292384,981.8890331178374
          120.60456851533152,23.561953368671812,981.215962829197
          120.60456597604409,23.561949235778137,981.2852357240696
          120.60457250355162,23.561947034350435,981.0606214918549
          120.60457653816621,23.561946655447116,980.8005927041733
          120.60458184424523,23.561947267441123,980.6371368212912
          120.60457904621958,23.5619475531018,980.4731902332933
          120.60455503008342,23.561965370436326,981.4785120671874
          120.60452987026903,23.561967132001836,981.160719655318
          120.60449537257058,23.561967019107016,978.7360915452615
        </coordinates>
      </LineString>
    </Placemark>
    <Placemark>
      <name>三元宮</name>
      <description></description>
      <Point>
        <coordinates>120.60403742777652,23.561871455927104,0</coordinates>
      </Point>
    </Placemark>
    <Placemark>
      <name>太平老街|old street</name>
      <description></description>
      <Point>
        <coordinates>120.6044831469946,23.56097684811799,0</coordinates>
      </Point>
    </Placemark>
    <Placemark>
      <name>竹林茶坊</name>
      <description>孝子路步道出入口</description>
      <Point>
        <coordinates>120.60591560050977,23.56088656891555,0</coordinates>
      </Point>
    </Placemark>
    <Placemark>
      <name>太平國小</name>
      <description></description>
      <Point>
        <coordinates>120.60614377671692,23.561289683724482,0</coordinates>
      </Point>
    </Placemark>
    <Placemark>
      <name>一抹紅趣藝術裝置</name>
      <description>孝子路步道出入口</description>
      <Point>
        <coordinates>120.60332482670316,23.559309564559186,0</coordinates>
      </Point>
    </Placemark>
    <Placemark>
      <name>涼亭</name>
      <description>往大巃頂步道</description>
      <Point>
        <coordinates>120.60532596266575,23.55844923337594,0</coordinates>
      </Point>
    </Placemark>
    <Placemark>
      <name>大巃頂觀光茶園</name>
      <description></description>
      <Point>
        <coordinates>120.60671139692425,23.5533358201166,0</coordinates>
      </Point>
    </Placemark>
    <Placemark>
      <name>奉天岩</name>
      <description></description>
      <Point>
        <coordinates>120.60569252069126,23.543005767710696,0</coordinates>
      </Point>
    </Placemark>
    <Placemark>
      <name>大巃頂西北峰</name>
      <description>海拔高度:1130m</description>
      <Point>
        <coordinates>120.60549138007661,23.554730784235403,0</coordinates>
      </Point>
    </Placemark>
    <Placemark>
      <name>大巃頂</name>
      <description>海拔高度:1169m</description>
      <Point>
        <coordinates>120.60629938538352,23.55338729553975,0</coordinates>
      </Point>
    </Placemark>
  </Document>
</kml>