<?xml version="1.0" encoding="UTF-8"?>
<kml xmlns="http://www.opengis.net/kml/2.2">
  <Document>
    <name>獨立山步道</name>
    <Placemark>
      <name>路線軌跡</name>
      <LineString>
        <tessellate>1</tessellate>
        <coordinates>
          120.6029297,23.5598325,982.2999877929688
          120.6029297,23.5598325,982.2999877929688
          120.60294808353495,23.559779055083943,984.6116333007812
          120.60295891551452,23.559717767632048,983.3565673828125
          120.60297675920218,23.55965342881157,984.3104248046875
          120.60301884160354,23.559610967036416,984.1069946289062
          120.60306309859556,23.559564049580057,983.8665161132812
          120.60310628764162,23.559520423611563,989.1458129882812
          120.6031583481609,23.559493593613755,986.4136962890625
          120.60318675750841,23.559444705626255,985.8191528320312
          120.60321638519525,23.55938863138663,986.8232421875
          120.60323583950795,23.559333521202028,971.0911254882812
          120.60323756051767,23.55927439221487,992.6705932617188
          120.60323486631145,23.559214279530437,988.1232299804688
          120.60322798208627,23.559152825447242,988.5275268554688
          120.60320787410643,23.559096450647733,987.42041015625
          120.60316925355771,23.559045969251983,989.5315551757812
          120.60312363171023,23.559009143580735,988.6146850585938
          120.60310548712113,23.55895448476905,990.0309448242188
          120.60308327181968,23.55889746137001,993.5874633789062
          120.60305345788434,23.558844166246608,991.14599609375
          120.60302359301839,23.558791845101496,990.9346313476562
          120.6029881760634,23.55873681498756,992.131591796875
          120.60295681881178,23.558689552882733,993.96533203125
          120.60292090661969,23.558644500872376,994.427734375
          120.60287882384715,23.558606772923063,992.0364379882812
          120.60283929965394,23.558564517502333,992.3746337890625
          120.60281181325703,23.558510570063387,993.1779174804688
          120.60277175794559,23.558463997537935,992.533203125
          120.60271340417724,23.55844397225945,994.469970703125
          120.60264572790787,23.558422803509405,994.4356079101562
          120.60259930964374,23.558398373379035,995.5929565429688
          120.60253895409352,23.55837320886932,993.917724609375
          120.60247134702283,23.558346197755068,995.5639038085938
          120.60242864576195,23.558310977150416,994.5043334960938
          120.60238520710509,23.558279923706177,996.2984619140625
          120.6023546472229,23.55824096010944,994.9799194335938
          120.60231901412311,23.55817510120521,980.5452270507812
          120.6022974598417,23.558125919865706,998.4334106445312
          120.60229324268299,23.55806119006272,996.319580078125
          120.6022891729485,23.558002158125927,997.5905151367188
          120.6022883193181,23.55794812284655,1000.0663452148438
          120.60229252850753,23.55789073799635,1000.1297607421875
          120.60232603215842,23.557841389102947,1001.1892700195312
          120.60236938039526,23.557800964329495,1002.2620239257812
          120.60240785798051,23.557764431574235,1004.3758544921875
          120.60245129673343,23.55772824898884,995.067138671875
          120.60248292170684,23.557683024237804,1003.295166015625
          120.60250622769608,23.557615128798545,1004.4181518554688
          120.60251597155779,23.557558096546067,1004.8990478515625
          120.60249737342804,23.557504280584215,1005.099853515625
          120.6024333694966,23.55748693699251,1005.6282958984375
          120.60237119590462,23.55748377456105,1005.0628662109375
          120.60231695938197,23.557514188109067,1006.0035400390625
          120.60226731707883,23.557550144965575,1005.7656860351562
          120.60222216597872,23.557596774670575,1005.9136962890625
          120.60216997555771,23.557633180484274,1006.872802734375
          120.60211761604646,23.55765252723493,1006.3892822265625
          120.6020582013547,23.55764476709227,1006.2968139648438
          120.6020190527672,23.55760396002197,1006.9758911132812
          120.60200198019123,23.557549779284642,1007.2242431640625
          120.60201284621682,23.557488839799646,993.9547729492188
          120.60203917573423,23.557439532553694,1009.54150390625
          120.60208054392264,23.557404452347253,1008.2969970703125
          120.60210891505433,23.557341420319972,1010.2100219726562
          120.60213222827325,23.557289712916514,1012.0939331054688
          120.60214942213872,23.557233477230756,1011.6077880859375
          120.60215402480588,23.55717118468356,1012.9077758789062
          120.6021563447226,23.557111831107754,1013.6740112304688
          120.60213173240815,23.557054114584567,1012.955322265625
          120.60209401631609,23.557016165778066,1015.3729858398438
          120.60203822774123,23.556985260755706,1015.4205932617188
          120.60197443684557,23.55697607350878,1017.1221923828125
          120.60191624323271,23.5569678837756,1015.5817260742188
          120.6018569369782,23.556956515628347,1015.922607421875
          120.60179656470451,23.556948126370823,1017.0350341796875
          120.60173149251506,23.556938478396226,1016.6756591796875
          120.60167115838763,23.556918556164245,1017.3784790039062
          120.60161196643071,23.556898320840936,1019.0986328125
          120.60156311690157,23.556865482549778,1019.1382446289062
          120.60152568194167,23.556813637726894,1019.6878662109375
          120.60148674197957,23.556771549605887,1019.75390625
          120.60145958439587,23.556718151172184,1020.8372192382812
          120.60142663872438,23.55666522717523,1020.8504638671875
          120.60140082836378,23.55661382149811,1021.8492431640625
          120.60136816166558,23.556562521433754,1022.435791015625
          120.60134004054942,23.556506554290017,1021.1965942382812
          120.60131134147042,23.5564574072507,1025.968505859375
          120.60128628748053,23.556406224559407,1023.5931396484375
          120.60124978386729,23.556356305265815,1024.9671630859375
          120.6012434740024,23.556303746098305,1024.7716064453125
          120.60126764152405,23.556249617891098,1025.00146484375
          120.60132231197076,23.55621835397583,1025.7359619140625
          120.60137151362272,23.556184639140064,1025.878662109375
          120.60142904648544,23.55615904873471,1025.7862548828125
          120.60149643912287,23.556133158872832,1027.458740234375
          120.601545402801,23.55610171548583,1027.923828125
          120.60156960650201,23.556053632182216,1028.3544921875
          120.60158132481577,23.555990923900886,1030.978271484375
          120.60157417140428,23.55593189116701,1030.8487548828125
          120.6015519469837,23.555874772981838,1030.6982421875
          120.60153198568254,23.555818933194026,1034.009033203125
          120.60148451421698,23.55578134903345,1032.0880126953125
          120.60144476442763,23.55573707912537,1033.3590087890625
          120.60140116565641,23.555694586408283,1034.3973388671875
          120.60135581293301,23.555654921535915,1036.4107666015625
          120.60130700499697,23.555616620642386,1036.58251953125
          120.60125510585756,23.555556692410594,1038.3687744140625
          120.60125647540875,23.555500214107557,1037.478271484375
          120.60127605176324,23.55544680546698,1038.1890869140625
          120.60131893834756,23.555415022631266,1039.219482421875
          120.60135687392578,23.555366194925764,1040.432373046875
          120.60139608915053,23.555327182368895,1038.3819580078125
          120.60140877358296,23.555275986144736,1038.4664306640625
          120.60144919431737,23.55522570227861,1039.9990234375
          120.60148913542051,23.55517959799002,1045.159423828125
          120.60152413870838,23.555130860009456,1040.2236328125
          120.60154763278233,23.555074579674304,1041.074462890625
          120.60158611169551,23.555027102494154,1035.4754638671875
          120.6016442913331,23.555000810634095,1043.82763671875
          120.6017083086561,23.55500496368812,1042.443115234375
          120.60177887409482,23.55501700089279,1039.0029296875
          120.60183885427963,23.555046879090636,1044.21875
          120.60189778489693,23.555068883623534,1042.398193359375
          120.60195429718749,23.555073441674217,1040.4296875
          120.60201119403614,23.555092785991686,1041.267333984375
          120.60204273293823,23.555139856694304,1043.8038330078125
          120.60211472602347,23.555160746404578,1041.742919921875
          120.60217650241097,23.555178498390553,1041.3492431640625
          120.60222848794659,23.555206167783147,1041.801025390625
          120.60229167049646,23.555235731130047,1039.0531005859375
          120.60233853842037,23.55527220728133,1043.1539306640625
          120.6023913448957,23.555291241801093,1043.0640869140625
          120.60245527853377,23.55531791431543,1043.906982421875
          120.60251415677452,23.55534642236993,1038.625
          120.602571039512,23.555367154660978,1042.3955078125
          120.60263599842867,23.555373748663843,1043.0799560546875
          120.60269674800914,23.55537512043772,1040.7784423828125
          120.60275626312074,23.55536862284291,1043.9888916015625
          120.60281880118261,23.555366236532766,1043.3837890625
          120.60288058942173,23.55534944149593,1044.099853515625
          120.60294712098127,23.555332489709798,1042.237060546875
          120.60300775038134,23.555310955267217,1045.2200927734375
          120.60307020218117,23.555299475984825,1043.116943359375
          120.60313556289675,23.555305398585084,1043.8541259765625
          120.60319957046825,23.555315325320453,1042.263427734375
          120.60325165634352,23.55535369518067,1041.6160888671875
          120.60329425660545,23.555390302253432,1041.7587890625
          120.60334970402084,23.55543018239119,1042.31103515625
          120.60340986208303,23.555440450182026,1041.1351318359375
          120.60347596553038,23.555433756587927,1042.3348388671875
          120.60354194566645,23.55543591263364,1042.099609375
          120.60360123722336,23.555407669376876,1042.4510498046875
          120.6036504322597,23.555375922576882,1042.128662109375
          120.6037024077558,23.555349986910986,1042.32421875
          120.60375669807412,23.555320247646392,1042.9239501953125
          120.60381197520618,23.5552989339942,1042.8526611328125
          120.60386979131835,23.55527340394738,1042.50390625
          120.60392059033109,23.555239800005875,1042.9874267578125
          120.60398456885125,23.5552077697585,1042.8050537109375
          120.60400650739867,23.555154910451538,1042.26611328125
          120.6040361755109,23.55510259167211,1044.041748046875
          120.60407878414918,23.555057436337208,1043.3731689453125
          120.60410308824304,23.555016046019553,1045.3681640625
          120.60413650574722,23.554964884169728,1043.0614013671875
          120.60417390456456,23.554914875183933,1045.3575439453125
          120.60420887797414,23.554857805026014,1049.9180908203125
          120.60422661128884,23.554799508908495,1043.859375
          120.6042529723711,23.554748925810266,1032.63232421875
          120.60427353903351,23.554691549616066,1045.8040771484375
          120.60427905843287,23.55463231239548,1046.5228271484375
          120.60427173689271,23.554571766794993,1053.028076171875
          120.60426759585306,23.55451246848415,1044.665283203125
          120.60425513944618,23.554458625290422,1033.3272705078125
          120.6042333910371,23.554402095450545,1043.8699951171875
          120.60422117378505,23.554348233935947,1043.4312744140625
          120.60420472579155,23.55429567555701,1044.2689208984375
          120.6042042339465,23.554233772471203,1044.6044921875
          120.60420346277881,23.554176650180747,1043.0745849609375
          120.6042191539962,23.5541210755816,1042.7813720703125
          120.60421585401969,23.554062846756796,1043.259521484375
          120.60422763591731,23.55399762273481,1042.8394775390625
          120.60424492578001,23.55393263078276,1043.3203125
          120.60423733790088,23.553871117924732,1043.6690673828125
          120.60424358635474,23.553811681022996,1043.6744384765625
          120.604248224579,23.55374990453208,1042.7734375
          120.60426841817554,23.553693172696626,1042.6466064453125
          120.60426820463907,23.553637607158038,1043.4947509765625
          120.60432124616439,23.553600507054853,1043.021728515625
          120.60435731348501,23.553548938589547,1044.3165283203125
          120.60438460402281,23.553500578887384,1042.6280517578125
          120.60440280788546,23.553445976105536,1044.3428955078125
          120.604417322921,23.55338653468341,1042.950439453125
          120.60445429960774,23.55333736433459,1042.0626220703125
          120.60443194933836,23.553286298172466,1042.9847412109375
          120.60445025370714,23.553220347690218,1042.953125
          120.6044719104052,23.55315947612856,1044.041748046875
          120.60447687394064,23.553100887968824,1043.021728515625
          120.60450410269547,23.553044020918264,1042.9688720703125
          120.60450360933443,23.552982268363067,1043.48681640625
          120.60450545028505,23.552926797980067,1043.7747802734375
          120.6044818297401,23.552864827459924,1043.7642822265625
          120.60445573413584,23.55281607162585,1043.2225341796875
          120.60440649506076,23.552775733264866,1042.6412353515625
          120.60441601029126,23.552725278239645,1044.2213134765625
          120.60438669911916,23.552670630556644,1043.547607421875
          120.60434848422939,23.552625463288773,1038.2498779296875
          120.60431497128417,23.552592453181212,1043.8699951171875
          120.60425316362326,23.552561222826185,1043.6427001953125
          120.60418452687331,23.552546844366045,1044.1368408203125
          120.60412417673126,23.552539636323175,1043.5211181640625
          120.60406588302212,23.552525003484003,1045.378662109375
          120.60399744010472,23.55253208221719,1044.0338134765625
          120.60392921280464,23.552532740093525,1044.831787109375
          120.60386601992583,23.552521207387002,1042.3585205078125
          120.60380443825142,23.552498207053738,1049.228515625
          120.6037461229746,23.552464648137832,1046.83984375
          120.60370839312631,23.552414635008777,1041.0611572265625
          120.60367747531156,23.55236830861265,1052.6793212890625
          120.60365477400414,23.552316386219232,1044.9981689453125
          120.60361714638212,23.55226509821578,1037.9063720703125
          120.60359301152502,23.552210963284185,1043.8673095703125
          120.60356996005196,23.552156520684118,1042.9688720703125
          120.60351760824608,23.552126070118465,1042.4537353515625
          120.60347633227308,23.552080401745947,1042.4061279296875
          120.60342858694172,23.55204540266375,1041.8089599609375
          120.6033766072315,23.552009183199093,1042.2899169921875
          120.60331909283843,23.551976430730697,1041.2567138671875
          120.60327508059233,23.55193932460088,1039.5313720703125
          120.60323318242959,23.551898320894495,1041.3306884765625
          120.60318458856159,23.551847914248153,1041.819580078125
          120.60314799463914,23.55179250045582,1041.4232177734375
          120.60313347454871,23.551739796536012,1041.1378173828125
          120.60312643316811,23.551684348642624,1040.23681640625
          120.6030998824755,23.551629693191263,1040.4561767578125
          120.60308541464055,23.55157508754131,1036.5745849609375
          120.60309747356091,23.551520915677287,1039.816650390625
          120.60304610286889,23.551477923002622,1038.4136962890625
          120.60301471056104,23.551423190168766,1037.1612548828125
          120.60297610156394,23.55137772612692,1038.6065673828125
          120.60292997301262,23.551335106602032,1038.403076171875
          120.60289012424445,23.551288939086604,1011.5179443359375
          120.60282547562069,23.551264838267972,1037.1136474609375
          120.60275608468973,23.5512547575771,1038.3819580078125
          120.60268784113705,23.55124851355918,1035.916748046875
          120.60262214317312,23.551232502961366,1034.9100341796875
          120.60256302344045,23.551204339902323,1034.1806640625
          120.60251526851296,23.551169041959326,1033.98779296875
          120.60246833356058,23.551133948486513,1032.6693115234375
          120.60243238453816,23.551085192777393,1032.3575439453125
          120.60238397956654,23.551050628075064,1031.1976318359375
          120.60234357879047,23.55100450329793,1031.6573486328125
          120.60231161970816,23.55095461132694,1031.646728515625
          120.60225973714587,23.550946869271883,1032.02197265625
          120.60219328752468,23.550953960639053,1032.3734130859375
          120.60212197563419,23.550918288044876,1031.84228515625
          120.60208738997231,23.550878951763035,1032.2545166015625
          120.60206133781548,23.550831666328346,1027.9476318359375
          120.60202458258323,23.550785650470047,1030.695556640625
          120.6019688298051,23.55074493984795,1032.6243896484375
          120.60190886068939,23.55069803266444,1033.129150390625
          120.60185296060759,23.55066484222624,1031.8502197265625
          120.60179646953986,23.550650833185685,1032.4210205078125
          120.60173620338495,23.550626421621438,1031.9136962890625
          120.60167080071223,23.550638536769707,1032.5372314453125
          120.60161012094517,23.550645253776665,1032.7169189453125
          120.6015627032421,23.550679776629632,1032.320556640625
          120.60149331657638,23.550690533873496,1036.225830078125
          120.60143884513545,23.55071653294353,1033.7869873046875
          120.60137753516024,23.550720219712456,1033.28759765625
          120.6013114327005,23.550706317195193,1032.5186767578125
          120.60125081814877,23.550689564314972,1034.1885986328125
          120.60119028971913,23.55066988197223,1033.0472412109375
          120.6011204564714,23.550666166844266,1031.247802734375
          120.60105916194205,23.550687482928968,1033.316650390625
          120.6009973999501,23.550713637761103,1033.501708984375
          120.600942525673,23.550741478156354,1033.5782470703125
          120.600915786297,23.55077386714111,1033.2691650390625
          120.60086281964024,23.550811328069944,1034.9337158203125
          120.60080077995042,23.550826082685578,1034.1754150390625
          120.60073701796775,23.550813597914832,1033.85302734375
          120.60067106084743,23.55079350708203,1033.4488525390625
          120.6006253235838,23.550756668380775,1034.112060546875
          120.60060361032173,23.550701618034417,1034.32080078125
          120.60058204454914,23.55064182338178,1035.179443359375
          120.60056274798863,23.550581570303162,1034.8492431640625
          120.60053746740068,23.55052656823514,1034.59033203125
          120.60049678269105,23.55048897383519,1033.4541015625
          120.6004564142626,23.550444227878913,1034.43701171875
          120.60041711381449,23.550391016029007,1035.094970703125
          120.60038078247507,23.550335685271303,1032.1011962890625
          120.60034147386801,23.55028426680335,1033.42236328125
          120.60029479149125,23.550244210727104,1032.7432861328125
          120.60025741645413,23.550203258320263,1032.827880859375
          120.60022586010459,23.550147003104108,1032.94677734375
          120.60017240338317,23.550123856182694,1031.678466796875
          120.60010991072775,23.55011663340202,1031.6864013671875
          120.60004346215081,23.55010745149038,1031.84228515625
          120.59997928155127,23.550098376128144,1030.7960205078125
          120.59991808542492,23.550082815129276,1029.9134521484375
          120.59986041134354,23.550061307753168,1026.5894775390625
          120.59979533026619,23.55003846059254,1030.8779296875
          120.59974425780197,23.550003533112616,1027.234130859375
          120.59969101035905,23.549965413078553,1024.6473388671875
          120.59964966873997,23.549925947627063,1026.4520263671875
          120.59964625679473,23.549870754057554,1025.9605712890625
          120.59963844681876,23.549816863215778,1024.853515625
          120.59966607300325,23.549765985508873,1024.7425537109375
          120.59969018363977,23.549715161206652,1024.3858642578125
          120.59971993732505,23.5496601252045,1023.8784790039062
          120.59973115234527,23.549605685502325,1021.6114501953125
          120.59974553655498,23.54954606297953,1023.540283203125
          120.59976759887586,23.549511173825874,1023.3553466796875
          120.59979672398816,23.54944238804018,1022.8004760742188
          120.59980465003322,23.549386065662038,1022.750244140625
          120.59982364089936,23.549330451612928,1022.4727783203125
          120.59982802040327,23.549273730889333,1022.0130615234375
          120.5998398842239,23.549220174077444,1021.6140747070312
          120.59985826568278,23.54916048559862,1021.4951782226562
          120.59985369930766,23.54910530015052,1020.3748168945312
          120.5998626577409,23.54905038504589,1019.6773071289062
          120.59986544922151,23.548993730574413,1025.2603759765625
          120.59988571026994,23.548940251860703,1014.91064453125
          120.59990400432629,23.548884363764415,1018.50146484375
          120.59992548442636,23.54882801356976,1027.6781005859375
          120.59994348657322,23.548770421781523,1019.9837646484375
          120.59996637950366,23.54871781334138,1019.888671875
          120.59998264920254,23.54866289698716,1018.3851928710938
          120.59999634421754,23.548605938764148,1019.5768432617188
          120.60001763516772,23.54855084325545,1017.7537231445312
          120.60003437522674,23.548493796152325,1019.3839721679688
          120.60004783533752,23.548433147724158,1016.26611328125
          120.60006261818617,23.548371696985694,1017.1512451171875
          120.60007476593061,23.54831106001062,1018.1791381835938
          120.60008697068109,23.548257243490735,1014.1522827148438
          120.60011121871248,23.548202410980192,1013.969970703125
          120.60016031980186,23.548161350079024,1011.0396728515625
          120.60021281570448,23.548132994457415,1012.2577514648438
          120.60026086904688,23.54809643223524,1012.0093994140625
          120.60032182153029,23.548068632121602,1011.2774658203125
          120.60037580573355,23.548046608617767,1011.943359375
          120.60042655910632,23.548015183139086,1006.9230346679688
          120.60047761600616,23.547981124776808,1009.3090209960938
          120.6005312762524,23.54795390358745,1009.6524658203125
          120.60057762818207,23.547925152497168,1006.635009765625
          120.60061841588565,23.547858660535066,1007.21630859375
          120.60067433447776,23.547832506397558,1010.8124389648438
          120.60068416460864,23.54778649501532,1006.92041015625
          120.60073638591328,23.547741278068926,1006.590087890625
          120.60076012900298,23.547697817798298,1009.5547485351562
          120.60081383449187,23.547678674054758,1007.9984130859375
          120.60087471769428,23.547647212866924,1006.1409301757812
          120.60092912320276,23.547603486614076,1006.2333984375
          120.60097751985843,23.54759457585304,1005.81591796875
          120.60104687532272,23.547566053400445,1005.7022705078125
          120.60105680149292,23.547517179208818,1003.3903198242188
          120.60108832762175,23.54745556829689,1001.6041259765625
          120.60111423544045,23.54740157653913,1003.4352416992188
          120.60112917534774,23.547342875603093,1005.9453735351562
          120.60111472584803,23.547281853781058,999.165283203125
          120.60111829449274,23.547223815894796,1001.9053344726562
          120.60111211125167,23.547157493306045,993.5504760742188
          120.6011239387278,23.5470980376142,999.1785278320312
          120.60113814712845,23.54704178479917,1001.1840209960938
          120.60116828324409,23.54698745418513,1000.1535034179688
          120.60117989183563,23.546924135427087,997.54296875
          120.60117548022363,23.54686301151702,999.8443603515625
          120.60119209771607,23.546800143611673,999.8760986328125
          120.60121226148658,23.546740497166457,995.0116577148438
          120.60123204024703,23.546682946775636,998.7531127929688
          120.60124712563095,23.546620240485783,989.5764770507812
          120.60127281399018,23.546561609270785,996.454345703125
          120.60130096349714,23.54651319472598,998.84033203125
          120.60133989253876,23.546463601266733,990.089111328125
          120.60136229315864,23.54641167489748,992.7921142578125
          120.60138899615663,23.54636114270063,998.6104125976562
          120.60143431517628,23.546322245276585,993.3311767578125
          120.6014721833922,23.546277251450896,995.0724487304688
          120.60149634315998,23.54621998289814,996.9696044921875
          120.6015290064473,23.54616195448427,990.59375
          120.60156149335067,23.546114335793273,994.6179809570312
          120.60159722384584,23.546062579423438,995.2547607421875
          120.6016103943079,23.5459978115245,993.1832275390625
          120.6016013056704,23.545938541250703,995.1384887695312
          120.60157734179664,23.545887748370756,988.1259155273438
          120.60154324089937,23.545837687653343,994.218994140625
          120.60149802337783,23.545801029655863,984.1651000976562
          120.60144323545707,23.545774922278266,988.1470336914062
          120.60141355211624,23.5457269538237,990.0996704101562
          120.60137617725636,23.545665316900447,993.5055541992188
          120.60135554862181,23.545608436997295,986.8945922851562
          120.601305902997,23.545546820729285,991.1803588867188
          120.60128622788625,23.545495124273348,990.1287231445312
          120.6012311545569,23.545468563902297,988.849853515625
          120.60123022183599,23.545424483881252,987.8616333007812
          120.60121189901736,23.5453716479995,986.569580078125
          120.6011836012718,23.545314741076936,990.2555541992188
          120.60115611340186,23.545263733983266,986.9236450195312
          120.60113515618248,23.5452070336146,986.4268798828125
          120.60110828978762,23.54514900923691,988.715087890625
          120.60109197359932,23.545093780450923,987.0927734375
          120.60107333241773,23.54503428652592,986.9685668945312
          120.60104636177942,23.544975699301517,985.7108764648438
          120.6010105397672,23.54492282481466,985.6500854492188
          120.60096419310848,23.544881870357784,986.5061645507812
          120.60091554538548,23.544838983442375,985.7240600585938
          120.60086221829935,23.544804385560976,991.534423828125
          120.60080163927621,23.544778011604276,996.589111328125
          120.60074045160471,23.54476891458411,985.2405395507812
          120.60067538648191,23.544779417509496,986.2102661132812
          120.60061760466952,23.544793647357633,984.796630859375
          120.60056889816698,23.54482631155657,984.7411499023438
          120.6005199060443,23.544869515371,986.9580078125
          120.60045916685138,23.544900677028128,986.8470458984375
          120.6003958445556,23.54492466882036,990.223876953125
          120.60033026538395,23.544933787130756,985.7478637695312
          120.6002721062968,23.544956877196963,985.6104125976562
          120.6002173438649,23.544983509368187,984.7781372070312
          120.6001601776641,23.54501961897437,985.3646850585938
          120.60011274283976,23.54506314881774,984.3765258789062
          120.6000643149922,23.54509560785244,982.484619140625
          120.6000278904532,23.545139657883915,984.5958251953125
          120.59998613512516,23.545187374455555,982.5348510742188
          120.59993917033684,23.545229878290346,984.1968383789062
          120.59989351589687,23.5452795403587,982.3868408203125
          120.59985001748421,23.545325582653835,982.7779541015625
          120.59981067029517,23.54536794815728,982.5929565429688
          120.59977149119779,23.545413522598217,982.381591796875
          120.59974952106887,23.545475835022714,981.9271240234375
          120.5997250352855,23.545525636698272,982.4291381835938
          120.59969802952358,23.545578023243912,983.6445922851562
          120.5996515904221,23.54561416094815,983.1875
          120.59959340697723,23.545642150801655,981.9297485351562
          120.59953520095503,23.545632256122133,982.7462158203125
          120.59947163895174,23.54560481423324,979.979736328125
          120.599425855178,23.54556295612878,980.8939819335938
          120.59938375802167,23.545511208862774,979.9375
          120.5993699249598,23.54545845786177,979.9850463867188
          120.59930648278355,23.545444103374308,977.3876953125
          120.59924221544193,23.545444001918757,977.044189453125
          120.59918592318415,23.545466902391684,977.40087890625
          120.59913640524456,23.545502422385457,976.6002807617188
          120.59908300961499,23.545537045342368,978.3785400390625
          120.59904440157985,23.545584831634148,976.9887084960938
          120.59899657765583,23.545627014079205,979.16064453125
          120.59895272923026,23.54566360796248,972.8773193359375
          120.59890209598431,23.54569633311905,973.9685668945312
          120.5988590066035,23.545734878457825,969.85986328125
          120.59880796514607,23.545769544497713,976.9517211914062
          120.59875567136913,23.545773537825276,974.7163696289062
          120.59870231897655,23.545796947757218,969.484619140625
          120.59865374394764,23.54582789259497,974.718994140625
          120.59860256575833,23.545881996186196,975.7177734375
          120.5985438747018,23.545908947290876,974.2380981445312
          120.59849827458898,23.545957528994162,975.2078247070312
          120.59846435044707,23.54600632066348,974.6106567382812
          120.59842288196707,23.546057956602393,974.153564453125
          120.59839362259693,23.546118321826366,975.15234375
          120.59835738076484,23.546168933845472,974.6687622070312
          120.59833362670848,23.54620892471239,966.7631225585938
          120.5982818696125,23.54625873941014,973.6435546875
          120.59822501525527,23.546290414467357,973.8285522460938
          120.59817532411363,23.546321852051843,971.9552001953125
          120.59813628355019,23.546366550711934,971.4425659179688
          120.59811627753058,23.54643731828719,971.2549438476562
          120.59816652568483,23.546482823526556,972.8482666015625
          120.59820284613357,23.54653005717607,972.3779296875
          120.59817931980963,23.54657671595917,972.3699951171875
          120.59816618859348,23.546634231862964,962.9238891601562
          120.59810691046098,23.54665297461595,977.7047729492188
          120.59804654110201,23.546642284359216,971.5191650390625
          120.59800760809149,23.546600951734323,970.9590454101562
          120.5979861067929,23.546543094625125,968.05517578125
          120.59797222558133,23.546485338584137,967.9679565429688
          120.59795920342397,23.546426223459335,966.4248657226562
          120.59797069110897,23.546370120177052,964.8078002929688
          120.5980166599,23.54633587484249,966.7472534179688
          120.59804144071856,23.54628240672866,951.181640625
          120.59805866145012,23.546232921181655,966.0470581054688
          120.59811418108428,23.546213573282067,967.5426025390625
          120.59815123873125,23.546161336921347,972.45458984375
          120.59820004935008,23.546118853347405,964.1604614257812
          120.59823053700677,23.5460670270298,963.6980590820312
          120.5982555451309,23.54601504548472,963.2911376953125
          120.59828182840218,23.54596283544261,962.61474609375
          120.5983053385392,23.54591164037982,962.16552734375
          120.59832365367569,23.545854578984503,961.6766967773438
          120.59837850843911,23.54582753947629,960.870849609375
          120.59840382774941,23.545772836364208,960.7122802734375
          120.59846184529734,23.545749916657996,959.9935913085938
          120.59848203222882,23.54569397344105,960.3661499023438
          120.5985402535853,23.545670186664893,961.7665405273438
          120.59859242072142,23.545644089936786,958.616943359375
          120.59863247202499,23.545594304896028,961.3490600585938
          120.59868402149384,23.545569006319422,958.2391357421875
          120.59872416408457,23.545547988761772,958.2866821289062
          120.59878349836592,23.545502982960613,958.244384765625
          120.59882921768529,23.545453902919352,958.648681640625
          120.59888309185044,23.545424817311726,957.261474609375
          120.59891797134141,23.54537652409042,957.8560180664062
          120.59895661325305,23.54533563491321,958.1783447265625
          120.59898946991052,23.545284750987662,956.3181762695312
          120.59903759907809,23.54524348778527,955.4911499023438
          120.59907075974617,23.545190040225982,955.2427978515625
          120.59910944839858,23.54513487517371,954.0035400390625
          120.59915212560124,23.545094008251482,953.535888671875
          120.59919785831173,23.545059915026524,946.290771484375
          120.599248783629,23.545022530518622,955.9614868164062
          120.59930175648978,23.544977136002053,952.1222534179688
          120.59934770248998,23.54493407671609,951.4537963867188
          120.59939931893129,23.54490768328815,950.8248901367188
          120.59945302719551,23.544874826842765,950.5157470703125
          120.59950877995222,23.544848280610957,949.4826049804688
          120.59955614722291,23.544810577100122,948.526123046875
          120.5996070715059,23.544774496398354,948.1430053710938
          120.5996582013266,23.544740458545544,947.049072265625
          120.59970251426344,23.544695643377022,947.3582153320312
          120.59975065108314,23.544658078806307,946.0344848632812
          120.5998010977208,23.54462646428945,945.7041625976562
          120.59984960614595,23.544585753526793,945.1968383789062
          120.59991807343683,23.544556510563165,945.9446411132812
          120.5999725256815,23.544531095352763,943.4608764648438
          120.6000233686791,23.54449555486815,942.9905395507812
          120.6000726723402,23.54445176365985,941.8992919921875
          120.60013502763049,23.54443113451606,941.7196044921875
          120.60018704025454,23.544399214469074,942.0340576171875
          120.6002442980855,23.544367539421128,938.6334838867188
          120.60029514322622,23.544329506903875,942.0921630859375
          120.60033697487181,23.544280091147336,940.6362915039062
          120.60038534931539,23.544244275924793,941.0748901367188
          120.6004426846297,23.544206528610886,938.5673828125
          120.6004960017761,23.54417248315975,939.7141723632812
          120.60055569994844,23.54414003708643,942.0340576171875
          120.60061796753908,23.54411073874444,939.0615234375
          120.60066337407076,23.54407249562915,937.0454711914062
          120.6007127653902,23.544029415191805,938.8607177734375
          120.60074255262208,23.543976451090174,937.8698120117188
          120.60076929395431,23.543922520566532,935.9119262695312
          120.60080414117738,23.543877059488484,934.8814086914062
          120.60084485982486,23.543834081249525,935.6529541015625
          120.60088886740053,23.543787089066612,934.7044067382812
          120.60093790868316,23.54374673345623,933.0450439453125
          120.6009793016653,23.543691304673782,932.1651611328125
          120.60102060490219,23.543662536746965,930.8810424804688
          120.60107618351068,23.54362447854157,930.965576171875
          120.60112962532538,23.54358628442239,931.8058471679688
          120.60119088867415,23.54355898917568,930.1068115234375
          120.60124588879506,23.543519340413933,929.4727172851562
          120.60129575324456,23.543484043199374,929.0684204101562
          120.60134744070325,23.54344674180258,929.1846923828125
          120.6014004180123,23.543423232677956,923.9820556640625
          120.60145728315918,23.543392407383926,924.3969116210938
          120.60152641505921,23.54338842537393,927.6310424804688
          120.60160120206302,23.543371439554807,922.8616943359375
          120.60165917625692,23.543352673555663,924.3043823242188
          120.60168236169831,23.543300155621964,924.2832641601562
          120.60162821784508,23.54326845449622,923.2633666992188
          120.60156303243758,23.543262512346143,923.5196533203125
          120.60150436641875,23.543268098456835,922.5234985351562
          120.60143906531876,23.543282120923337,922.378173828125
          120.60137765998309,23.543304450903253,921.8497314453125
          120.60133242259265,23.543339954407465,921.0940551757812
          120.60127086501687,23.54335629082279,920.8668212890625
          120.60122024438492,23.543396784554766,920.2855224609375
          120.6011634345301,23.543417744520777,920.1481323242188
          120.60110235468792,23.543420752977333,919.5192260742188
          120.60105325618481,23.54343459978484,919.8019409179688
          120.60099508960438,23.54346303822902,919.7412109375
          120.60093770423762,23.543492236206884,918.8877563476562
          120.60088151129868,23.54351717687403,917.4873657226562
          120.60082573941132,23.543551264275248,920.8615112304688
          120.60077471159165,23.543582696917788,917.265380859375
          120.60071045737129,23.543599578045352,916.59423828125
          120.60064013257104,23.543585946838995,914.464599609375
          120.60065056572289,23.54352162780114,917.4926147460938
          120.60070053130383,23.54348949589881,914.3192749023438
          120.60075680985149,23.543460549612195,909.5948486328125
          120.6008050972338,23.543426403400765,912.165771484375
          120.60085690905571,23.543388090606065,911.6162109375
          120.60090604769762,23.54335735995217,910.6887817382812
          120.60095674924095,23.54332003368509,912.0098876953125
          120.60101321692952,23.54328811262703,909.8247680664062
          120.60107024861206,23.543262917522206,910.6385498046875
          120.60112622744968,23.543229978950674,907.560302734375
          120.60118275213104,23.54320079935762,907.0159912109375
          120.60123481968938,23.5431819598643,906.8416137695312
          120.60128683764958,23.54315785543615,906.9552612304688
          120.60134784399403,23.543137809914686,907.3515625
          120.60139865041842,23.543104881816706,906.577392578125
          120.60145506805276,23.543070206367037,904.9127807617188
          120.60150940244213,23.54304228730673,892.100341796875
          120.60156053325406,23.543007440386294,904.8096923828125
          120.60161690483359,23.54299382477223,900.65869140625
          120.60168416268418,23.543001095958427,902.84912109375
          120.6017453076857,23.543002437776725,901.5781860351562
          120.60180216894868,23.543019438963544,900.9942626953125
          120.60186465218561,23.543045743222212,902.9944458007812
          120.60189582167523,23.543087350808186,905.0369262695312
          120.60193062363193,23.543139537574092,898.856689453125
          120.60198728989899,23.54316433807344,898.8460693359375
          120.60202344365298,23.543214353659426,898.169677734375
          120.60206141162135,23.543256346430333,896.1351318359375
          120.60212726269766,23.54324969467882,896.2883911132812
          120.60218575267224,23.543273670683096,896.4627685546875
          120.60224903340473,23.54328040773967,896.5103149414062
          120.60230986942611,23.543279060471022,893.519287109375
          120.60236122018274,23.543295117200156,893.2233276367188
          120.60242238608652,23.543328885042122,892.1531982421875
          120.60246134462669,23.543375929359925,892.0105590820312
          120.60249389636192,23.543417585085525,890.2428588867188
          120.60252534608497,23.543477140435428,890.044677734375
          120.60256778005275,23.543503961917615,890.02880859375
          120.60262714956322,23.543540015548135,889.3418579101562
          120.6026879704687,23.543561402807956,888.0550537109375
          120.60276722340797,23.54356675306136,849.7183227539062
          120.60281815105547,23.543594501554303,849.7183227539062
          120.60287538059112,23.54359599999634,886.6044311523438
          120.6029380914662,23.54357637215514,885.6267700195312
          120.60299958014303,23.543547323529932,885.6267700195312
          120.60304810547589,23.54351218230895,885.37841796875
          120.60308031835964,23.543460139688854,883.8088989257812
          120.60307707343455,23.54340172202582,883.8088989257812
          120.60310701331048,23.543350088481183,884.8658447265625
          120.60309151927451,23.54329483849691,884.3400268554688
          120.60308572599598,23.543238720490773,883.5235595703125
          120.60308030348764,23.54318129593791,885.2859497070312
          120.60307774447513,23.543122234455943,884.6253662109375
          120.60306242215366,23.543068754167734,884.6253662109375
          120.60303352670022,23.54301856286293,884.7760009765625
          120.60298236264136,23.542969629392633,884.3611450195312
          120.60292751139376,23.54293352891219,884.2422485351562
          120.60287992617194,23.542900414118193,884.2713012695312
          120.6028375028056,23.542848482732182,883.291015625
          120.60279737184278,23.54279417972952,883.291015625
          120.60276718323843,23.542734451782554,884.24755859375
          120.60274415964594,23.542676406707997,883.8221435546875
          120.60276983308043,23.542623659310394,883.1641845703125
          120.60277127652837,23.542560329789413,883.5631713867188
          120.60275681423565,23.54249599780079,882.1759643554688
          120.60274241321089,23.542436102671633,883.2434692382812
          120.60271961585634,23.54237488522253,881.9302368164062
          120.60269263201624,23.542324814972496,882.35302734375
          120.60267410282614,23.542259020209475,883.2355346679688
          120.60265550284977,23.542206811461853,882.9766235351562
          120.60267020243093,23.542152956574654,882.9052734375
          120.60268204246073,23.542097408263142,882.0148315429688
          120.60270940488886,23.54204131987797,882.25
          120.60274904977105,23.541999982261782,879.6948852539062
          120.60277834251521,23.541939248520308,881.771728515625
          120.60281059854717,23.54189232051554,881.4493408203125
          120.60283778552112,23.541840775425243,880.3607177734375
          120.60287374641695,23.541785406323836,880.846923828125
          120.60290805389502,23.54173176653613,880.846923828125
          120.60296031942238,23.541691802705973,880.5430908203125
          120.60302394374895,23.541685416065043,879.4068603515625
          120.6030802749325,23.5416696430256,879.9617919921875
          120.60313971878448,23.541646815211767,880.0515747070312
          120.6031943124875,23.541618907053287,879.414794921875
          120.6032355540316,23.54158064861121,878.669677734375
          120.60327092247375,23.54152822741205,878.669677734375
          120.60330801424278,23.541475810409107,878.2495727539062
          120.60329435841659,23.541420153230938,878.3314819335938
          120.60331014315312,23.54136739276043,878.1121826171875
          120.6033258151449,23.541313185278593,877.4542236328125
          120.60335036617955,23.54126162117364,877.2904052734375
          120.60338074731192,23.54121151158461,876.6800537109375
          120.60340546250413,23.541160704922476,876.8280029296875
          120.60345064497916,23.541117811699657,875.1792602539062
          120.60350899662158,23.541096404785975,873.810546875
          120.60357460772417,23.541073712363545,864.121337890625
          120.6036357696174,23.541073896005454,873.49609375
          120.60369664795493,23.5410757646385,872.8223266601562
          120.60376518619607,23.541080916281476,871.9107666015625
          120.60382879723015,23.54109542565395,872.3018188476562
          120.60389016649665,23.541101077196657,870.4178466796875
          120.6039501249748,23.54112225560366,871.5567016601562
          120.60401092555568,23.541141270161177,871.5249633789062
          120.60407803100752,23.54115474518166,871.1312866210938
          120.60413848635535,23.541130428383884,871.6729736328125
          120.60419691124532,23.54111365609087,870.70849609375
          120.60426170396671,23.54108304307804,871.3082885742188
          120.60432864804217,23.541086504249282,870.1826782226562
          120.60439004184467,23.541094421681223,869.3213500976562
          120.60445318277536,23.541113099099615,869.3213500976562
          120.60451351938292,23.541117823221494,872.58984375
          120.6045792062101,23.541128014779023,871.5804443359375
          120.60464372652126,23.541137232353147,868.6184692382812
          120.60470364428741,23.541163505537146,871.2237548828125
          120.60476326862276,23.541190872507215,864.7501831054688
          120.60482271878722,23.541205533364796,871.7891845703125
          120.6048842803345,23.541222196927432,869.6701049804688
          120.60494018422509,23.541240893396843,869.979248046875
          120.60499716104394,23.541254797653135,871.038818359375
          120.60505223900063,23.541287587418037,871.3109741210938
          120.60510543273,23.54132256398917,870.0770263671875
          120.60515882884526,23.54135667951563,868.6924438476562
          120.60521468395602,23.541381252991094,869.664794921875
          120.60524303342852,23.54143913487044,869.664794921875
          120.60529568982916,23.54147796409239,865.4873657226562
          120.60534128934543,23.54152101785453,875.0260009765625
          120.60537643655792,23.541572286382475,869.5379638671875
          120.6054317530349,23.541611654879482,863.9178466796875
          120.60546899479023,23.541665327770477,863.1410522460938
          120.60548671505153,23.54172099079678,862.7843627929688
          120.60551213751906,23.541774918948782,861.7459106445312
          120.605537416456,23.541825434068084,861.8489990234375
          120.60553215495352,23.541886825205832,844.293701171875
          120.60555643044566,23.541937832435146,865.643310546875
          120.60553927235004,23.54199312224886,858.81298828125
          120.60558200007297,23.542008054226688,858.81298828125
          120.60561660711622,23.542073155981985,869.2420654296875
          120.60560163113664,23.542132144587086,860.7339477539062
          120.60554207691665,23.542152331578453,880.7755737304688
          120.6055355222158,23.54209673659737,877.879638671875
          120.60553639170242,23.542149397452764,855.9408569335938
          120.60551058351054,23.542202516472056,872.7324829101562
          120.60551624803095,23.542258288321985,876.9363403320312
          120.60552729860194,23.54231597071669,868.98046875
          120.6055228607994,23.542373511669563,862.5174560546875
          120.60549671885666,23.542424083172847,891.4213256835938
          120.605460516049,23.54246688981731,862.7605590820312
          120.60544136215258,23.542518818164023,876.0512084960938
          120.60549609169257,23.54254547136347,887.03515625
          120.6055524065031,23.542574691121278,884.5804443359375
          120.6056160783648,23.542594617680624,889.1832885742188
          120.60566795031185,23.542623718405956,895.8761596679688
          120.60562532164796,23.542665582328315,892.0158081054688
          120.60560100466778,23.542699371055694,869.516845703125
          120.60556060939224,23.54276668443874,898.7245483398438
          120.605524410274,23.542814626866058,878.0223388671875
          120.60546484423864,23.54282879913425,892.35400390625
          120.60549101251786,23.542879938191362,898.6849365234375
          120.60554013237245,23.542913377423623,899.9558715820312
          120.60559672469387,23.54293816047598,894.1243286132812
          120.60565951849938,23.542953657769058,883.5076904296875
          120.60570931706017,23.54298873714948,885.3467407226562
          120.60576399896023,23.543011450346373,890.0341186523438
          120.60581711998944,23.54299052247034,886.6229248046875
          120.60586653532235,23.542955245611235,893.474365234375
          120.60589701581438,23.54290571186771,884.1947021484375
          120.60586337937869,23.542868716214056,893.23388671875
          120.60581808279225,23.542815847676195,877.0499877929688
          120.60575637499187,23.542800419025603,879.5416259765625
          120.60569232328437,23.54280725964017,887.6798706054688
          120.60564118427365,23.542774494697905,887.6798706054688
          120.60564118427365,23.542774494697905,887.6798706054688
          120.60564118427365,23.542774494697905,887.6798706054688
          120.60564118427365,23.542774494697905,887.6798706054688
          120.60564118427365,23.542774494697905,887.6798706054688
          120.60587358236006,23.54289682955656,887.9625854492188
          120.60590843980312,23.54294681195629,887.6851196289062
          120.60596135821622,23.542981346432725,886.242431640625
          120.60600593995827,23.54301724638929,884.3981323242188
          120.6060672423979,23.543042482292623,884.456298828125
          120.60613290568445,23.543046330015756,884.1074829101562
          120.60619925701837,23.54303220713855,883.7772216796875
          120.60626269943303,23.543027292993933,883.8961181640625
          120.60625327135371,23.542965522665035,883.5842895507812
          120.60621693343026,23.542916648460935,881.3753662109375
          120.60616793274782,23.542888029677222,879.8851318359375
          120.60613100535232,23.54284153626352,877.3036499023438
          120.60611289846818,23.542788778276297,875.5518188476562
          120.60612776691976,23.542737265048835,875.3985595703125
          120.60610687195174,23.54267658970049,872.291259765625
          120.60604531724381,23.542670804994838,871.0255737304688
          120.60604785202757,23.54261289596577,870.4971313476562
          120.6060419080311,23.54255436381177,871.0599365234375
          120.60603345376403,23.542497730040388,869.7203369140625
          120.60607327757909,23.542453786804835,868.1138305664062
          120.60611561991647,23.542410394468366,859.2199096679688
          120.60615409855835,23.542350535625587,866.6948852539062
          120.6061836383303,23.54229053769266,863.1331176757812
          120.60620031371482,23.542237918913695,863.3629760742188
          120.60618500952907,23.542183643088467,860.810546875
          120.60616527041559,23.542132106030856,860.6679077148438
          120.6061343621984,23.542079555850275,857.2752075195312
          120.60613026405117,23.54201934111434,857.2514038085938
          120.60610260298633,23.541958015145905,855.8853759765625
          120.60604348590424,23.54193578357712,858.6174926757812
          120.60598037266303,23.541922684886156,856.593505859375
          120.60592469078699,23.54189864738499,858.3638305664062
          120.60586426734478,23.541891180090968,859.1697387695312
          120.6057926899521,23.541884697232195,858.3558959960938
          120.60573162916101,23.54188525667141,858.501220703125
          120.60567180938878,23.541881861605457,860.2556762695312
          120.60561496147895,23.541862950308676,859.8091430664062
          120.60557621165698,23.541823490640876,860.2001953125
          120.60554089933746,23.541770154209267,849.51220703125
          120.6055927866227,23.54174037982471,858.0044555664062
          120.60565102290089,23.541732861592905,846.0006103515625
          120.6056762017898,23.541683984762233,855.17724609375
          120.60569139189417,23.541626290417817,857.248779296875
          120.60566872668237,23.541576002941877,847.0654296875
          120.60565284814028,23.541515741725938,850.1754150390625
          120.60564775097934,23.541459561883652,850.3524169921875
          120.60568755287223,23.54141827133147,842.6845703125
          120.60573308876488,23.54137733932599,846.4180908203125
          120.60578766728247,23.541332056821304,854.220703125
          120.60585188796345,23.541308336861423,843.4508056640625
          120.6058966295145,23.541266225196743,845.5725708007812
          120.60593487744146,23.541215393191294,840.2166748046875
          120.60593597872325,23.5411488849386,844.2672729492188
          120.6059178012164,23.541094891745132,822.1805419921875
          120.60591045044447,23.541039435004567,833.7457275390625
          120.60589411838453,23.540992153719824,839.4609985351562
          120.60591303544953,23.540931805924032,832.2608032226562
          120.60595749717903,23.54089270600569,832.4457397460938
          120.60598844791171,23.540839801825584,837.6986083984375
          120.60599930046178,23.54078361533546,819.1973876953125
          120.60600362961407,23.54072190335021,833.785400390625
          120.60603105821339,23.540668471012893,818.1959838867188
          120.60606381907321,23.540614886614662,827.62890625
          120.60610403214228,23.540565551305384,821.4142456054688
          120.60610831144587,23.54050995057841,811.2071533203125
          120.60613778271826,23.540453203478332,829.462646484375
          120.60617009789046,23.54038909292562,823.2427368164062
          120.60617857077723,23.54033315315572,820.4656982421875
          120.60616919742633,23.54027629102328,825.1504516601562
          120.60620413235338,23.54022690249857,818.415283203125
          120.60624065416627,23.54018115841303,814.4915161132812
          120.606266128709,23.540138715932653,807.6295166015625
          120.60632424930228,23.54014897831449,803.372802734375
          120.60635648110893,23.540101682050427,816.341064453125
          120.60638277472515,23.540047319764902,804.91064453125
          120.60639482672659,23.53999568370558,806.353271484375
          120.60642307857138,23.539941212538416,811.6061401367188
          120.60644896236106,23.539882663734996,813.970947265625
          120.60644781858562,23.53982759483449,808.3138427734375
          120.6064758898342,23.539774563784285,805.787841796875
          120.60649917653797,23.5397212691477,816.3781127929688
          120.60650332454482,23.539658639281573,817.1681518554688
          120.60654107893302,23.53961181824473,809.3179321289062
          120.60656628016856,23.53955304588594,811.1516723632812
          120.60660633003856,23.53951189390152,804.4403076171875
          120.60662682712078,23.53946023968421,810.5994262695312
          120.60665948957687,23.53941057610333,806.385009765625
          120.60668492442467,23.539346451110088,804.654296875
          120.60665820411657,23.539293301650414,811.3524780273438
          120.6066950040968,23.539246681604784,799.0130615234375
          120.60672276635808,23.539184570170335,809.5055541992188
          120.60675319912004,23.539130785223694,804.8842163085938
          120.60674409769507,23.539068160296825,805.3836059570312
          120.606761748369,23.539015944398734,807.94921875
          120.6067742159507,23.538968816016318,803.6238403320312
          120.606778074757,23.5389017643864,799.737060546875
          120.60677533138089,23.538837955806994,803.2908935546875
          120.60678010971976,23.538779526728778,805.2593994140625
          120.60678284955557,23.53872107616142,814.9195556640625
          120.60680664230534,23.538671018778686,808.234619140625
          120.60682041953615,23.538612126338723,808.234619140625
          120.60683448254854,23.538548976464494,813.00390625
          120.60684191966743,23.538490504042297,791.4508666992188
          120.60684455299406,23.538433418991243,800.1492309570312
          120.60685158564385,23.538379280335157,804.4931640625
          120.60682354193457,23.53832061529784,804.69921875
          120.60681694688846,23.538265526957492,798.8333740234375
          120.60681824748774,23.538209848059754,805.0374145507812
          120.60683748432373,23.538148035663824,802.165283203125
          120.60687870745889,23.538097983698194,808.157958984375
          120.60689516537317,23.53804357565039,787.9340209960938
          120.60690963022488,23.537992857288597,803.642333984375
          120.60692156034874,23.53792911475337,803.642333984375
          120.60695821892398,23.537891890369288,795.0285034179688
          120.60698822465636,23.53784126371373,813.7041015625
          120.60700354633175,23.53779431487244,786.7265014648438
          120.6070333866104,23.53775998361436,787.7754516601562
          120.60710112661033,23.537724877452362,786.3671264648438
          120.60709283338815,23.537669304155685,826.3843994140625
          120.60709398116184,23.537629929430686,808.1632690429688
          120.60712394906366,23.5376066083056,816.296142578125
          120.60719188558726,23.537541275534107,808.97705078125
          120.60724003611877,23.537520516147012,803.5789184570312
          120.60721746846532,23.537498463030136,801.9671020507812
          120.60722913148116,23.537449341420913,826.3394775390625
          120.60729246454693,23.537417619165463,824.1146850585938
          120.60732994324133,23.53736420841548,832.8341674804688
          120.60736520447121,23.53733262838332,833.920166015625
          120.6074355857268,23.537305658746778,843.683349609375
          120.60745943452953,23.537292800850715,824.677490234375
          120.60754018047348,23.537274656025033,825.1557006835938
          120.60758245300067,23.53724437210094,815.3634643554688
          120.60765872557516,23.537214541532716,829.507568359375
          120.60768727378128,23.537179363604025,829.07421875
          120.60769119786596,23.537136274881142,835.2730102539062
          120.60772575081951,23.53706162353097,849.1158447265625
          120.60778041399477,23.53702650497197,853.2351684570312
          120.60779005503198,23.5369890982323,852.059326171875
          120.6077593578601,23.53701225127142,843.2315063476562
          120.6077419755041,23.53696250556212,843.3742065429688
          120.60773466296602,23.536911253604433,842.7056884765625
          120.60772689871047,23.536853327383746,842.1587524414062
          120.60770109429345,23.53679324495503,842.1112060546875
          120.60769798139155,23.53673452184749,839.7278442382812
          120.60768475926535,23.53667954136884,838.9959716796875
          120.60765288945251,23.53663084540703,837.510986328125
          120.60763699723962,23.536577572460047,835.7353515625
          120.6076025446153,23.53653058830768,834.1024780273438
          120.6075962199582,23.53647577311759,834.5199584960938
          120.60759315911953,23.5364185176247,832.6122436523438
          120.60757340725954,23.53635892531198,831.3095703125
          120.60758243578701,23.536299874038484,829.103271484375
          120.60758408486961,23.5362396525342,824.9469604492188
          120.60756658065932,23.536185021196697,824.8544921875
          120.60758519131774,23.536126864603627,822.15673828125
          120.60758123527502,23.536070799914476,820.7034912109375
          120.60757368630657,23.536014147698936,819.070556640625
          120.60756725341247,23.535959786512944,814.7424926757812
          120.60756343988496,23.535907079660245,812.3882446289062
          120.60756399631535,23.535843719567215,810.4329833984375
          120.60758732273415,23.535785249612633,808.0786743164062
          120.60754464645642,23.535742843003398,806.0679321289062
          120.60753905236426,23.535687220660506,803.4600219726562
          120.6074985190836,23.535645131333027,799.4860229492188
          120.6075075962231,23.535589436743702,798.4027099609375
          120.60750359514368,23.53553613207307,796.4024658203125
          120.60746728263551,23.535486918576982,794.9096069335938
          120.60744375844872,23.5354301239745,793.5699462890625
          120.60742777565645,23.535481238236443,792.8697509765625
          120.60739881825197,23.53552848078789,792.9014892578125
          120.60735686582734,23.535574518026422,777.2645263671875
          120.60731889850433,23.535619862923536,783.531982421875
          120.6072989161594,23.535672394627863,787.0435791015625
          120.60725189477404,23.5357029584004,773.3856201171875
          120.60719328672869,23.535723727516437,780.4141235351562
          120.6071346209906,23.535739586196687,771.0816040039062
          120.60706794836753,23.535733237907518,766.6954345703125
          120.60701659735388,23.535750899680934,759.843994140625
          120.60699907687632,23.535809508322007,760.1610717773438
          120.60693650596328,23.53580023053947,762.3858642578125
          120.6069099239884,23.53574714699678,757.7671508789062
          120.60690503993041,23.53569334312679,757.487060546875
          120.6068953131639,23.53563685717326,753.2277221679688
          120.60689696987171,23.53558288158072,762.9090576171875
          120.60688141315795,23.535527459394274,750.421630859375
          120.60688149811348,23.53547291128969,752.374267578125
          120.6068398980812,23.535501794099005,746.8677978515625
          120.60680161243177,23.535561711045066,722.8468627929688
          120.60678377868625,23.535620284675446,747.3592529296875
          120.60677018621477,23.5356764308066,745.5571899414062
          120.60673865746045,23.5357246532729,746.1517333984375
          120.60671066073459,23.535759887998985,732.6047973632812
          120.6066520731875,23.53575540317193,742.341552734375
          120.60661025227493,23.53580022246843,740.1405639648438
          120.60655276391331,23.53580300198021,730.0364990234375
          120.60650604275314,23.535833468333884,731.3629150390625
          120.60645266204699,23.535860082240653,736.811279296875
          120.60639476741369,23.535842016645454,712.943603515625
          120.60639099484794,23.535784402852705,740.6188354492188
          120.60634429961941,23.535744202311616,725.5974731445312
          120.60630823962146,23.535699544441457,730.401123046875
          120.6063061268108,23.535640054900497,726.0281982421875
          120.60633162378015,23.535587976938146,732.6100463867188
          120.60635652498513,23.53553226280173,722.635498046875
          120.60637771057168,23.535474982538197,720.9180297851562
          120.60638314032347,23.535418025989674,733.91796875
          120.60640205606589,23.535365357638465,726.7970581054688
          120.60637180642117,23.535315965931137,726.598876953125
          120.60635808979819,23.535259982784925,723.7452392578125
          120.60632802526841,23.535225378642036,714.9993286132812
          120.60629968897895,23.535177444992012,715.2794189453125
          120.60632346418639,23.535113929971644,700.4588623046875
          120.60632629139344,23.535059491251815,718.8306274414062
          120.60629525413299,23.535008652468598,711.3820190429688
          120.60624138845606,23.53503483082248,713.1867065429688
          120.60621682627637,23.53508613623429,710.008056640625
          120.60615804955897,23.53508014581823,695.9537963867188
          120.60615741038526,23.535017615981413,705.5294189453125
          120.60611641992593,23.535068356404846,685.0042114257812
          120.60609846533687,23.53512479426546,703.9757690429688
          120.60609203304996,23.535180448802272,685.1944580078125
          120.60605605392284,23.535226813006883,696.1942749023438
          120.60601066141543,23.535274557674747,696.1942749023438
          120.6059940090665,23.53532266306599,699.0584716796875
          120.60593639364195,23.535368288277958,678.837158203125
          120.60589491699142,23.535405595803073,690.7379760742188
          120.60583393212593,23.53541967713278,687.3214721679688
          120.6057811521379,23.53544538494495,686.0479125976562
          120.60576127957016,23.535476122596624,681.3341064453125
          120.60569550775665,23.53550908475168,669.9908447265625
          120.60563372458026,23.535509821051676,696.4690551757812
          120.60556808464985,23.53551257963213,678.850341796875
          120.60550916400275,23.535504960004907,687.8050537109375
          120.60545494226012,23.535483217442742,669.8719482421875
          120.6054071218403,23.5354562836021,661.63330078125
          120.60535493139643,23.535491575902608,664.0958862304688
          120.60531699105707,23.535515073123026,667.5018310546875
          120.60528725200294,23.535539120811666,667.5018310546875
          120.60531194435602,23.535543834827312,668.0646362304688
          120.60527659527337,23.535583969126055,662.2780151367188
          120.60523118493265,23.535552360093543,662.914794921875
          120.60518376309878,23.535518758415705,650.67578125
          120.60513935230821,23.53555317453452,658.74267578125
          120.60515042516451,23.535608724567187,651.7617797851562
          120.60509553675165,23.535584448935968,647.0056762695312
          120.60505558139221,23.53554319379919,645.6660766601562
          120.60501129082819,23.53557950392345,640.5453491210938
          120.6049948613355,23.535634262280016,637.3534545898438
          120.60495449654654,23.535666370889768,631.133544921875
          120.6048903233656,23.535686347554297,626.8054809570312
          120.60482522924536,23.535694843972696,625.0985717773438
          120.60484675661145,23.535743277508896,619.6422729492188
          120.60481113902178,23.535787777186744,619.4811401367188
          120.60479455178817,23.53584412689333,617.8878173828125
          120.60476524330019,23.53589606881165,618.1150512695312
          120.60472877908715,23.535936173976058,615.0209350585938
          120.6046718002,23.535920486762787,611.858154296875
          120.60464783980149,23.535971104660295,583.0335693359375
          120.60462587257628,23.53595092569507,605.2207641601562
          120.60454886769581,23.535923567626316,611.3851928710938
          120.6044973001508,23.53588795772551,606.6211547851562
          120.6044381239012,23.535854128170783,596.263427734375
          120.60438378358093,23.535825170849932,599.5980224609375
          120.60433626376427,23.535792002891586,596.1657104492188
          120.60427262090676,23.535773500310913,596.1657104492188
          120.60427716520616,23.535726040373724,600.9508666992188
          120.60425886002832,23.535673111528045,601.2230224609375
          120.60425527421565,23.53559246366237,599.185791015625
          120.60429669192808,23.535525573126197,599.352294921875
          120.60434731755849,23.535485105067217,598.2874145507812
          120.60435330725493,23.5354285753125,602.5679321289062
          120.60435989291626,23.535364344403227,598.9083862304688
          120.6043279376009,23.535314285513973,602.853271484375
          120.60428991818215,23.535259687740258,604.0634765625
          120.60425041697799,23.535215194942783,601.5057373046875
          120.60419147202457,23.53522639628262,606.3595581054688
          120.60413506865375,23.535253534823415,602.3591918945312
          120.60407061781406,23.53525291272003,601.8359985351562
          120.60401815996221,23.535221748519312,598.2108154296875
          120.60397184885883,23.535197418420577,597.933349609375
          120.6038988063857,23.5351944490429,588.156982421875
          120.60387717215751,23.535173413885538,593.8590087890625
          120.60386042084687,23.53510570591825,603.0276489257812
          120.60383361733263,23.535040669974638,596.3321533203125
          120.60382682354971,23.534985699673527,589.0236206054688
          120.60381754499677,23.53493203856691,585.9559326171875
          120.60380258314966,23.53487723710557,596.7601928710938
          120.6037898317544,23.53482013777053,587.26123046875
          120.60379235413114,23.534757931212287,598.575439453125
          120.60378613964822,23.534701295391283,594.9212036132812
          120.60377560616435,23.53464739029566,594.3927001953125
          120.6037720621322,23.534583814577427,593.119140625
          120.60377796641033,23.534522780941483,594.014892578125
          120.60376281587435,23.534465022971844,593.1904907226562
          120.6037407446752,23.534407498334343,592.7703857421875
          120.60372407717551,23.534355574994013,592.2286987304688
          120.60373117108176,23.534295295465704,591.6791381835938
          120.60372137814052,23.534240987893163,590.89697265625
          120.60370539077408,23.534185509035122,592.4638671875
          120.60368631578876,23.534133603528083,592.4638671875
          120.60366365423307,23.53407412966303,593.3701782226562
          120.60365476813986,23.534014135196422,590.5905151367188
          120.60364000155202,23.533961083383733,586.8252563476562
          120.60362124048416,23.53390678542343,592.6911010742188
          120.60360791665626,23.533843627007112,590.7516479492188
          120.60359385554608,23.533780153563935,590.00390625
          120.60357603716915,23.533721705977477,586.1435546875
          120.60355561247951,23.533671054816246,588.857177734375
          120.60351568467456,23.533633189559584,588.4581909179688
          120.60347625158822,23.53358013018578,588.1912841796875
          120.60342756673256,23.533521936025945,587.8081665039062
          120.60338772463288,23.533474758054908,586.994384765625
          120.60333073648569,23.533435513764996,586.9230346679688
          120.603271716803,23.53340134653125,586.4606323242188
          120.60323229129578,23.53335778480367,586.1620483398438
          120.60319047249645,23.533315972319397,586.1620483398438
          120.60314185943557,23.533273070218677,586.0906982421875
          120.6030927675717,23.53323375496554,585.5596313476562
          120.60304947664427,23.533192741054144,587.248046875
          120.60300312442438,23.533154694615913,589.3565673828125
          120.60295664531273,23.53312022686289,582.1510620117188
          120.60290523503681,23.53307904893353,585.6388549804688
          120.60285186076187,23.533045039620607,584.7986450195312
          120.60280485484434,23.532999331247343,584.412841796875
          120.6027470630745,23.5329759328486,584.71142578125
          120.60269624992182,23.532942848707247,584.4260864257812
          120.60264187536936,23.53292786403244,584.8778686523438
          120.60259971929409,23.53290698327623,585.440673828125
          120.60258952758383,23.532858389139403,595.1299438476562
          120.60259378161261,23.532805722257546,576.512451171875
          120.60255890860637,23.53275304659838,587.11328125
          120.60257261279907,23.532791383856726,584.2702026367188
          120.60256051757129,23.532850374016,580.76123046875
          120.60260003034088,23.532885634256704,586.6719970703125
          120.60261717071043,23.5329394454919,575.7778930664062
          120.60259008935142,23.532982132216112,584.9227905273438
          120.60260932151954,23.532945506089813,587.7183227539062
          120.60255230894253,23.532938015735443,584.2146606445312
          120.6025264264366,23.532898442986486,584.817138671875
          120.60254876765467,23.53284057401544,585.324462890625
          120.60256568640956,23.53279153624429,584.4683227539062
          120.60252271808666,23.532757790314783,585.144775390625
          120.60255759740636,23.532724184777496,585.337646484375
          120.60257295661725,23.53269306049681,585.1527099609375
          120.60257863860163,23.532667619928354,585.1923217773438
          120.60257323458241,23.53266517110558,585.7234497070312
          120.60256375495804,23.53267024819455,585.665283203125
          120.60254966790237,23.532683086436528,583.3084106445312
          120.60254966790237,23.532683086436528,583.3084106445312
          120.60254966790237,23.532683086436528,583.3084106445312
          120.60261563087661,23.532909722982833,589.1187744140625
          120.60257415376563,23.532925192481414,586.5055541992188
          120.60252694587032,23.532949322589182,590.4609985351562
          120.6024653513859,23.53299027348003,592.537841796875
          120.60242224311044,23.53301770800905,589.9959716796875
          120.60238118122874,23.533086164433524,594.8604125976562
          120.60242786918292,23.53313247902572,589.9933471679688
          120.60243265946652,23.533192293870503,593.8193359375
          120.60241261326138,23.533242909038467,599.9943237304688
          120.60234909274237,23.533241817066095,598.6943359375
          120.60228373664746,23.533235715452808,600.5175170898438
          120.60225020935277,23.53328942385901,591.9221801757812
          120.60223114670649,23.533342632259373,598.113037109375
          120.60221627056345,23.53340084130886,603.270751953125
          120.60220312636737,23.533451972398826,603.809814453125
          120.60217734602412,23.533511531621034,598.8079833984375
          120.60216018211615,23.533567818948075,599.8199462890625
          120.60215320895055,23.533627664950423,599.4447631835938
          120.60213431096334,23.533679669096614,600.1000366210938
          120.60218914296681,23.533703724017652,600.9852294921875
          120.60221512749958,23.533765182445464,600.604736328125
          120.60225010836052,23.53381145287039,604.927490234375
          120.60228994664125,23.533855467661677,601.4713745117188
          120.60233839173809,23.5338872419344,601.4713745117188
          120.60239988129055,23.533921182502674,606.9435424804688
          120.60245475833979,23.533952784955922,606.9435424804688
          120.6024736199958,23.534005100730017,608.3677368164062
          120.60243396156714,23.53404385801003,606.9144897460938
          120.60239964632925,23.534091170980357,606.9144897460938
          120.60241446836021,23.534146140925674,613.2479858398438
          120.60245100001639,23.53418911188607,607.4957885742188
          120.60245747744023,23.53425034147095,615.54150390625
          120.6024619304448,23.53430622707609,611.2900390625
          120.6025068520714,23.53434621228306,609.1075439453125
          120.60256912021954,23.534367099814443,612.5662841796875
          120.6026180258325,23.534404116278786,611.2874145507812
          120.60268156868173,23.53440311467997,615.7766723632812
          120.60272049169396,23.534453315440327,618.7808837890625
          120.6027476281893,23.534503709525413,612.635009765625
          120.60278100453198,23.534522149827005,610.7061157226562
          120.60286062231825,23.53452820399215,617.62890625
          120.60292271413677,23.534547789038307,614.5744018554688
          120.60297564586365,23.534572843047002,619.533935546875
          120.60301348456422,23.53462128410008,619.87744140625
          120.60305993369225,23.534664275844676,622.13134765625
          120.60312490977003,23.534673276680554,623.365234375
          120.6031857329871,23.534685328209818,622.0731811523438
          120.60322208108067,23.534705561388336,621.010986328125
          120.60329873360774,23.534739120684208,620.2711791992188
          120.60335235364076,23.534764597858473,620.5300903320312
          120.60336879177378,23.53481024621735,622.6121826171875
          120.60340968927726,23.534858248850874,623.5713500976562
          120.60345200126149,23.534904864069095,624.00732421875
          120.60349001762542,23.534951598038685,624.2900390625
          120.60349326362314,23.535008552516945,627.0433349609375
          120.603517086566,23.535066180864625,625.81201171875
          120.60355325964713,23.535112634496873,622.725830078125
          120.60356407024075,23.535167244517474,621.2197265625
          120.60356705337966,23.535227557432762,621.1431274414062
          120.60357414210891,23.535287856916984,620.05712890625
          120.60356905113703,23.535348603384186,618.0859985351562
          120.60357507112549,23.535406069772975,619.3754272460938
          120.60361832829513,23.535446669559438,619.9356079101562
          120.60365345634094,23.535487105752924,621.36767578125
          120.60368796110244,23.535528653056264,623.053466796875
          120.60374940349547,23.53553428933535,624.6943359375
          120.60380212896482,23.535510843291906,624.871337890625
          120.60386780484338,23.535504172187522,628.435791015625
          120.60392274959327,23.535506800163095,629.540283203125
          120.60397980299221,23.53554274984308,630.7583618164062
          120.60398321221095,23.535598367810245,631.9896240234375
          120.6039797558551,23.53565783893992,632.341064453125
          120.60394685935125,23.535702292809596,632.058349609375
          120.60393281645602,23.53575233923332,633.2077026367188
          120.60392063508385,23.535802787082247,633.8260498046875
          120.60389126421545,23.53586447485381,634.9437255859375
          120.60387501781611,23.535918772035576,635.8499755859375
          120.60383951181092,23.53596359162576,636.2701416015625
          120.60386455760701,23.53601169784424,637.113037109375
          120.60389366840414,23.53606421922497,637.4221801757812
          120.60392054195833,23.53611477396606,639.9058837890625
          120.60393351305721,23.536169391761426,639.5703125
          120.6039362757863,23.53621714001356,639.913818359375
          120.60392818730365,23.53627937305729,640.0538330078125
          120.6039445401556,23.536339914494434,638.944091796875
          120.60395665227881,23.53640114763929,642.270751953125
          120.60396562471753,23.536459940904727,643.4808959960938
          120.6039785362105,23.536513703254613,644.1097412109375
          120.6040174924099,23.53656239067467,645.7083129882812
          120.60404712530413,23.536611042977153,646.1997680664062
          120.60406896412485,23.536663583217468,648.0599365234375
          120.6040716048961,23.5367217049473,648.8711547851562
          120.60407873973742,23.536762038831803,649.1591186523438
          120.60409152284205,23.53683246910518,650.900390625
          120.6041165546876,23.53688775391851,653.7408447265625
          120.60413546697094,23.53694440337593,654.8638305664062
          120.60417658963374,23.53699353444724,654.1424560546875
          120.60420557499793,23.53704391150346,655.9920654296875
          120.60422827806588,23.53710463648312,657.101806640625
          120.60424088711946,23.537160903785466,656.46240234375
          120.6042459257019,23.537222491832956,658.3568725585938
          120.60425132328707,23.537278109535976,659.1469116210938
          120.60424997174299,23.537327876081363,661.334716796875
          120.60421291297058,23.53737576186629,662.9253540039062
          120.60415754814407,23.53740645372637,664.8912353515625
          120.60413462137738,23.537455937204935,666.8015747070312
          120.60408563763166,23.537490942845164,668.669677734375
          120.60404067774044,23.537524158428095,671.3410034179688
          120.60400709468439,23.53757679029349,674.0863647460938
          120.6039645660812,23.53760683164431,676.5093383789062
          120.60390920437641,23.53764360011357,677.9176635742188
          120.6039089398771,23.53769860692367,680.4542236328125
          120.60394807370727,23.537741938078803,680.8162231445312
          120.60399416490031,23.53778553458749,680.5150146484375
          120.604032624395,23.53783121630344,680.9774169921875
          120.60406384262804,23.537866892130683,680.789794921875
          120.60411856392086,23.53790794774368,680.6973266601562
          120.60411723156948,23.537945092440197,679.0194702148438
          120.60408953955155,23.53799772128931,681.3076782226562
          120.60403475999352,23.538042568462863,682.6499633789062
          120.60398806046521,23.538079988694108,683.2471313476562
          120.60404603464633,23.538061421592992,686.3676147460938
          120.60403556062633,23.538103744892815,689.8633422851562
          120.60399793622736,23.538151099305402,691.04443359375
          120.60395014921177,23.538185593377833,692.4898071289062
          120.60391597479494,23.53824695833829,695.1531982421875
          120.60390318736417,23.53830180707514,696.9869384765625
          120.60387865082664,23.53834562331175,700.424560546875
          120.60382605075142,23.53838830024206,703.373291015625
          120.60384216656551,23.538431537272977,705.50830078125
          120.60381584089319,23.53848906598812,706.921875
          120.60379018240604,23.53851228442934,706.4806518554688
          120.60374191595646,23.538576392627263,708.5283813476562
          120.60373744603028,23.53861474116609,712.7111206054688
          120.60372000014844,23.53869399080594,712.615966796875
          120.6036835418278,23.538722410232385,715.1393432617188
          120.60371342030845,23.538778140055506,716.1539916992188
          120.60366734310153,23.538817716914266,718.7064208984375
          120.60362519508074,23.538835004039623,720.3525390625
          120.60356605079501,23.538845643383777,714.1907958984375
          120.60349232888193,23.53887980128423,723.6738891601562
          120.60351232625327,23.53891999738902,725.0848999023438
          120.60349161379004,23.538981861451116,727.420654296875
          120.60346290888536,23.539006693736532,729.1751098632812
          120.60347036728189,23.53907091826309,732.7897338867188
          120.60350822427922,23.539112648233374,734.5838623046875
          120.60356338251604,23.539126527135473,736.9513549804688
          120.60363445441558,23.539116181317645,737.0068359375
          120.60369536452843,23.539100687088226,737.2208251953125
          120.60374124987966,23.53909611874214,737.9871215820312
          120.6038091755156,23.53906910625297,739.34521484375
          120.60385538313756,23.539062356510218,741.7866821289062
          120.6039276633996,23.539027851635478,741.3612670898438
          120.6039701100248,23.538990715702326,741.6519165039062
          120.60400072552902,23.538963864459678,742.2147216796875
          120.60402226957083,23.53893240173937,743.5147094726562
          120.60404685016462,23.538864791418547,745.7395629882812
          120.60408686280351,23.538817381149673,746.5692138671875
          120.60411756663525,23.53876680366309,748.4901123046875
          120.60414867822692,23.53871855948893,750.3053588867188
          120.60416581989492,23.53866179901975,752.6199951171875
          120.60422734248372,23.53866309457716,756.3297729492188
          120.60427324330347,23.5386778985004,759.112060546875
          120.60432539939077,23.538678413405766,759.7012939453125
          120.60438262152842,23.53868764002158,762.438720703125
          120.60441688406956,23.538721038978846,763.2842407226562
          120.6044966870889,23.538735890412845,764.7559814453125
          120.60453568918696,23.538713804028554,766.0269165039062
          120.60458906679894,23.53868742299942,767.80517578125
          120.60464402828948,23.53863927001012,770.4685668945312
          120.60470471066084,23.538612701809257,771.726318359375
          120.60474274851025,23.538594721790112,773.871826171875
          120.60479109034237,23.538548881367124,776.5009155273438
          120.60482012635838,23.538499228256335,777.01611328125
          120.6048549329378,23.53844226461756,778.6041259765625
          120.6048549329378,23.53844226461756,778.6041259765625
          120.6048549329378,23.53844226461756,778.6041259765625
          120.60487814362834,23.538491580227483,779.47607421875
          120.60490546785793,23.53853639851242,780.9478149414062
          120.6049364318929,23.538587442270398,783.5029296875
          120.60494537246556,23.538650858173355,784.6337890625
          120.60493805721906,23.538706836038084,786.5494384765625
          120.60493937541928,23.538763540923387,785.9813842773438
          120.60496413794922,23.538812803097837,787.9656982421875
          120.60500869989589,23.538847130566552,789.0569458007812
          120.60504088767081,23.538899537673892,792.5025024414062
          120.60508222027333,23.5389371342336,791.8577880859375
          120.60508964999573,23.53899529453444,790.674072265625
          120.60510172421532,23.53904730452668,793.2476196289062
          120.6051293060366,23.539096455721996,797.5333862304688
          120.60515285075758,23.53914789374512,791.894775390625
          120.60517340480223,23.539201225668595,799.3988037109375
          120.60519813227397,23.53925022801863,800.109619140625
          120.60523269088397,23.539299216846246,799.99072265625
          120.60527893253851,23.539335484399636,800.6195678710938
          120.60533107854428,23.539369269191102,802.45068359375
          120.60537849792709,23.53940901742832,799.6657104492188
          120.60540852183438,23.539458476181174,804.0703735351562
          120.60542863864227,23.539509438014754,804.4640502929688
          120.60544148553703,23.539568823791956,804.8894653320312
          120.6054293075257,23.539621943329227,805.9939575195312
          120.60540933545003,23.53967111784572,805.9939575195312
          120.6054001565489,23.53973167033757,808.1843872070312
          120.60542125467165,23.539783637882948,806.0679321289062
          120.60545281816091,23.539833863829845,809.9494018554688
          120.60549558112042,23.539878645122393,807.3837890625
          120.60553386563781,23.53993210268201,810.7394409179688
          120.60556137426947,23.539981648674495,809.4896850585938
          120.60558458241555,23.540034567234464,809.4896850585938
          120.60560998535887,23.540085111986972,805.460205078125
          120.60565600315097,23.540122302807042,811.1965942382812
          120.60571672521947,23.540128733108258,812.5520629882812
          120.6057190131705,23.54017837645111,811.48193359375
          120.60574369404107,23.540224504632484,812.5468139648438
          120.60579163652179,23.54025473686423,811.825439453125
          120.60585024067562,23.54027623679354,812.692138671875
          120.60590888625947,23.540263452176184,813.5006713867188
          120.60596279670936,23.540229250531393,815.43212890625
          120.60601405257836,23.540197343345813,815.2603759765625
          120.60607231845653,23.540168107057518,815.5193481445312
          120.60612072494887,23.54013544601661,815.865478515625
          120.60617984547747,23.540115750093676,813.2522583007812
          120.60617984547747,23.540115750093676,813.2522583007812
          120.60617984547747,23.540115750093676,813.2522583007812
          120.60623174161087,23.540199161500908,819.4906616210938
          120.6061993094869,23.540247538358845,822.1937255859375
          120.60616799209514,23.540296499680213,824.3577270507812
          120.60616529653777,23.540340285619983,826.4319458007812
          120.60615316524218,23.540405412891793,826.9815063476562
          120.60613070749167,23.540455711313655,827.4386596679688
          120.60612099584542,23.540491605157403,828.9711303710938
          120.60609672491651,23.54055391760576,830.0624389648438
          120.60608247742195,23.540575683463256,830.9739990234375
          120.60604386717718,23.540662995811505,833.156494140625
          120.6060141491969,23.54071474022108,835.2492065429688
          120.60600935843384,23.540774076266967,836.9402465820312
          120.60598568639828,23.54082559433655,839.3447265625
          120.60595881163992,23.54087858271414,840.850830078125
          120.60594618907608,23.54092757910094,844.1642456054688
          120.60589693084248,23.540959913043846,845.2449340820312
          120.60590788923133,23.541017913722428,847.1051025390625
          120.6058936112215,23.54106868211271,846.9677124023438
          120.60591603446821,23.541118826513507,846.9888305664062
          120.60595110428123,23.541178290085558,847.5198974609375
          120.60594432827969,23.54120613310408,848.3760375976562
          120.60589340109206,23.541280324323292,848.49755859375
          120.60584577389687,23.541315035968598,850.7461547851562
          120.60579876968787,23.54135680490122,851.4304809570312
          120.6057457613677,23.541392913251244,850.658935546875
          120.60569807491262,23.54143964067184,851.150390625
          120.60564850095521,23.541478002808,852.4451293945312
          120.60565663580084,23.541527842047998,855.2617797851562
          120.60565937629774,23.541587566181775,855.9434814453125
          120.60565752635887,23.54165612316542,858.0150146484375
          120.60564092730385,23.54171045597824,859.2648315429688
          120.60560707685649,23.541753691858396,860.1578979492188
          120.60554220630108,23.541762345798134,862.8742065429688
          120.60554275415707,23.54181536362837,868.24853515625
          120.60555439412074,23.541874858820783,868.161376953125
          120.60556845375592,23.541932500429414,869.4534301757812
          120.60559348255586,23.5419842437317,869.279052734375
          120.60559650317391,23.542039624758086,871.02294921875
          120.60559027479893,23.542095528629098,872.17236328125
          120.6056195672936,23.542142544971885,872.78271484375
          120.60555261429587,23.542151616766006,875.631103515625
          120.6055580726951,23.542208117363458,879.5310668945312
          120.60555372665702,23.542262168470184,882.2975463867188
          120.6055567759884,23.54231885363949,885.4022216796875
          120.60555145843976,23.542373796182382,885.6875610351562
          120.60553749898018,23.54242763260769,886.8739624023438
          120.60551847108984,23.542487053433113,886.8898315429688
          120.6055344689794,23.542544132529773,889.3497314453125
          120.60558620530004,23.542571030852592,890.2798461914062
          120.60564713465273,23.54259951495895,891.3209228515625
          120.60570555771773,23.54263866850805,891.8361206054688
          120.60569425307706,23.542667399618132,893.352783203125
          120.60563577019876,23.542699321660386,895.1363525390625
          120.6055933889796,23.54275343105095,898.824951171875
          120.60557470532959,23.54280681333931,899.004638671875
          120.6055336417273,23.54285337239176,901.58349609375
          120.60556365580048,23.542900971315877,902.3602905273438
          120.60561496670337,23.542932205764522,900.2835083007812
          120.60567483550486,23.542955940128213,900.0219116210938
          120.60572528297632,23.542991749072428,899.1288452148438
          120.60578566304609,23.543021042466766,896.557861328125
          120.60585069904457,23.542999660591896,895.5194702148438
          120.60590795851932,23.542977797660313,895.3662109375
          120.60587895333087,23.542927880175487,895.5855102539062
          120.60584776715004,23.542881247128093,895.3318481445312
          120.60579683528121,23.542847584257967,895.0755615234375
          120.60576286370623,23.542836216990032,895.1337280273438
          120.60568708260476,23.54280850558672,895.6093139648438
          120.60568708260476,23.54280850558672,895.6093139648438
          120.60568708260476,23.54280850558672,895.6093139648438
          120.60583931858227,23.542881679480676,898.7905883789062
          120.60587232735764,23.542920227181565,900.2465209960938
          120.60590892953651,23.54297372013827,896.885498046875
          120.60584600088048,23.542993584064195,898.1353149414062
          120.60579341647085,23.543017846442194,900.2147827148438
          120.6057323293896,23.54301404538523,904.1861572265625
          120.60567906160333,23.542989837015504,903.2719116210938
          120.60561331336274,23.542964363817433,904.548095703125
          120.60555469217064,23.542936224267578,904.9048461914062
          120.60550842290881,23.542898194180328,906.05419921875
          120.60544430926542,23.542896510746097,911.1300048828125
          120.60538692782329,23.542885144173034,914.5253295898438
          120.60532409031518,23.542879363504795,912.094482421875
          120.60527628309335,23.54284699479349,906.905029296875
          120.60521523516186,23.54282710691969,915.2810668945312
          120.60516105904082,23.542798442873924,917.4688110351562
          120.60509868548809,23.54277970591995,907.9672241210938
          120.60504109919148,23.542764458649458,920.5656127929688
          120.6049965770228,23.54272583557279,923.4403686523438
          120.60499259884783,23.54277865960724,923.826171875
          120.60501408909751,23.54283804092209,918.7741088867188
          120.60503981361178,23.542887269212333,925.749755859375
          120.60505865751531,23.542946621286326,923.4166259765625
          120.6050484297954,23.54300081228636,924.7720947265625
          120.6050555031413,23.5430596937086,925.6784057617188
          120.6051003978816,23.543096836384976,927.5147705078125
          120.60514497343334,23.543137847439738,928.2545776367188
          120.60519184991173,23.543172877747445,929.4542236328125
          120.60524276479853,23.54321087521184,930.323486328125
          120.60520273987566,23.543250267081618,933.1771850585938
          120.60515485212039,23.54328941216479,936.1735229492188
          120.6051245693755,23.543340279542285,937.4999389648438
          120.60510938497603,23.543393795626965,939.5344848632812
          120.60506331561638,23.543430171830767,941.312744140625
          120.60503752740772,23.54347956444201,942.27978515625
          120.60498490249044,23.543518899156826,943.5665893554688
          120.60495828353807,23.543567763082525,946.008056640625
          120.60493125797304,23.54361772310565,948.8458251953125
          120.60498700581331,23.543643335129744,948.9990844726562
          120.60505809308789,23.543646332250745,949.4429931640625
          120.60511404198273,23.543672995781357,949.4006958007812
          120.60517440294987,23.543700205468642,949.43505859375
          120.60523248580452,23.54371477044953,949.8922119140625
          120.6052927377698,23.54373259696229,950.209228515625
          120.60534544355808,23.543765859500876,950.9596557617188
          120.6053994601954,23.54380437253072,952.1882934570312
          120.60543368596296,23.543855728782944,953.92431640625
          120.60547584625331,23.543904496774417,954.4395141601562
          120.60553126553116,23.543940629931424,955.1318359375
          120.60558887461325,23.54396430193317,954.7222900390625
          120.60559915909286,23.544021713408288,954.53466796875
          120.6056250785572,23.544079067440435,954.204345703125
          120.60564340194932,23.544130483065764,955.0869140625
          120.60567321512005,23.544186882718794,955.1476440429688
          120.60569062802402,23.54424105388859,954.6033325195312
          120.60573682599939,23.544290955923792,955.784423828125
          120.60576320118672,23.54434105256149,955.0763549804688
          120.60581338947394,23.544372332512793,955.47265625
          120.60582950681417,23.544424942978413,956.72509765625
          120.60579671255147,23.544474032760924,958.0330200195312
          120.6057365611182,23.544503575300986,959.5364990234375
          120.60569838184031,23.544547576928643,960.5802001953125
          120.60568456160358,23.54457970314148,962.1312255859375
          120.60566964884012,23.5446585769523,964.0864868164062
          120.6056958480928,23.544713910318897,965.9677734375
          120.60571213257776,23.544778841333326,965.1063842773438
          120.60572288362852,23.544836209390787,966.52001953125
          120.60574523015316,23.54489312964159,966.5993041992188
          120.60577398064298,23.544945616976932,968.8583984375
          120.6057409011286,23.544992547173592,969.2098388671875
          120.60574336622746,23.54504833568206,969.2442016601562
          120.60573866312123,23.545103361488778,970.0870971679688
          120.60573909222703,23.54515791185625,971.424072265625
          120.60574661132534,23.54519999418913,971.0753173828125
          120.60574661132534,23.54519999418913,971.0753173828125
          120.60574661132534,23.54519999418913,971.0753173828125
          120.60570364316627,23.545185218010317,973.4586181640625
          120.60569544329806,23.545240408575317,977.5171508789062
          120.60567034186886,23.545292364452088,978.6480712890625
          120.60564239521,23.54534436463509,979.652099609375
          120.60563000177507,23.545403240961335,983.6736450195312
          120.60559709438382,23.545451809449126,984.3209838867188
          120.6055748538568,23.545519432195487,987.346435546875
          120.60554260933503,23.545576231254177,990.5382690429688
          120.60551730857043,23.545632414780602,992.8291625976562
          120.60548012330429,23.5456724453608,993.1858520507812
          120.60545526302963,23.545728680883055,995.1992797851562
          120.60544969872319,23.545790699648972,995.6616821289062
          120.60543903456606,23.545845494741226,996.3460083007812
          120.60540498515326,23.545896868007716,979.369384765625
          120.60536543449959,23.54593834434505,998.9829711914062
          120.605339730158,23.545986561052697,1002.8275146484375
          120.60530486801326,23.546042835029557,1004.5159301757812
          120.60529241241437,23.54610199164004,1007.08154296875
          120.60528235038879,23.546158086669696,1009.4014892578125
          120.60526421212911,23.546222535620856,1011.4571533203125
          120.60525477257666,23.546278870076982,1014.207763671875
          120.60523112353341,23.546317697112386,1017.2041015625
          120.60522649209678,23.546370006513506,1018.8026733398438
          120.60522297306203,23.546429596058903,1019.7618408203125
          120.60520339998766,23.54648073614528,1020.4752197265625
          120.60520349908056,23.546550155886056,1022.184814453125
          120.60522440221412,23.546603933879148,1022.97216796875
          120.60520404814191,23.54665685482662,1023.572021484375
          120.60522112242246,23.546713085849085,1024.43603515625
          120.60522258149102,23.546775508143405,1024.77685546875
          120.60522141595827,23.546834295099387,1024.7689208984375
          120.60521952948633,23.54689061962461,1025.18115234375
          120.60524080844633,23.54694426497816,1027.48779296875
          120.60523196728421,23.546997591014517,1029.5250244140625
          120.60520915727808,23.547052322618182,1033.8160400390625
          120.60518424912087,23.5471040823213,1034.3101806640625
          120.60517057932745,23.547158298910585,1035.4569091796875
          120.60513219805881,23.54718743161256,1037.9803466796875
          120.60508921826391,23.547237255268435,1040.715087890625
          120.60507508729158,23.547297428291817,1043.8197021484375
          120.60506861300595,23.54735217122134,1045.6824951171875
          120.60509202893233,23.547412699314133,1046.26123046875
          120.60510780757191,23.547466049370442,1046.9639892578125
          120.60510799825032,23.5475271394337,1049.297119140625
          120.60510403035647,23.54758406449336,1050.644775390625
          120.6051280253221,23.547639730779043,1051.1678466796875
          120.60514712766208,23.547695011869468,1051.72802734375
          120.60517830455953,23.547743978913484,1049.5640869140625
          120.60521608567406,23.54778816458341,1053.19189453125
          120.60524194628381,23.547841174935137,1053.7176513671875
          120.6052428880491,23.5478966954514,1054.608154296875
          120.60522386365267,23.547947300674192,1057.126220703125
          120.60520538025001,23.54800078899659,1058.6402587890625
          120.60519506663177,23.548061518819818,1058.81201171875
          120.60519694912618,23.548113716574996,1061.90869140625
          120.60516824320956,23.548166750671058,1063.30126953125
          120.6052001679614,23.548218561136796,1065.1112060546875
          120.60516539736119,23.548266353821386,1066.4666748046875
          120.60514175257515,23.548317635324693,1070.216064453125
          120.60516821115641,23.548369236677264,1070.86865234375
          120.60516721218416,23.54842580999216,1072.4990234375
          120.60519946941915,23.54847064554423,1073.1912841796875
          120.60518023352559,23.548526719259755,1074.70263671875
          120.60515663242674,23.54857647748409,1077.02783203125
          120.60510036011917,23.548597177884492,1077.6593017578125
          120.60504181364131,23.548636421645536,1080.02685546875
          120.60503933397365,23.54869430692033,1080.1378173828125
          120.60502565639848,23.54875500592718,1082.39697265625
          120.60498091530086,23.54876080273985,1084.5107421875
          120.60490723071733,23.54876685057495,1084.6507568359375
          120.60491886463927,23.548818642580745,1085.4593505859375
          120.60488175668128,23.548862979041854,1086.376220703125
          120.6048464237963,23.548912387052724,1091.029296875
          120.60481585094995,23.548942659571864,1092.0306396484375
          120.60475884779797,23.548997072549582,1093.7930908203125
          120.60478765681867,23.549042957054052,1093.91455078125
          120.60474720356684,23.549086063407042,1096.7603759765625
          120.6047073316918,23.54911489269883,1097.95458984375
          120.60465624941833,23.54915030029723,1100.966796875
          120.60463815258372,23.549210128363352,1101.727783203125
          120.60462887321033,23.549269432118482,1104.893310546875
          120.60461100636503,23.549322684921286,1105.6990966796875
          120.60461238531904,23.54937860465397,1106.935791015625
          120.60456944927316,23.549417076643756,1112.1357421875
          120.60452264125692,23.54945034424306,1112.0828857421875
          120.60449962312128,23.54948915398735,1114.7384033203125
          120.60442527703056,23.549523533169044,1115.99609375
          120.60436770185802,23.54956094395173,1117.1956787109375
          120.60433361006581,23.549581017146608,1117.0159912109375
          120.60427133281979,23.549632873074682,1117.6448974609375
          120.60421504328134,23.54965702400128,1117.6607666015625
          120.60415170344953,23.549671516170548,1117.026611328125
          120.60409561136966,23.54969085474479,1118.548583984375
          120.60404104726587,23.549713490005757,1119.8326416015625
          120.60400298297768,23.549754776141995,1121.2568359375
          120.60395497994264,23.54980054242083,1122.68896484375
          120.60389712466696,23.549823966119472,1123.9757080078125
          120.60384792131643,23.549850723707507,1125.2625732421875
          120.60383170861968,23.54990829392505,1128.7926025390625
          120.60378980950898,23.549949428960186,1125.658935546875
          120.6037930605964,23.550011645922403,1124.734130859375
          120.60379675316032,23.55007331770174,1124.490966796875
          120.60380407906788,23.550128705425834,1123.81982421875
          120.60382395526105,23.5501844140502,1123.1116943359375
          120.6038470598502,23.55023457858826,1121.716552734375
          120.60387528988142,23.550285441252576,1122.139404296875
          120.6038570588084,23.550342403806933,1118.7149658203125
          120.60384565518244,23.550401594522945,1116.680419921875
          120.60385932651248,23.55045462702401,1117.6422119140625
          120.60388041127628,23.55050570062482,1115.19287109375
          120.60389325496455,23.55054801942603,1115.2509765625
          120.60392260018378,23.550609364203332,1114.3790283203125
          120.60395327993267,23.550659710656017,1115.0924072265625
          120.60396089148652,23.550715208795467,1112.57958984375
          120.60399626875383,23.550762424444862,1113.13720703125
          120.60401344357511,23.55079647785328,1112.2281494140625
          120.60402413887499,23.550844738152982,1111.5015869140625
          120.60406270578312,23.550927270383156,1111.4593505859375
          120.60411121847311,23.55096079089681,1111.15283203125
          120.60413582949678,23.55101807043257,1109.3111572265625
          120.60411636821024,23.551073844742344,1107.559326171875
          120.60412424360281,23.551126356170137,1106.6715087890625
          120.60413752049251,23.551186783011183,1104.946044921875
          120.60415646934167,23.5512499643447,1104.396484375
          120.60416838889677,23.551279905959372,1104.341064453125
          120.60419658395354,23.55132924705482,1102.5257568359375
          120.60421419425742,23.55141104435562,1103.220703125
          120.60421804096508,23.551467237609444,1102.044921875
          120.60421601395544,23.551526690680966,1099.434326171875
          120.60421708819317,23.551583475879735,1096.9505615234375
          120.60421829136686,23.551638604435865,1096.4486083984375
          120.60422197293441,23.551698757774016,1094.213134765625
          120.60421963206991,23.551756015566493,1091.6026611328125
          120.60424562927642,23.55180637557286,1087.596923828125
          120.6042246389272,23.551858902105362,1088.22314453125
          120.60422227083266,23.551910140052186,1086.0855712890625
          120.60420621019527,23.551976432392074,1082.8011474609375
          120.6041625259444,23.55201713051476,1083.046875
          120.60415982477659,23.552079527659526,1082.0745849609375
          120.60413099497795,23.552131981366546,1079.7308349609375
          120.6040892299926,23.552176929612227,1076.4385986328125
          120.60406546111815,23.55223080810603,1074.422607421875
          120.6040355986572,23.55228188913397,1073.7540283203125
          120.60399703999775,23.55233136374889,1069.9808349609375
          120.60394358667607,23.55236601963488,1065.5577392578125
          120.60388070030596,23.552350448638915,1064.8997802734375
          120.60382053163029,23.55235139322386,1060.12255859375
          120.60375876447752,23.55235809534813,1058.5028076171875
          120.60374705464676,23.55230211732102,1056.9835205078125
          120.60373260650049,23.552245590392562,1056.9835205078125
          120.60367500005812,23.55223309522772,1054.650390625
          120.6036376555077,23.552187456673273,1055.334716796875
          120.6035781800027,23.55220915195087,1051.987060546875
          120.60352622889022,23.55224893550899,1051.83642578125
          120.60357949075765,23.552233351236136,1053.3768310546875
          120.60360769992164,23.552272059586524,1052.2564697265625
          120.60363329802728,23.552332490294003,1052.636962890625
          120.603671225117,23.552380518737653,1053.2236328125
          120.6037022156191,23.552431700037353,1053.625244140625
          120.60373991437734,23.552484637237686,1053.7255859375
          120.60377854230433,23.552531655994102,1054.00830078125
          120.60383331409035,23.55255636500459,1053.9501953125
          120.60389910336845,23.552578497436436,1053.3636474609375
          120.60396289293855,23.552574770522718,1053.7176513671875
          120.60402400698464,23.552548723231027,1053.7017822265625
          120.60408331119156,23.552547330272006,1053.670166015625
          120.60414074679338,23.55256404791195,1053.670166015625
          120.60420468837519,23.55257484604932,1053.8074951171875
          120.60426278670022,23.552597194811185,1053.656982421875
          120.60429903379298,23.552640424716166,1053.41650390625
          120.60433416114323,23.55269873943738,1053.4798583984375
          120.60436453934727,23.55274548343078,1053.4798583984375
          120.60440521532959,23.552789346023342,1053.252685546875
          120.60443221282583,23.552842934493214,1053.0677490234375
          120.60444911748304,23.552901768705134,1053.0677490234375
          120.60447100222162,23.552957192611597,1053.01220703125
          120.60448171044888,23.553010751757423,1052.666015625
          120.60447641970815,23.553065266549876,1052.666015625
          120.60447345391523,23.55312324599009,1052.848388671875
          120.60447173132994,23.55317839692899,1052.502197265625
          120.60446136206502,23.553240922760995,1052.5234375
          120.60444907787512,23.553296150713436,1052.264404296875
          120.60443780454175,23.55335744419656,1052.3199462890625
          120.60442519707232,23.553418151067035,1052.2142333984375
          120.60441584614277,23.553481312863983,1051.833740234375
          120.60439232779646,23.55353384445539,1051.7518310546875
          120.6043506646359,23.553559636136104,1053.0968017578125
          120.60432952174459,23.55360676130758,1053.39794921875
          120.60429177300134,23.55365587498277,1055.009765625
          120.60428168339949,23.553717403065196,1050.1427001953125
          120.60426230596518,23.553777816586475,1052.816650390625
          120.60425929665655,23.55384188423449,1053.3953857421875
          120.60425948499832,23.55390349279587,1052.4705810546875
          120.6042654578451,23.55396467112161,1054.11669921875
          120.60425415012946,23.55402264169341,1040.131103515625
          120.60425216316668,23.554083040160386,1054.010986328125
          120.604240927599,23.554140644254613,1051.6619873046875
          120.60425159628036,23.554200471405068,1051.807373046875
          120.60423794713998,23.554262215461723,1054.6319580078125
          120.60422274710987,23.554320146923974,1054.217041015625
          120.60422448637502,23.554384214509366,1053.8128662109375
          120.6042398712787,23.554437118659976,1055.1259765625
          120.60425708802505,23.55449675547105,1051.8284912109375
          120.60430876465583,23.554579958759998,1055.3189697265625
          120.60431020111072,23.554641465702666,1049.89697265625
          120.60431755902886,23.554697574734366,1054.38623046875
          120.60429632274534,23.55475120212662,1054.4364013671875
          120.60427514270465,23.554807839821308,1055.6412353515625
          120.60423793579176,23.554858218677442,1055.4774169921875
          120.60420562000488,23.554907874176617,1055.2581787109375
          120.60415650141542,23.554953648470487,1052.9039306640625
          120.60411080500711,23.55499418587605,1053.89208984375
          120.60406137270188,23.55503959026063,1053.6463623046875
          120.6040189628161,23.555085285832543,1054.415283203125
          120.60399031696907,23.555135912109037,1053.6436767578125
          120.6039618988619,23.555173957471517,1053.7943115234375
          120.60394321790577,23.55521707529792,1050.98828125
          120.60387598655498,23.55528092465258,1052.2115478515625
          120.60381810853497,23.55531259698226,1058.037841796875
          120.60375175774695,23.555341880105697,1052.578857421875
          120.60369755564076,23.555369614862936,1049.6063232421875
          120.60365380907444,23.555431183531525,1055.2105712890625
          120.6035888596704,23.55542929479177,1052.0794677734375
          120.60356054590954,23.55548142661741,1056.53173828125
          120.60349253255885,23.555491910016617,1054.222412109375
          120.60340919125514,23.555496812285273,1054.1695556640625
          120.6033541560651,23.555465692956805,1056.592529296875
          120.60330586295245,23.55542871392461,1049.9788818359375
          120.60324155393559,23.555429482620866,1048.628662109375
          120.60318899075416,23.555456042495052,1058.051025390625
          120.60316847426279,23.55539860761948,1051.030517578125
          120.6031336914579,23.55534923323176,1056.17236328125
          120.6030882772038,23.555304653727777,1056.3599853515625
          120.6030462981161,23.555350940508088,1047.434326171875
          120.60297885354356,23.555343220591883,1053.3609619140625
          120.602923942364,23.55536207345448,1053.2896728515625
          120.60286767220595,23.555385764374535,1053.4984130859375
          120.60280449471313,23.55539090282964,1053.10205078125
          120.6027317954698,23.55539455005854,1052.1878662109375
          120.60267229414013,23.55539831804712,1052.745361328125
          120.60260633101844,23.555378017305166,1053.2738037109375
          120.6025418723027,23.555352857576867,1053.0782470703125
          120.60249081047179,23.555310129238404,1052.666015625
          120.60243746744686,23.55527487332023,1052.2301025390625
          120.60237767968435,23.55525320864977,1052.4097900390625
          120.60232525223215,23.555217382372476,1053.0941162109375
          120.60227743888494,23.55518402479111,1055.9794921875
          120.60221517820416,23.55517163447104,1052.309326171875
          120.60215307432983,23.555147162739008,1052.1640625
          120.60209633112954,23.55512942237542,1051.9605712890625
          120.60203616167367,23.55511267891532,1052.031982421875
          120.60196983591179,23.555109351962166,1051.846923828125
          120.60190784827083,23.55510068843721,1049.5296630859375
          120.60187241998071,23.55508671733541,1052.039794921875
          120.60179960317718,23.555053435520353,1051.1943359375
          120.60173582845817,23.55503787532893,1051.7940673828125
          120.60167377232878,23.555054780634666,1052.4837646484375
          120.60162237193637,23.555085616913004,1052.17724609375
          120.60157957777645,23.555129404174107,1051.41357421875
          120.60155614336634,23.55518151410831,1051.65673828125
          120.60152138591839,23.55523303503406,1052.40185546875
          120.60148234832265,23.555279098988166,1050.8587646484375
          120.60143722081759,23.55531455509408,1048.036865234375
          120.60139746671445,23.55536626287988,1050.9697265625
          120.60134364057667,23.55539898893311,1050.2008056640625
          120.60131875945567,23.555451753257863,1050.4835205078125
          120.60129923006201,23.55550825574359,1045.3681640625
          120.60128278884432,23.55556442978541,1047.304931640625
          120.6012928443362,23.555619054385204,1047.8782958984375
          120.60131581173745,23.55567505334098,1047.466064453125
          120.60134394892388,23.55569832708531,1046.631103515625
          120.60141182464044,23.55575531320844,1043.5501708984375
          120.60145558624532,23.555780658664943,1043.3468017578125
          120.60150833264554,23.555824265606358,1044.3560791015625
          120.60154231015716,23.555874874592647,1043.2860107421875
          120.6015625468216,23.555932232106308,1043.291259765625
          120.60157095867376,23.555991110788305,1033.887451171875
          120.60157099882095,23.556046668367834,1040.490478515625
          120.60158761309718,23.55610142486512,1040.786376953125
          120.6015575646693,23.55615398746604,1039.43359375
          120.60150543663907,23.556183316746083,1035.5177001953125
          120.60144505659576,23.556200888788453,1039.3463134765625
          120.6013891291048,23.556223307313555,1037.19287109375
          120.60133685609753,23.556249861904767,1035.641845703125
          120.60128254886104,23.556278748482086,1036.4293212890625
          120.6012641307556,23.556339772786963,1035.5045166015625
          120.60127405923832,23.556395874498065,1033.6126708984375
          120.60129157915219,23.55645219011183,1034.619384765625
          120.60132410884678,23.556504155644607,1030.6427001953125
          120.60136377849864,23.556545448967718,1027.6358642578125
          120.60140748835067,23.55658675498563,1031.229248046875
          120.60144179813403,23.556643444628897,1031.5225830078125
          120.601446514741,23.55670420173381,1031.36669921875
          120.6014828105033,23.55675284198887,1031.4697265625
          120.60151313660909,23.556809632230095,1028.8037109375
          120.60153942963144,23.556863726544332,1029.680908203125
          120.60158866822532,23.556898639322267,1029.0811767578125
          120.60164360156173,23.556930406950137,1029.42724609375
          120.60170811602735,23.55695022840779,1026.22216796875
          120.60176763228331,23.556973521265043,1020.9429321289062
          120.60182878854837,23.5569798843574,1026.3701171875
          120.6018907726492,23.55699502463259,1025.6197509765625
          120.60195120094576,23.557004527170303,1025.3052978515625
          120.6020112440557,23.557016035936826,1024.73193359375
          120.60207295912097,23.557034009489836,1024.4254150390625
          120.60212367350546,23.557068041433915,1021.8888549804688
          120.60216798214837,23.557114644968465,1020.5492553710938
          120.60217980783075,23.557175215715542,1018.2398681640625
          120.60216772840023,23.557231142524962,1020.7949829101562
          120.60215250843292,23.55729315081495,1021.0908813476562
          120.6021257859814,23.55734947566178,1018.8766479492188
          120.6021097506215,23.557406016309102,1019.47119140625
          120.60207021884233,23.5574485269896,1018.6441650390625
          120.60203906667988,23.55749819647689,1017.3203735351562
          120.60201891491467,23.557551762909277,1012.7254638671875
          120.6020279294028,23.557610684914053,1017.7880249023438
          120.60206905391085,23.557657353332115,1015.0374755859375
          120.60212288207543,23.55768370379036,1015.0453491210938
          120.60218463536685,23.557668536918023,1012.2630615234375
          120.60222477007503,23.55762558122979,1014.8234252929688
          120.60225917426548,23.557571876762957,1012.955322265625
          120.6023059155359,23.557524300268675,1014.7177124023438
          120.60236066233449,23.557503862048577,1010.8045043945312
          120.60243070586702,23.55750399787824,1014.1099853515625
          120.60249272646574,23.55750429438951,1012.4876708984375
          120.60253786643757,23.557545825091243,1013.655517578125
          120.60255540355975,23.557604376402185,1008.5823974609375
          120.60253999144952,23.55766181383387,1012.1256713867188
          120.60249256202164,23.557709434502588,1005.4459838867188
          120.60244777384267,23.557753932467538,1011.2959594726562
          120.60242098279738,23.557804304240676,1012.3502807617188
          120.60238446423087,23.557852915811257,1011.5919189453125
          120.60233951588187,23.557901040594672,1011.0581665039062
          120.60232123250618,23.557960321894956,1009.7528686523438
          120.60230382931283,23.558014965994204,1006.0035400390625
          120.60231145626939,23.558075079000517,1005.5490112304688
          120.60232813186693,23.558135134347932,1006.4632568359375
          120.60235570098365,23.55818961622843,1007.3325805664062
          120.60237566360333,23.558242416750144,1003.744384765625
          120.60241440434687,23.55829024123354,1003.6519165039062
          120.60245544102669,23.558328822345437,1005.9295043945312
          120.60249931774098,23.55836635965982,1001.1417236328125
          120.6025538091679,23.558391594831807,1004.862060546875
          120.60261197436355,23.558411581926908,1004.2279052734375
          120.60265075658558,23.558362758223165,1007.0498657226562
          120.60269388887966,23.558328401923898,1003.6941528320312
          120.60272592237249,23.558370436182503,1003.044189453125
          120.60267648924402,23.55835585379153,1003.0626831054688
          120.60264846492389,23.558396401395477,1005.2213745117188
          120.60265926441899,23.558440862339427,1003.7364501953125
          120.60271306669925,23.55848911078505,1003.17626953125
          120.60274131846549,23.558505336014644,1001.5037231445312
          120.60279350271115,23.558539701613746,1002.8697509765625
          120.60281965955505,23.55860215312204,1002.5394897460938
          120.60286349656312,23.558649087580235,1002.8591918945312
          120.6029096128621,23.558692866935374,999.8179321289062
          120.60294864670455,23.558734977460436,999.5008544921875
          120.60298724094798,23.558780908177308,999.2340087890625
          120.60301500452829,23.55882747091819,999.210205078125
          120.6030353198865,23.55888230642726,998.6209716796875
          120.6030536580298,23.558940826395897,998.3567504882812
          120.60308263798711,23.558994226312155,998.5390625
          120.6031222502825,23.559044031075544,987.703125
          120.60315750915551,23.559098729397466,995.9813842773438
          120.60319659866889,23.559152348538564,996.3512573242188
          120.60321944499961,23.559201285214712,995.587646484375
          120.60324714768905,23.559255330505277,994.7315673828125
          120.60326144037288,23.559316911135088,994.7210083007812
          120.60324989514731,23.55937616600946,994.3167114257812
          120.60323334669489,23.559430821886803,994.3748779296875
          120.60319353223083,23.559476295177568,993.2413330078125
          120.603137179238,23.5595071215417,994.129150390625
          120.60310606385816,23.559552290936676,992.099853515625
          120.60306300170204,23.55959548511008,992.5199584960938
          120.60302388175548,23.55964606403652,992.7075805664062
          120.60298117052005,23.559693409521252,991.0614624023438
          120.60294009804494,23.559731665289394,990.6519165039062
          120.60292994516891,23.559792071525994,992.0602416992188
          120.60292616681566,23.559847608297137,989.5791625976562
          120.60291706335852,23.55990203986776,988.6754760742188
          120.60292682900678,23.559971137240332,988.7230224609375
          120.60293937929107,23.560029976931578,988.2738647460938
          120.6029235225846,23.56008297916177,987.9752807617188
          120.60295654938581,23.560126511270663,982.2732543945312
          120.60296513471101,23.560195538895485,991.0482177734375
          120.60299297355256,23.56025105256337,988.8630981445312
          120.60301208106928,23.56030236376979,980.5901489257812
          120.60301521830003,23.560358732053537,986.9474487304688
          120.60299095868234,23.560410216562424,987.1905517578125
          120.60301119931643,23.56046728673765,987.0003051757812
          120.60304157501967,23.560517479596612,986.7915649414062
          120.60307463920381,23.56057368672804,985.88525390625
          120.60313037423921,23.560589175349126,986.228759765625
          120.60318977374192,23.560613916039877,985.5073852539062
          120.603222512415,23.560676378932612,986.0147094726562
          120.60326603237641,23.560712530078845,986.0464477539062
          120.60331029484531,23.560754732321776,986.1864624023438
          120.60337962111683,23.560768799907198,985.9037475585938
          120.60344430007703,23.560776733875205,985.6289672851562
          120.60351032632816,23.56077441497428,985.8878784179688
          120.60357114176293,23.56076621570933,986.0437622070312
          120.6036342831085,23.560776780054987,985.631591796875
          120.60369977247886,23.560770213062963,985.8482666015625
          120.60375944893009,23.56078450047562,985.3990478515625
          120.60381874436716,23.560787096194847,985.7557373046875
          120.60387750309837,23.56080775497871,985.1982421875
          120.60394359835843,23.560822531358763,985.2246704101562
          120.60399997464272,23.560843027226458,985.0397338867188
          120.60406487197683,23.560851538936724,985.5946044921875
          120.604125989383,23.560858473977405,985.2088012695312
          120.60418379651483,23.560892764069763,984.8679809570312
          120.60424284543049,23.560911861899857,985.0449829101562
          120.60430434332153,23.5609249474901,985.0767211914062
          120.60436777914563,23.560931355457488,984.9472045898438
          120.60443180466645,23.560953290480963,984.7833862304688
          120.60449568875566,23.560967355345944,985.0079956054688
          120.60455868367345,23.56098109117478,984.72265625
          120.60461884959021,23.560968576882154,985.1929931640625
          120.60467674988018,23.560978871064332,984.4266967773438
          120.60473368448842,23.560982487749534,984.468994140625
          120.60479893302777,23.560989523214594,984.7728271484375
          120.60485377554394,23.560969990862574,982.933837890625
          120.60492096929103,23.560970884954585,978.4789428710938
          120.60498362808877,23.56098670317094,984.0435791015625
          120.6050491505248,23.560981975719756,984.186279296875
          120.6051155548088,23.560984468274853,983.81103515625
          120.60517663810089,23.56096585931296,983.8982543945312
          120.60524220863047,23.560979592368117,984.8309936523438
          120.6053116059218,23.560975243495328,983.6815795898438
          120.60537563561464,23.560985316815817,983.7872924804688
          120.60532166043717,23.56098858464702,982.8836059570312
          120.60525532936039,23.560988599765388,983.5547485351562
          120.60519630211155,23.560973924284898,983.8903198242188
          120.60513061439721,23.560970621399818,983.826904296875
          120.60506709234566,23.56097332789396,983.8348388671875
          120.60500582512134,23.560973009989116,982.5374755859375
          120.60493603930118,23.560978716876274,983.8242797851562
          120.60487774376814,23.561003681931545,983.9854736328125
          120.60481725174367,23.56098887765236,983.8744506835938
          120.60475587088494,23.56097971946006,983.9246826171875
          120.6046918754295,23.560975643024072,983.6895141601562
          120.60463382170214,23.560982183496424,983.768798828125
          120.6045738549972,23.560979860244274,984.0039672851562
          120.60451151883595,23.560970085214475,983.9775390625
          120.60444753693533,23.560955165124618,983.81103515625
          120.60439400409022,23.56091855506557,982.93115234375
          120.60434063152951,23.560904382927113,983.7185668945312
          120.60427530095062,23.560891732547777,983.9141235351562
          120.60421660978756,23.560875408667243,983.7581787109375
          120.60415660356341,23.5608693234624,983.6974487304688
          120.60409111330908,23.560873534838766,983.7291259765625
          120.60403044852788,23.56084851891656,983.5679931640625
          120.60396223104532,23.560829575095102,983.7133178710938
          120.6039029092812,23.560811567095218,983.7449951171875
          120.60395539900225,23.56082833705715,981.9456176757812
          120.60389710642946,23.560823071566762,984.55615234375
          120.60385653213191,23.560817072384353,985.0264892578125
          120.60378247123853,23.560802236968385,983.9088134765625
          120.60371231281768,23.56078388644346,984.2681884765625
          120.60365103272859,23.560781844410442,983.9141235351562
          120.60358520827216,23.560786486579076,984.4716186523438
          120.60352343688658,23.5607912205364,984.7332153320312
          120.60346466367251,23.560798615829583,982.902099609375
          120.6033946282773,23.560782043321733,984.677734375
          120.60333308205934,23.560764760025553,984.764892578125
          120.6032937551457,23.56072173554754,984.796630859375
          120.60326496181938,23.560674901791433,984.7120971679688
          120.60320840994433,23.560644316628853,984.677734375
          120.60315621175403,23.56061275365331,984.7041625976562
          120.60310287755269,23.56059116703889,984.5905151367188
          120.60305104280997,23.56054833187742,984.8203735351562
          120.60302749527092,23.560490026329532,985.1929931640625
          120.6030020872532,23.560438591250712,985.5576171875
          120.60298522077878,23.560382497148172,985.79541015625
          120.60298500648028,23.560319019529903,985.8931884765625
          120.60295746248345,23.560270152748906,986.3238525390625
          120.6029533974729,23.560219677163722,985.6104125976562
          120.60293820174968,23.560162751210246,987.0504760742188
          120.60291696191726,23.560107230252825,986.8760986328125
          120.60285977792756,23.560086876885983,986.3106689453125
          120.60279746508546,23.56011578825673,985.8773193359375
          120.60273800146648,23.560127192852892,985.3673706054688
          120.60268035194717,23.560149133239907,983.557373046875
          120.60262303541809,23.56017827358226,983.8982543945312
          120.60256381833472,23.560204386367634,983.4305419921875
          120.60250860110773,23.56023541272276,982.8386840820312
          120.60245398363544,23.560259967856606,982.722412109375
          120.60239850634888,23.560280748134627,981.9984741210938
          120.60234085359878,23.5603075770278,981.0208129882812
          120.60228446495638,23.56033122751099,981.0446166992188
          120.60223392030372,23.56036020050267,979.5543212890625
          120.60216791889842,23.56038095384459,978.8276977539062
          120.60210348567456,23.560407911081295,978.354736328125
          120.60204204398609,23.560428744290785,978.7326049804688
          120.60197898820535,23.560438746674542,978.431396484375
          120.60192188531073,23.56044719600012,973.8945922851562
          120.60188566236825,23.56040227748296,976.6927490234375
          120.60188869882325,23.5603475302153,977.2449951171875
          120.60182941158367,23.56034084677902,977.3480224609375
          120.60179501270868,23.560295444162083,978.6533203125
          120.601764100459,23.56024401566165,978.2728271484375
          120.60172900655702,23.560199866135665,976.4893188476562
          120.6016835578146,23.56015560753024,978.6533203125
          120.6016445996039,23.560112385974364,977.3322143554688
          120.60162996947952,23.56005111105858,976.7640991210938
          120.60159540031147,23.560006082911624,979.1262817382812
          120.60153551888871,23.55997024258309,979.9242553710938
          120.6014663053688,23.55995676904295,979.1130981445312
          120.60141201435056,23.559925360383396,976.7033081054688
          120.60134612371616,23.559910234997012,985.61572265625
          120.60131035827139,23.559867540779578,964.8685913085938
          120.60133520465509,23.55981798626432,980.9415283203125
          120.60130124795617,23.559784371868435,976.9279174804688
          120.60125170845869,23.55974979383872,970.248291015625
          120.6011877721738,23.559727898678368,983.0157470703125
          120.60111986672152,23.5597175091091,980.9257202148438
          120.60106927264704,23.559695560195433,980.4580078125
          120.6010321526364,23.559681815870576,979.773681640625
          120.6009035633548,23.55962942241895,981.4224243164062
          120.60084157990799,23.559598636370616,980.653564453125
          120.60084157990799,23.559598636370616,980.653564453125
        </coordinates>
      </LineString>
    </Placemark>
    <Placemark>
      <name>停車場</name>
      <description></description>
      <ExtendedData>
        <Data name="icon"><value>P</value></Data>
        <Data name="color"><value>#3b82f6</value></Data>
      </ExtendedData>
      <Point>
        <coordinates>120.60081073358879,23.5596077860791,0</coordinates>
      </Point>
    </Placemark>
    <Placemark>
      <name>7-11</name>
      <description></description>
      <ExtendedData>
        <Data name="icon"><value>star</value></Data>
        <Data name="color"><value>#3b82f6</value></Data>
      </ExtendedData>
      <Point>
        <coordinates>120.60160252542607,23.560051197758384,0</coordinates>
      </Point>
    </Placemark>
    <Placemark>
      <name>太平老街</name>
      <description></description>
      <ExtendedData>
        <Data name="icon"><value>star</value></Data>
        <Data name="color"><value>#3b82f6</value></Data>
      </ExtendedData>
      <Point>
        <coordinates>120.604270595147,23.56093870055743,0</coordinates>
      </Point>
    </Placemark>
    <Placemark>
      <name>無二窯藝術空間</name>
      <description>柴燒陶藝|手拉胚|陶杯刻畫</description>
      <ExtendedData>
        <Data name="icon"><value>star</value></Data>
        <Data name="color"><value>#3b82f6</value></Data>
      </ExtendedData>
      <Point>
        <coordinates>120.60271679630415,23.558354192312862,0</coordinates>
      </Point>
    </Placemark>
    <Placemark>
      <name>雲之南茶園步道出口</name>
      <description></description>
      <ExtendedData>
        <Data name="icon"><value>star</value></Data>
        <Data name="color"><value>#3b82f6</value></Data>
      </ExtendedData>
      <Point>
        <coordinates>120.60270823458933,23.55877227964625,0</coordinates>
      </Point>
    </Placemark>
    <Placemark>
      <name>奉天岩</name>
      <description></description>
      <ExtendedData>
        <Data name="icon"><value>star</value></Data>
        <Data name="color"><value>#3b82f6</value></Data>
      </ExtendedData>
      <Point>
        <coordinates>120.60615933676274,23.543062221105316,0</coordinates>
      </Point>
    </Placemark>
    <Placemark>
      <name>獨立山車站</name>
      <description></description>
      <ExtendedData>
        <Data name="icon"><value>star</value></Data>
        <Data name="color"><value>#3b82f6</value></Data>
      </ExtendedData>
      <Point>
        <coordinates>120.607483830396,23.538628159108313,0</coordinates>
      </Point>
    </Placemark>
    <Placemark>
      <name>樟腦寮車站</name>
      <description></description>
      <ExtendedData>
        <Data name="icon"><value>star</value></Data>
        <Data name="color"><value>#3b82f6</value></Data>
      </ExtendedData>
      <Point>
        <coordinates>120.60243799029138,23.532964532996758,0</coordinates>
      </Point>
    </Placemark>
    <Placemark>
      <name>紅南坑山</name>
      <description>海拔高度;1109m</description>
      <ExtendedData>
        <Data name="icon"><value>mountain</value></Data>
        <Data name="color"><value>#8b5cf6</value></Data>
      </ExtendedData>
      <Point>
        <coordinates>120.60258663309565,23.549865766370303,0</coordinates>
      </Point>
    </Placemark>
    <Placemark>
      <name>大巃頂步道</name>
      <description></description>
      <ExtendedData>
        <Data name="icon"><value>google-pin</value></Data>
        <Data name="color"><value>#e27653</value></Data>
      </ExtendedData>
      <Point>
        <coordinates>120.60510478153225,23.54740549341274,0</coordinates>
      </Point>
    </Placemark>
    <Placemark>
      <name>洗手間</name>
      <description></description>
      <ExtendedData>
        <Data name="icon"><value>wc</value></Data>
        <Data name="color"><value>#10b981</value></Data>
      </ExtendedData>
      <Point>
        <coordinates>120.60031293100695,23.559552152812984,0</coordinates>
      </Point>
    </Placemark>
    <Placemark>
      <name>洗手間</name>
      <description></description>
      <ExtendedData>
        <Data name="icon"><value>wc</value></Data>
        <Data name="color"><value>#10b981</value></Data>
      </ExtendedData>
      <Point>
        <coordinates>120.60283300843082,23.56061259570329,0</coordinates>
      </Point>
    </Placemark>
    <Placemark>
      <name>一抹紅趣藝術裝置</name>
      <description></description>
      <ExtendedData>
        <Data name="icon"><value>star</value></Data>
        <Data name="color"><value>#3b82f6</value></Data>
      </ExtendedData>
      <Point>
        <coordinates>120.60334417212363,23.559360519050315,0</coordinates>
      </Point>
    </Placemark>
  </Document>
</kml>