<?xml version="1.0" encoding="UTF-8"?>
<kml xmlns="http://www.opengis.net/kml/2.2">
  <Document>
    <name>瑞里村-瑞太古道</name>
    <Placemark>
      <name>路線軌跡</name>
      <LineString>
        <tessellate>1</tessellate>
        <coordinates>
          120.68342354006147,23.54358039062401,1135.7305482197553
          120.68342413545786,23.543575061448117,1135.4567478630424
          120.68341234709138,23.543546007594664,1135.4660912152895
          120.68343126805085,23.543513629224957,1135.7961960468458
          120.68345432082226,23.543488796328877,1136.5040100157476
          120.68345352690234,23.54345099491728,1136.966189816928
          120.68344437149365,23.54341406082476,1137.6862256756071
          120.68342878629197,23.543382714462776,1138.8212956973746
          120.68341091108792,23.54335393197768,1139.6052838886806
          120.6833851544327,23.54332281162244,1139.7050726580105
          120.68338455666301,23.543305092797187,1141.0452464464938
          120.68339529251193,23.543300712523216,1143.162205196895
          120.6833989411857,23.543300424638012,1143.4375757526336
          120.68340637447555,23.54330791398187,1144.236329779611
          120.68341139468596,23.543307046354013,1143.5503558463747
          120.68342522512891,23.54329729468826,1142.4397908588433
          120.68345345715332,23.54327135030541,1141.5312890850614
          120.68348080942827,23.543252079652156,1141.4495424013403
          120.68349666157991,23.543201759567275,1140.7618671616437
          120.68350344065142,23.543151039563973,1140.8916971999129
          120.68352982057542,23.54309429952931,1141.165241007166
          120.68356524621045,23.54304850810796,1141.7947452081207
          120.68360112697648,23.54301359214531,1142.0254391950102
          120.683633615991,23.54301579353046,1141.8571261698798
          120.68369019887741,23.54304397336814,1141.738821403749
          120.6837257480565,23.543047683901182,1141.3989659939568
          120.68373779901454,23.543054983656234,1141.677501028498
          120.68373998617362,23.543062640896295,1142.2357824365506
          120.6837499072021,23.543071828740576,1142.7669966675073
          120.68375570043216,23.543079372944966,1143.785761339943
          120.68376071880506,23.54308847501583,1145.3205142367092
          120.6837647725165,23.543096528192084,1146.1053594895811
          120.68376601454189,23.543108239622462,1146.5906156629558
          120.68377009647276,23.543125435628028,1147.3376977280088
          120.68378113794505,23.54314681785756,1147.8311226612316
          120.6837961692637,23.54317031846979,1148.528622211787
          120.68381002246433,23.54318987476315,1149.0235793831482
          120.68382556412395,23.543208417660363,1150.6214536869063
          120.68384468775822,23.543227876840984,1151.8234252695217
          120.68386683950901,23.54324937664767,1153.2354011185882
          120.68388737241969,23.54327096287399,1154.2998399959367
          120.68390569366993,23.54329064555167,1155.252060039974
          120.6839217263932,23.543313278868897,1156.3793719175435
          120.68394813984357,23.543344706862477,1157.6770743511186
          120.68397552103829,23.543368020862275,1158.8836422388056
          120.68400132285666,23.543390356849617,1160.1922160143695
          120.68402397985363,23.543413371147835,1161.5234554794188
          120.68403538342262,23.54343262210458,1163.1670934665538
          120.68404097034401,23.543445489106425,1164.375026971004
          120.68405586789288,23.543462529327616,1165.714397896905
          120.684073673178,23.543480152911243,1166.121680303703
          120.68409223623541,23.54349774737089,1166.6763838759668
          120.68411783829073,23.543521361889383,1167.3806739410832
          120.68413996178475,23.54354109093467,1167.7894251680934
          120.68415683716002,23.54355480712175,1168.2424244230076
          120.68417407551365,23.543567294552272,1169.50498513474
          120.68419389456291,23.543579267911984,1170.1339408863048
          120.68420078285281,23.54358341535963,1170.9682854704852
          120.68420435150863,23.543584467695492,1171.1508435804794
          120.68420771706045,23.54358507853922,1170.7340631277063
          120.68421000639896,23.5435855242289,1169.279391006488
          120.68419119282449,23.543620172850314,1167.7451794593323
          120.68415164809414,23.54368101243979,1165.7066062044048
          120.68414918622058,23.543725126574945,1163.95683880257
          120.68415941290527,23.543745594868216,1163.4624088578191
          120.68416832438032,23.543748046925252,1162.518898338179
          120.68416458087555,23.543746443015934,1162.3272228826002
          120.6841682296053,23.54375306375275,1161.7082066108624
          120.68417137740836,23.54375330496884,1161.0217613475477
          120.68417231267767,23.543752622873207,1160.819713692204
          120.68415142730741,23.543745804758327,1161.9836700921453
          120.68414248616084,23.54374297683506,1162.5181977065129
          120.68414451502103,23.54372430741739,1163.3985361719579
          120.68414409259077,23.543722729293908,1163.5270675492309
          120.68414088106441,23.54372547738978,1163.7347250397052
          120.68414843422558,23.54372639484958,1163.8235260588517
          120.68415696480864,23.54372191419192,1164.2840651087145
          120.6841637334476,23.54370192773668,1164.3936388350396
          120.68417480404582,23.543680604081832,1165.5993481645799
          120.68420250799093,23.543648882996266,1167.2668836334321
          120.68422267394111,23.543606042633474,1168.5217925216725
          120.68422510070694,23.54358532600588,1169.6339465148403
          120.68423113046559,23.543576682461804,1171.7316762609532
          120.68425221197423,23.543559750211813,1173.2392769073972
          120.6842681681256,23.543537220019854,1174.7793857014424
          120.68428671820257,23.543511532166207,1176.4681906760825
          120.68429987440882,23.54348170097483,1177.6174853909267
          120.68431464268477,23.543451063306303,1179.3438865892488
          120.68433855128414,23.54342064227049,1179.020842815712
          120.68436127682209,23.54339785394562,1177.8290213796931
          120.68438802198062,23.543373206811207,1179.1558838197357
          120.68440831667985,23.543354618019087,1180.7845518464267
          120.68443470932743,23.54332976899732,1181.5172486083727
          120.68446188685918,23.54330416458471,1182.5362679199905
          120.68448731726089,23.543280224808424,1183.3049463519346
          120.6845124896188,23.54325654677359,1183.879999002172
          120.68453773451152,23.543232903200806,1184.1340753180427
          120.68456588339535,23.543206262002407,1184.1587464261374
          120.68459441478296,23.543179617598167,1185.1132538347058
          120.68461798675165,23.543156882157394,1185.7572659432901
          120.68464132488518,23.543134394162326,1186.0685811783335
          120.68466768966177,23.543109039204495,1187.4602096847473
          120.68468881359148,23.543089307193487,1188.579452306748
          120.68471370749904,23.54306517159302,1190.4359106052764
          120.68472801890155,23.543051100722167,1191.569321306625
          120.68472846335725,23.543050589930917,1193.1789266193289
          120.68473003270766,23.543054132135552,1194.1314064932299
          120.68474493597319,23.543046162907356,1194.8993584323784
          120.68476241658722,23.543030391649506,1196.516113980874
          120.68478110475388,23.543010516710176,1197.807176962844
          120.6847963356257,23.54299338960801,1198.8815262201513
          120.68480952288238,23.542978497108173,1199.328903403294
          120.68482472232925,23.542960793059,1200.210892041355
          120.68484487624941,23.542935582249864,1202.6068854253629
          120.68486263689208,23.542912569425482,1204.556126972224
          120.68488395980731,23.542884669122365,1205.9486631185443
          120.68490716020379,23.542855158523842,1207.626391006367
          120.68492996895826,23.542827019933707,1209.2049484921122
          120.68495212441057,23.542793872306007,1209.443783202855
          120.68497391639382,23.542768975431276,1209.0741748680214
          120.68498820860502,23.542755991384684,1209.2965902552448
          120.68500212395817,23.542745446422973,1210.5281985927097
          120.68501981205588,23.542734411027194,1212.1153351648948
          120.68504183126369,23.542722405032396,1214.1183448932748
          120.68506149670901,23.542712633145896,1216.2050989418108
          120.68510071493314,23.54270254016185,1216.6613360171937
          120.68514210392475,23.542692138630002,1217.9123535038125
          120.68517754823625,23.542680905946497,1219.3283765197132
          120.68521284900822,23.542666832293893,1221.331786145663
          120.68525029960715,23.542645941711,1222.9159727433607
          120.68527560248737,23.542631144544966,1223.4234160834433
          120.68529159550087,23.542622147691485,1223.1755319807503
          120.68529364963166,23.542619993315245,1222.869688881926
          120.6852915721661,23.54262072027355,1222.7384015251832
          120.68528965065143,23.54262161145892,1222.7174978924843
          120.68528887085498,23.54262212077625,1222.7325236920697
          120.68528772640624,23.54261923075339,1222.5036906426046
          120.68529881090687,23.54261100998298,1222.2328379387525
          120.68530511020323,23.54260972485903,1222.1456390038195
          120.68532480008773,23.542595976239582,1222.5221999895964
          120.68533958938079,23.542589970809637,1222.475870088871
          120.68534662475578,23.542589967694976,1222.9982147759943
          120.68534943807587,23.542589230816155,1222.2920673262001
          120.68535044324203,23.542590450721352,1221.9374438487291
          120.68535386575033,23.542594832287048,1221.853069986276
          120.68535377998386,23.542595324748415,1221.8748125103396
          120.68535451227476,23.54259624999464,1221.9082188237169
          120.68534161525812,23.54259323238927,1220.981030410405
          120.68532867688772,23.54258447074648,1220.926636821749
          120.68531931353719,23.54257760263885,1221.2525861010263
          120.68532123632514,23.54257706476859,1221.583941828364
          120.6853222115661,23.542571819395565,1220.8078352967077
          120.68532280129676,23.542569965583315,1220.4390475537984
          120.68532298052541,23.542569867100916,1220.3606983687096
          120.68534303685635,23.542560341430857,1222.5672311299038
          120.68535559538466,23.54254642379018,1223.5104116348991
          120.68536267264123,23.542535754105828,1224.7004469530248
          120.68538151860002,23.542533460815676,1225.2316139288496
          120.68539128354749,23.542536460436,1226.333431073773
          120.68540835507875,23.542535355320698,1226.8240812641377
          120.68542357158076,23.542521305595915,1227.1549266190448
          120.68543170716433,23.542487206187197,1227.7911155935717
          120.68543242173378,23.542463399295443,1229.3929999667441
          120.68543990162583,23.54243627446652,1230.7123832855832
          120.68545326668021,23.542398734722784,1231.946466215206
          120.68547153960405,23.542345899325746,1231.3901332528226
          120.68548867143295,23.542288869543395,1229.9545812762071
          120.68550214056064,23.542236397131727,1229.1771200486335
          120.68551316231172,23.542189931742648,1229.2142516582958
          120.68552412566719,23.542143386075498,1229.427820089692
          120.68553414767118,23.542101404814158,1230.0944927075327
          120.68554168093031,23.542066683956342,1230.6024186712395
          120.68554842098045,23.542028248858806,1229.7815673937394
          120.68555289819767,23.54200826526095,1229.5919814214028
          120.68554737756354,23.542003911893406,1228.7927972272848
          120.68554439046451,23.542005380679807,1228.3876735615788
          120.68554306026923,23.542006264813935,1227.4674136153412
          120.68554428635571,23.542004225489755,1227.519823653773
          120.68554491177774,23.542004027425193,1228.3872122604985
          120.68555520011493,23.54196669485475,1228.498303571602
          120.68557123307143,23.541921902079466,1228.9192435644966
          120.68558319973314,23.541876619962917,1229.0890918080756
          120.68558799777895,23.541854584459728,1230.334284915428
          120.68559144238709,23.541820849456528,1231.0608353723517
          120.68558741010278,23.541784304744652,1231.702886230027
          120.68558640058458,23.541750946177032,1233.6292067610802
          120.68558784086717,23.54171510274621,1235.3183365381474
          120.68559026309961,23.541675176169743,1236.2765931367337
          120.68559081277029,23.5416711897333,1236.1126239228308
          120.68559079376442,23.541674280771876,1235.3250845986943
          120.68559050114946,23.54168055427798,1234.7108177294322
          120.68559034478729,23.54168332998017,1234.5366185560933
          120.68558902217802,23.54168028324954,1234.135941226633
          120.6855913742498,23.541648611135795,1235.6057385561926
          120.68559511658351,23.541599385390363,1236.9837104742162
          120.6855982672996,23.541558900368614,1238.1138657085191
          120.68560252115104,23.541526611072516,1239.20192646303
          120.68560482053829,23.541512571660157,1239.646635944123
          120.68560547686485,23.541509935777437,1239.7417614244591
          120.68560595201495,23.54150884626569,1239.2875760023967
          120.68560672329578,23.541505892060666,1239.53871333741
          120.6856072498363,23.541503614915914,1239.75397233738
          120.68560652622924,23.541507011981953,1239.5446192957252
          120.6856178074224,23.541488347581883,1240.0507423012446
          120.6856260522662,23.541467891735973,1241.4180324965234
          120.68563280556332,23.541448842474235,1242.2074809391952
          120.68564124530292,23.54142602645733,1243.3883598864843
          120.68565318222139,23.541399628245493,1244.1254644694948
          120.68566737484258,23.541375090140683,1244.415774113073
          120.68568079573267,23.541355885433788,1245.0843610743211
          120.68569895288104,23.541335545001925,1247.013738966062
          120.68571464999206,23.5413201907228,1247.993546583461
          120.68573390309145,23.541303373021147,1248.886910340622
          120.68574703358948,23.541292661112152,1250.0341428334893
          120.68575913600031,23.54128294937411,1251.3672930609432
          120.68576288920309,23.54127230208546,1253.9069898872388
          120.68577250242566,23.54126145259354,1254.3410751109086
          120.68578248282445,23.54125369498168,1254.4098813173096
          120.68579066583335,23.541248352523702,1253.9285484278412
          120.68580094808816,23.54124147685117,1254.025241098663
          120.68581149036466,23.541234780660407,1255.7068946546879
          120.68583033783777,23.541222945659207,1255.210283172062
          120.6858547331613,23.54120760367824,1254.6485855092653
          120.68588972355874,23.5411854158312,1254.8670915112675
          120.68591894636015,23.5411665990511,1256.5443233342294
          120.6859555724591,23.54114283445725,1258.2116666343393
          120.68598871291938,23.541118268084038,1259.311991738447
          120.68601489029675,23.54109826104599,1259.5487744810957
          120.68603843946708,23.541079981942044,1260.1485760788557
          120.68605783336419,23.541055858974023,1260.0822484739124
          120.68607611610933,23.541030471134295,1259.3911637541303
          120.68608465557904,23.54101679520482,1258.9588429095693
          120.68610032581618,23.540986504867718,1260.9712080572535
          120.68610163353773,23.540974390525296,1262.442891157221
          120.6860909788688,23.540962844512528,1263.8167676914752
          120.68609236540875,23.540961488203685,1265.3910252583316
          120.68610433830834,23.540963378732243,1265.702679038047
          120.68611416318886,23.540952670406973,1267.7286413768334
          120.68612756864155,23.54093764722478,1270.5348190464035
          120.68613347399912,23.540914603964584,1272.499893088375
          120.68614046275273,23.54088537129176,1274.892632106784
          120.68614502565455,23.540858854482458,1275.6560378711085
          120.68614882368682,23.540832164752086,1275.3624242354588
          120.68615124416577,23.54080704980333,1279.141652430255
          120.68615348936909,23.540779940987065,1279.8389813035317
          120.68615482807823,23.540747634649456,1279.421096914631
          120.6861553951746,23.54071750490083,1278.6026305848811
          120.6861550605765,23.540678233872725,1277.854903030759
          120.68615153240923,23.540617789309394,1276.7091328733518
          120.68614563525742,23.540569529490295,1277.3632947118288
          120.68614082007839,23.540532664349293,1277.488992994719
          120.68613830160395,23.54048957526028,1277.360075514433
          120.68613701369169,23.540449640804102,1278.117587408961
          120.68614390645135,23.540414819732817,1277.8146271923795
          120.6861467601919,23.54037697609193,1278.4472007962668
          120.68614701373829,23.540343305788447,1278.0677572472162
          120.68614541220647,23.540297263285055,1279.217043927833
          120.68614291369491,23.540254779650432,1279.9486297378703
          120.68613873334847,23.54021125042311,1281.2788478162304
          120.68613496907203,23.540177169799716,1281.1258761833744
          120.68613173875177,23.540146561712184,1281.060579234073
          120.68612768732852,23.540109044324208,1281.8314320644988
          120.6861238832484,23.540074364811794,1280.3158966222486
          120.68612048933603,23.54004286494374,1279.7101675603446
          120.68611862246179,23.540021689050814,1280.0992952966249
          120.68611624630087,23.53999020121937,1280.4733479404204
          120.68610658183363,23.539957323040937,1281.1559549623898
          120.68610073993632,23.539923881511267,1280.9797020104193
          120.68609697786565,23.53988997630217,1280.7466328461344
          120.68610010958686,23.539850193049894,1281.559322569159
          120.68609750955649,23.53980127301459,1279.111039685969
          120.68609325238488,23.53976219712809,1277.7472096610763
          120.68608839259124,23.53972215237851,1276.788499782705
          120.68607993543561,23.539680297212872,1275.9194388174217
          120.68607516491264,23.539630229488072,1275.2497108377368
          120.68607074523413,23.53958528129366,1272.493144162276
          120.68607103840075,23.539545887253336,1271.2722495937262
          120.68607118725502,23.539507631154187,1269.4464769233223
          120.6860709557973,23.539465145628522,1268.9913697514203
          120.68607143140842,23.539425707867867,1269.2576045052
          120.68607395103105,23.539384090541876,1268.817674119916
          120.68607990204647,23.53933761995592,1268.4776942927538
          120.68608854605267,23.539297519132532,1265.682307348709
          120.68609801043702,23.539264179038536,1263.2544506916024
          120.68610582839953,23.53924120474091,1261.4144615955965
          120.68611520623493,23.539215867038344,1260.1421066591827
          120.68612691324013,23.539183025142016,1260.7028285588867
          120.68613550259771,23.539151724398035,1260.5806454535489
          120.68614803383973,23.539123498163107,1261.1124550095155
          120.68616057834134,23.539101848603117,1260.9910661919307
          120.68617375674731,23.539084076553486,1261.2580627651173
          120.68619186566065,23.539061018753234,1261.1068181532112
          120.68622005844757,23.53902998063451,1260.0231755847667
          120.68625094214742,23.5390040069134,1259.9450055399695
          120.68628873250833,23.538982184620235,1259.7598991651867
          120.68633066338595,23.538958122684743,1259.8930746315746
          120.68637063405914,23.53894062827992,1260.7919089105935
          120.68641855472465,23.53892964184777,1261.4207111159997
          120.68647067143655,23.538923161959197,1261.5657870160621
          120.68652470128079,23.53891634984224,1261.9124737989423
          120.68658324561756,23.538915891609665,1262.60119379799
          120.68664134585052,23.538912956227083,1262.999412339333
          120.68670097645837,23.53891195754006,1264.2664915605872
          120.68675452135989,23.53891789984752,1265.8643512342517
          120.68680323641334,23.538920611009893,1268.29593992036
          120.68683715170995,23.538922305727215,1268.543739979063
          120.6868737298007,23.538924519460505,1268.4715248111654
          120.6869110112497,23.5389274546109,1268.8620855621762
          120.68694822423997,23.538931142832737,1269.6777301091483
          120.68697508669982,23.538934000242485,1269.9507933785346
          120.68699454332207,23.53893608863928,1270.0997164099915
          120.6870161361767,23.538938336136223,1270.4164830459642
          120.687025389496,23.53893780521204,1270.3578902776771
          120.68705776194363,23.538942329114303,1272.0399615293645
          120.68710482345219,23.538948750088796,1273.8561471790067
          120.68714264732294,23.538953642692938,1275.1255293226436
          120.68716961805548,23.538956936568486,1274.7137946037924
          120.68720844762349,23.538961439518072,1274.9660105730143
          120.68725763564231,23.538966177457855,1273.636698130832
          120.68728155254826,23.538968177446698,1273.279557563401
          120.68731230723886,23.538969233215617,1273.205354685379
          120.68736168055297,23.538971096376763,1274.43947543763
          120.68739868079525,23.53897358925724,1274.9764636933762
          120.68744148902779,23.538973806237074,1276.931256440167
          120.6874827831703,23.538971985753445,1278.9282611250978
          120.68752657170353,23.538967863516888,1277.7871929534485
          120.68757078128256,23.538959147429047,1278.1601894876042
          120.68761811477327,23.5389372568198,1279.0034821661054
          120.68765961323436,23.538910881098428,1278.1068973140564
          120.68769050680514,23.53888585736205,1277.7724867586537
          120.68771792241901,23.5388566046144,1279.0870659073319
          120.68773624407658,23.538833147786807,1278.8329320913404
          120.68775492322285,23.538806545053298,1279.4625918185438
          120.68777633917261,23.5387719243808,1280.064758177757
          120.68780334670899,23.53872619549022,1279.3398127922717
          120.68783329770356,23.538689122458536,1279.6285597181204
          120.68786415970726,23.53864434825203,1280.3355388296798
          120.68789867047782,23.53859707013113,1281.1829404026755
          120.6879368571639,23.53855906827506,1280.566591899548
          120.6879491123828,23.53854933410601,1281.6302004115619
          120.68797315220246,23.53853734244376,1285.4731322788778
          120.68802297414807,23.538520259326475,1286.0133199326049
          120.68808142185426,23.538506711727212,1286.9356313025648
          120.68812630364701,23.538500132956376,1286.7422252652289
          120.68815115836894,23.538499150104712,1286.571170415949
          120.68815148425323,23.538500123535627,1285.9769798160285
          120.68814253843126,23.538501100980547,1285.4834283987468
          120.68813762367297,23.538501511370622,1285.5039644914705
          120.68813630804108,23.538502590113342,1285.5941686280064
          120.68814948065156,23.538502637328783,1285.8418351275209
          120.68815859101919,23.538501362167644,1285.9235368222428
          120.68815542039755,23.53850095106925,1287.615738533395
          120.68817057279765,23.538517185349942,1287.896488581022
          120.68818734959687,23.538531804469045,1285.8982920475255
          120.68820426666385,23.538532040105597,1282.6042552284819
          120.68825113400361,23.53853313867439,1279.7361129334827
          120.68831566472974,23.53852262649649,1277.358112982636
          120.68837478147894,23.53852148709867,1278.3127424060874
          120.68839518633403,23.538522968939407,1279.8308624359674
          120.6883914445135,23.53852340093119,1279.511588226566
          120.68838478662558,23.53852343732373,1279.8890678869254
          120.6883932221061,23.53852560834202,1279.828984184741
          120.68842849881044,23.538533807578965,1282.150945728608
          120.68846910797171,23.538546253003556,1283.4522084369712
          120.68850618268795,23.538560960430093,1281.471775941114
          120.68854372766769,23.5385793816677,1280.8185138643607
          120.68859256730863,23.53860759296261,1284.8185646492193
          120.68862989150031,23.538630466040242,1285.0140039831313
          120.68864838329601,23.538642149474843,1280.5543928510406
          120.6886752010063,23.538658664773457,1276.9751530177925
          120.68874145897443,23.538697467844795,1274.03012637811
          120.68882445639238,23.53872891598374,1272.7309431951444
          120.6888940095933,23.538730319837995,1272.9955097292648
          120.68892971211675,23.53869776413852,1273.0801665639754
          120.68893901955576,23.538677361669365,1274.2739446767225
          120.68894464777148,23.538640759594326,1274.4706447466435
          120.68894740875548,23.53859394987158,1275.6509312050375
          120.68894800545584,23.538550463752543,1277.6622519709003
          120.68894788673391,23.53849886179079,1278.4921554566106
          120.68894686523419,23.538452030894938,1280.452260127754
          120.68894577964869,23.538419015264694,1283.1088385753503
          120.68894529546631,23.53840789047499,1283.6741841884711
          120.68894243934237,23.53838676666981,1283.8077990751208
          120.68894194129334,23.5383712966455,1284.4370591847878
          120.68893790068097,23.538347789457365,1284.6111508569347
          120.68893841474544,23.538319854310515,1286.9400215705139
          120.6889408891624,23.53829166500835,1288.3234555532772
          120.68894602418773,23.53825825231153,1290.5691214616784
          120.68894836148495,23.538223839137128,1291.0696052891212
          120.68895618911654,23.538194456549345,1292.1174508362913
          120.68895891601316,23.538151601589046,1292.3192278551996
          120.68895978849848,23.538116816839832,1293.0201462067416
          120.68896659581587,23.53808327079869,1294.7843557159672
          120.68896415784714,23.538043837796934,1295.0269031019236
          120.68896486001833,23.537996373339748,1294.3342631608284
          120.6889661489679,23.537969002622518,1295.3507953445708
          120.68897273644123,23.537935761552646,1295.4488601805604
          120.68897888854511,23.53791492126849,1297.448456963726
          120.68898953778313,23.537878564318657,1297.9624285499262
          120.68899757595045,23.537849172861534,1300.0223575235132
          120.68900669138706,23.537813299548848,1300.5789837755901
          120.68901591609314,23.537776242585736,1300.007840270362
          120.6890250430069,23.537745197449226,1300.1275748062073
          120.68903335374988,23.537718736480258,1300.9430411850262
          120.68903752206882,23.537706850404764,1301.8820046663686
          120.68904308675656,23.537693151646227,1303.083724742208
          120.68905739341598,23.537676195034756,1303.8706176203368
          120.6890651653594,23.537667321256613,1303.066683000422
          120.6890657755756,23.53766787146528,1302.5386006893862
          120.68905438570481,23.537672826507375,1302.7886192866144
          120.68905761566471,23.537674964109996,1302.3461528796659
          120.68906823315777,23.537659464860567,1301.1077395023967
          120.68909031008873,23.53762008232823,1300.1321799456664
          120.68911471706684,23.537579278759214,1300.4141911265615
          120.68913556717516,23.537546737028258,1300.4679051611497
          120.68916624700859,23.537504085161547,1298.9789085986813
          120.6891895348589,23.537466565188964,1298.1125625616223
          120.68921226145756,23.53743618668508,1298.890559546533
          120.68923661157301,23.537402760248142,1301.7404626608486
          120.6892644428573,23.537370858347316,1303.722669570869
          120.68929043235839,23.537343651533387,1304.2124170391805
          120.68932278243035,23.537315489808464,1303.9675138789582
          120.68934262452335,23.537292540619273,1303.5714687040409
          120.68937031263685,23.537274524292037,1303.8159323226892
          120.68939889476097,23.537243451824914,1304.4816114057276
          120.68942639785075,23.5372202405257,1306.1792046427427
          120.68944713367173,23.537210585178652,1306.714651322619
          120.68947711986851,23.537191996794427,1307.7630951508886
          120.68950258425045,23.537174640886672,1308.2987719448079
          120.68953029356014,23.537154828927463,1308.8465099968403
          120.68956837243738,23.537127575427263,1307.3319329515632
          120.68961161300992,23.53709721835586,1305.3500408911684
          120.68964620066387,23.537064323843147,1303.3685729037472
          120.68967329605017,23.537040793509227,1303.2802861054438
          120.68969659914731,23.537021756691292,1305.9957558646267
          120.68972480989106,23.53699506564727,1307.656486601631
          120.68975306497391,23.536964419831182,1308.2782464095021
          120.68978093824775,23.53694330166282,1309.9792332815755
          120.68981040411134,23.536921024675035,1310.4930555526832
          120.68984136906322,23.536904651785736,1312.1608758347193
          120.68986669787056,23.536898758625547,1313.7979885995312
          120.68988673868725,23.536889676589848,1313.9185493042507
          120.68990268808425,23.536886124424093,1313.360347640108
          120.68990630117297,23.536892652798166,1313.9019595970678
          120.6899239379735,23.5368947821958,1314.3039923762403
          120.68996804146028,23.536892404321783,1314.1243083530583
          120.69001819286426,23.536887762919875,1312.4596723998247
          120.69006883710857,23.53687983667495,1312.084724585313
          120.69011405458626,23.536867627944297,1309.7313621856542
          120.69015235599743,23.536849728905544,1308.7606797338983
          120.69018357354629,23.53683083133151,1309.110735404222
          120.69022486832354,23.53680342646638,1308.606272155064
          120.69026392959155,23.5367795329045,1308.080019776813
          120.6902879692538,23.536766484232427,1308.6759251097174
          120.69029842074667,23.536761808378596,1308.7178997787942
          120.69029801691026,23.536762517962973,1308.8054725386578
          120.69031636633805,23.536763320726894,1309.2964932823331
          120.69037605293727,23.536797256727468,1310.7712399453471
          120.69044287957394,23.53682728563667,1311.3841784288443
          120.69048005455375,23.536833317378488,1311.0004346718806
          120.69048478165777,23.53682482620729,1310.4986796991523
          120.69046866690832,23.5368067603987,1308.5523040934213
          120.69045778118347,23.536797645887024,1306.8005964184852
          120.69044822244656,23.536809271128075,1304.3390369781546
          120.69043298272763,23.536866132182578,1304.6579470272304
          120.69045319016642,23.536934259302694,1307.5576207981132
          120.69054363449723,23.536961120999294,1307.940824162207
          120.69062356669721,23.53697970168688,1307.1964809973827
          120.69068222641879,23.5369982127845,1308.2228806894523
          120.69073262705096,23.537014741339213,1308.5857444790747
          120.69077371753167,23.53702650590828,1309.9094852165615
          120.69081481886644,23.53703657098356,1309.6715447615554
          120.6908551800942,23.537043137122055,1309.5506297861475
          120.69090790848878,23.537058650635135,1308.8357258786862
          120.69095641883709,23.537073402991204,1308.6349946986256
          120.69099486210526,23.537085986234427,1309.2826149634282
          120.69103686115159,23.537104103433794,1310.9323484916026
          120.69108229468709,23.537130356954613,1311.6017004791925
          120.69112269627725,23.53716939797317,1313.7178168467358
          120.69114752383899,23.537205026798947,1314.8892352484636
          120.69115379883839,23.537218012093387,1315.6091457531643
          120.69115417556205,23.537221456638676,1315.780597024509
          120.69117420855841,23.537215534045547,1315.5624401256537
          120.69121828974632,23.53722482125979,1316.32614881291
          120.69127657780803,23.537243053329874,1318.0597141802818
          120.69131010708136,23.53725461234503,1318.5716644048578
          120.69131852889963,23.53725794711138,1318.3848136501258
          120.69132473784849,23.53726036406913,1319.139633912021
          120.69132802996772,23.537261678708525,1321.3756286410542
          120.6913368366843,23.537264982064364,1323.6006844196243
          120.69134962100483,23.53726972748099,1330.1601814851936
          120.69138069515216,23.53727582459531,1332.7528756618983
          120.691415155955,23.537286407282267,1334.9404766159148
          120.69144669727056,23.53730123041736,1336.8066623490201
          120.69146534871332,23.537312116057663,1338.475069252093
          120.69148600494569,23.53732673163021,1338.0075203058218
          120.69149174667888,23.53734008699001,1341.2931669301931
          120.69151277242688,23.537361842771407,1341.0343803292224
          120.69153557727834,23.53738797648356,1339.6418108474616
          120.69155584795577,23.537421629349396,1339.479900063556
          120.69156896706484,23.537452240236025,1334.3804862810805
          120.69157327950668,23.53746584425716,1333.9418078880838
          120.69157067042777,23.537473734603335,1334.6733833437243
          120.69156774789882,23.537492766312553,1336.6109486957828
          120.69157506193733,23.53750407811975,1338.2428228401204
          120.69158635958577,23.53751950056422,1339.6829458707284
          120.69159535225812,23.53753951300466,1344.7014834278682
          120.69160735399028,23.537575494471668,1344.922643396396
          120.69161709934698,23.537605762138536,1347.4328998322258
          120.69162739934151,23.537638808197936,1350.3927517956186
          120.69164294941697,23.537665184558403,1353.2310896400581
          120.69165752824067,23.53768135368028,1357.060146102044
          120.6916748003887,23.537697479221315,1356.3170084658343
          120.69170207769105,23.53771709094497,1352.7271940280423
          120.691745432225,23.537727537797945,1348.6918780934218
          120.69179007883739,23.53773333817578,1346.912370629969
          120.69182548751887,23.537734350715972,1345.3258131213192
          120.69184800835512,23.537733739455152,1346.8816903872678
          120.69188585626648,23.537730882431344,1346.011882888629
          120.69191474932265,23.537727707283274,1346.4224832380792
          120.69194483161161,23.53773015389746,1347.1260962318338
          120.69197523057161,23.53772759917072,1348.1516732947018
          120.69201497560265,23.537719601531492,1348.911323378334
          120.69207450386256,23.537706765182,1346.6708883870529
          120.69211993043052,23.537695556408682,1345.4038447432051
          120.69215364705677,23.537686568721117,1347.5167968606395
          120.69218060256603,23.537679377450363,1350.0999469362055
          120.69220108573735,23.537673583025953,1352.3395651989958
          120.69223432116152,23.53766519845449,1353.2807805555312
          120.69226456917954,23.537657520201904,1353.5603858786262
          120.69228205156455,23.53765304909979,1356.619947104193
          120.69230043979388,23.53764829136209,1357.2675190500975
          120.6923154682651,23.537644141942888,1358.1108981729776
          120.69232661214234,23.537641230610987,1358.6139126672354
          120.69234305875584,23.537637026468108,1358.7982512926226
          120.69235548072697,23.537633862457586,1361.5447891499189
          120.69239928513517,23.537615759167235,1363.6838482126818
          120.6924330997751,23.53760422037558,1362.4109434517684
          120.69245132616622,23.53759912327931,1362.9421193040018
          120.692471689602,23.537594134799324,1362.921210044118
          120.69248233366045,23.537593411383487,1363.872917823303
          120.69249963121051,23.537588212779355,1365.9089218219856
          120.69252095636926,23.537585388742535,1366.4403094143552
          120.69253818497168,23.537585295839214,1368.7762919948768
          120.69255778241272,23.537581651771713,1370.4488273105126
          120.6925676135857,23.53757910573854,1370.7492165388803
          120.69260593747056,23.53756238270802,1369.7691251849826
          120.69265526752146,23.53754261318505,1367.8772729026173
          120.69267671566834,23.537535018817188,1368.779809052193
          120.6926861385878,23.537536525155765,1372.812881211195
          120.69268999297839,23.537532300633295,1374.2671585049002
          120.69269530039372,23.53752904150123,1375.8879643124758
          120.69271146401518,23.53752337594145,1376.7757019648743
          120.69271893262561,23.53752101179242,1379.3586524723976
          120.692738250187,23.53751614686936,1382.1745838255829
          120.6927553560724,23.537509851141483,1384.3628861426473
          120.69277355799218,23.537505741736645,1385.2992645145496
          120.69279306895186,23.53750047774569,1386.045278603168
          120.69280275184602,23.537498456751464,1389.1267155168957
          120.69281599945384,23.5374950629381,1390.3536178899308
          120.69283159986706,23.537489027294516,1391.767110034101
          120.69285494304894,23.537482810421313,1391.9500585840751
          120.6928718984106,23.537477630912246,1394.0424528725455
          120.69288978179787,23.537471361959188,1395.649902854841
          120.69290275917731,23.537464743459733,1396.9916082711616
          120.69291977366366,23.537455553753365,1397.8268068731825
          120.69293765003279,23.53744526282033,1397.5849705672676
          120.69294823657113,23.53744053766302,1399.4350899826134
          120.69295287809297,23.537438722608464,1399.6914795692985
          120.69295280760164,23.537438577496573,1399.5877203099385
          120.69296735975692,23.53743782682615,1400.1632620028984
          120.6929829768068,23.537435166199625,1400.7426789099216
          120.69300482003968,23.5374273399217,1400.0070443996472
          120.6930192919615,23.537418789014268,1402.112029619035
          120.69303189212133,23.537414464514203,1407.202645097477
          120.69305156268096,23.53740653054424,1408.1279982958092
          120.69307711277017,23.537397191456474,1408.0058961963518
          120.6930944543785,23.537391094923223,1408.4756148670206
          120.69311611963624,23.53738492670959,1409.3679344795016
          120.69313370275988,23.537379711779646,1410.1537603332279
          120.69315596268213,23.537372542115843,1411.1565493007686
          120.69317221149875,23.53736717445079,1412.4691507239181
          120.6931812117146,23.537364329853887,1413.656556943388
          120.69318301286219,23.537363802911557,1415.9256830783197
          120.69318070469029,23.537364527983264,1417.001221115026
          120.69317036217844,23.537367760661628,1416.337427661973
          120.69315493811685,23.53737276370294,1415.8551092188172
          120.69315326372275,23.53737451974805,1414.530886246574
          120.69316012319396,23.537370865326253,1413.867981658283
          120.69316250247687,23.53736979416644,1414.8132749486992
          120.69315741537534,23.537370715991578,1415.399383640013
          120.69315442333995,23.537370026599984,1415.5682661565904
          120.69316296248154,23.537361352172564,1415.9539070117683
          120.69316951580294,23.537364614515642,1415.8021465202394
          120.69316766928448,23.537356169821585,1415.6847161963167
          120.69316219616931,23.537341741178132,1415.638621124697
          120.69315986831555,23.537336638126067,1415.6335631716763
          120.69317237263617,23.537320723870362,1413.215907542884
          120.6931796162199,23.53731977415179,1412.2098909311283
          120.69317493515835,23.537302948705587,1412.0628421732872
          120.69317182172668,23.537296575886884,1412.1868094611432
          120.69317496929287,23.53729952476625,1411.3880040016852
          120.69318022347528,23.537302255386567,1411.3518667908006
          120.69319477501816,23.53731197736535,1413.6725603444254
          120.69320019069929,23.53731572163577,1414.6691040974572
          120.69320064041301,23.537316107480596,1414.8309457138948
          120.69319974203731,23.537315536950796,1414.7190327933617
          120.69319903567794,23.537315066114992,1414.6075532864447
          120.69319875816691,23.537314874854665,1414.557125904723
          120.6931987275786,23.53731485022508,1414.547822175542
          120.69319876851988,23.537314876046196,1414.5527329783863
          120.69319880295076,23.53731489894605,1414.5581135000562
          120.6931988171102,23.537314908676112,1414.5606562574649
          120.69319881902817,23.537314910162852,1414.5611788212843
          120.69319881718043,23.53731490900706,1414.560967272776
          120.69319881550723,23.537314907896736,1414.560708461623
          120.69319881478765,23.53731490740362,1414.560580676045
          120.69319881467318,23.53731490731712,1414.5605518433515
          120.69319881475562,23.53731490736817,1414.5605607385735
          120.69319881483668,23.537314907421834,1414.5605731436356
          120.6931988148731,23.537314907446735,1414.5605795447336
          120.69319880462714,23.537319326492234,1419.2830772926097
          120.6931910674156,23.537319089033776,1421.2707367887126
          120.69318390729913,23.537317191866887,1421.2968033354014
          120.69318233858836,23.537316415631206,1420.9145957201385
          120.69316536455138,23.537315689915523,1420.4080008910944
          120.69315874756055,23.537315526758345,1420.2277727477028
          120.69317978955065,23.537299893639975,1419.9804024463415
          120.6931876785168,23.53728905324932,1421.5437349987565
          120.6931889338523,23.53728630051072,1422.233650732412
          120.69317493604419,23.537294792289124,1422.7758157535984
          120.69316161699142,23.537312039082984,1420.481063479724
          120.69315750275345,23.537318474156418,1419.430687736043
          120.6931576684468,23.537319014550242,1419.2264626996935
          120.69315869346606,23.537317951145177,1419.3217080239506
          120.69313326653139,23.537327471821946,1414.9592224852402
          120.69312743756639,23.537331047752428,1413.101211234192
          120.69312907701529,23.537337192852803,1413.179887957833
          120.69314132138473,23.537337851246775,1414.5870697735127
          120.6931614942042,23.537343520082167,1415.8884537211136
          120.69316857791564,23.537345584640637,1416.2929838086627
          120.69316891033303,23.537345731765647,1416.2784220720039
          120.69316756254638,23.537345372872114,1416.1788056400494
          120.69319520856955,23.53735064614376,1416.7440143202039
          120.69320763221072,23.537356950732306,1417.3638760080928
          120.6932074374171,23.53735831825871,1418.1719975821195
          120.69319461671456,23.53736685268482,1419.3367190634171
          120.693188711828,23.537370034040727,1419.709332976047
          120.69318755222375,23.537370303391846,1419.7040055643042
          120.6931823356356,23.537369071628458,1419.1624856452427
          120.69318163734161,23.537367763869977,1419.1473618781274
          120.69318193227396,23.537367341994734,1419.1941947369166
          120.69317642686008,23.53736837961363,1419.2799692312087
          120.6931741623641,23.537368905343833,1419.3147607401256
          120.69317384326827,23.537369032240054,1419.3193259288928
          120.69317413040096,23.537369001245875,1419.3146866114987
          120.69317439509567,23.53736895215394,1419.3105409112532
          120.6931745100799,23.537368925887822,1419.3087715644772
          120.693174528964,23.537368919049882,1419.3084971054036
          120.69317451619314,23.53736892026292,1419.3087045063353
          120.69317450337948,23.537368922599587,1419.30890545066
          120.69317449756272,23.537368923907973,1419.308995087521
          120.69317449647946,23.53736892427272,1419.30901100726
          120.6931744970391,23.537368924228588,1419.309001860811
          120.69317449765738,23.537368924117835,1419.3089921521448
          120.69317449795061,23.537368924052856,1419.3089876273002
          120.69317449801136,23.537368924033565,1419.3089867271403
          120.69317449798729,23.537368924034965,1419.3089871236732
          120.69317449795756,23.53736892404019,1419.308987591185
          120.69317449794282,23.537368924043406,1419.3089878188198
          120.69317449793947,23.53736892404442,1419.3089878687456
          120.69317449794067,23.537368924044358,1419.3089878489197
          120.69317449794218,23.537368924044085,1419.3089878252972
          120.69317449794279,23.53736892404395,1419.308987815809
          120.69317449794282,23.53736892404393,1419.308987815542
          120.69317449794272,23.537368924043943,1419.3089878169926
          120.69317449794268,23.537368924043953,1419.308987817737
          120.69317449794268,23.537368924043953,1419.3089878178591
          120.69317449794268,23.537368924043953,1419.3089878178153
          120.69317449794268,23.537368924043953,1419.3089878177575
          120.69317449794268,23.537368924043953,1419.3089878177282
          120.69317449794268,23.537368924043953,1419.308987817721
          120.69317449794268,23.537368924043953,1419.3089878177227
          120.69317449794268,23.537368924043953,1419.3089878177254
          120.69317449794268,23.537368924043953,1419.3089878177268
          120.69317449794268,23.537368924043953,1419.3089878177273
          120.69317449794268,23.537368924043953,1419.3089878177273
          120.69317449794268,23.537368924043953,1419.308987817727
          120.69317449794268,23.537368924043953,1419.308987817727
          120.69317912839702,23.537333164099568,1419.4154808122212
          120.69317670066502,23.537324892554025,1419.7106304801612
          120.69316807164428,23.537330261397386,1419.7101568066896
          120.69316784747187,23.53733992062274,1419.143337267446
          120.69317019427231,23.53734652413135,1418.6131982313973
          120.69317146534507,23.537348162129316,1418.453329623292
          120.69317180526008,23.537347807248388,1418.4625391537577
          120.6931717526359,23.537347204066457,1418.5042419312917
          120.6931716416526,23.53734687560136,1418.530353435306
          120.6931715784185,23.53734678774166,1418.5387242228858
          120.69318325106903,23.5373537265026,1418.2311547091701
          120.69318813222418,23.53735664550924,1418.1008906966022
          120.6931888583708,23.537357088883432,1418.080645772315
          120.69318826526838,23.5373567403613,1418.095889178406
          120.69318770366216,23.537356406646843,1418.1106742483998
          120.69318745612709,23.53735625869061,1418.1172732649147
          120.69318741364945,23.537356232864198,1418.1184471198433
          120.69318743991045,23.537356248265997,1418.1177750136062
          120.69318253968726,23.537352254210887,1418.271674799986
          120.6931714063008,23.53735081661239,1417.6922565647872
          120.69316142792523,23.53735285619177,1417.3271412251108
          120.69314817907771,23.537354932698634,1416.5575022732542
          120.69314466149106,23.537358280891812,1416.2087711422691
          120.69315180269547,23.537362612629984,1415.268533085358
          120.69316583892547,23.537366881273808,1416.0369710796888
          120.69318964949062,23.53737053410894,1417.5869043994594
          120.69321949082948,23.537377837623097,1419.4166425584494
          120.69325153239964,23.537380787977547,1420.9290146187768
          120.69328807535206,23.537379673370264,1422.1428829234585
          120.69332088491493,23.537382041077173,1422.7224976282919
          120.69335535713904,23.537345672368804,1422.6281043480099
          120.69338286617355,23.537322137993314,1423.2745121558673
          120.6933971410488,23.537314139881357,1424.09017720744
          120.69342651636144,23.537309126604846,1424.6495098788928
          120.69346576189602,23.53730328562794,1425.5407494559518
          120.69349805511975,23.537298859045013,1426.4485306978647
          120.69351971061154,23.537294234785527,1426.9703869848213
          120.69354239629958,23.537288946669168,1428.8177800055257
          120.6935597545243,23.537283533688733,1430.9879916149864
          120.69357707095679,23.537280525393616,1432.668031888136
          120.6935919304006,23.53727966300422,1433.8349451676775
          120.69359706483861,23.537279832673175,1433.9443671942938
          120.69359376685546,23.537273252613172,1433.708456357673
          120.69359109153775,23.537263620784447,1433.5453781488704
          120.69355861285896,23.537262934417935,1433.4716548006456
          120.69357172295986,23.537275269761214,1433.738697411794
          120.69359970437745,23.537280595619272,1434.5155369718293
          120.69362968367095,23.53728129862207,1435.3533557459427
          120.69365939842979,23.537280393697106,1436.210961496981
          120.69369080270694,23.537280476666936,1437.0754924607675
          120.69372093902867,23.53728210954439,1437.8470993095038
          120.69374316150473,23.537277241925484,1439.0265839969634
          120.6937584768793,23.53728229437963,1440.199126097874
          120.69377656101149,23.537286458250872,1440.7991013897197
          120.69379762411667,23.537258963400973,1441.9875971752779
          120.69382453152215,23.537214690574814,1443.6704858300393
          120.69384752751992,23.537191118505312,1445.3328113689026
          120.6938746775501,23.537186203979548,1446.727916934479
          120.69389254658265,23.537185224969484,1447.476356832915
          120.6939195668932,23.53718800223122,1447.4679307411318
          120.69394407197456,23.53719543768272,1448.0135094433926
          120.6939820227022,23.53719944039726,1449.7158880722955
          120.69402115310821,23.537206711848032,1450.5046094183767
          120.69404809820143,23.53721130495786,1451.0222479595543
          120.6940806594498,23.53721964680643,1451.9091534332397
          120.69411228807849,23.5372318612954,1452.7617965745958
          120.69413846590172,23.537244139219045,1452.1679312008444
          120.69415480632281,23.53724486293925,1452.4515443678533
          120.69416937914127,23.53725082584367,1452.8605882501258
          120.69419234069176,23.53725961252472,1453.906232362671
          120.69422523298545,23.537271509112415,1454.7250772440077
          120.69425485702507,23.53728823980083,1455.398440599731
          120.69427443803261,23.537301863207407,1456.3235840218567
          120.6942818287158,23.53731194218043,1456.2140966539166
          120.69427197778342,23.537336180367067,1456.0769694605704
          120.69426486105723,23.537352051243243,1455.7352284504252
          120.69426911720382,23.537333490907464,1455.6025958247164
          120.69427187731114,23.53732312643449,1455.5884190310198
          120.69427280812582,23.537320208095256,1455.6082851141057
          120.69427799853358,23.537337661685292,1454.5739777174851
          120.6942830978024,23.537333394825843,1453.9720793806107
          120.69428949914048,23.537342314307903,1454.3461614115931
          120.69429827320461,23.537340566771334,1454.4268423878402
          120.69430103785616,23.537338725205483,1454.4433910426883
          120.69430050027158,23.537339604431686,1454.705909502774
          120.69429074979486,23.537319270288428,1454.8270674620928
          120.69428966916931,23.53731030402692,1454.8436242203122
          120.69428691755525,23.53731139528524,1455.109548013151
          120.69428617652856,23.537313413346535,1455.2132287535883
          120.69428488759974,23.537327156353992,1455.3422643806107
          120.6942862425618,23.537330258032668,1454.7204376801205
          120.69428869506402,23.537332247334685,1454.5982485330485
          120.69429019775679,23.53733206523624,1454.3373334586597
          120.69429052132543,23.537331567747437,1454.2594082369449
          120.69429040732346,23.53733127183489,1454.2642053944132
          120.69429655255169,23.53733504450934,1454.6503549454455
          120.69429690036993,23.537329884329125,1454.3402283468681
          120.69431844047809,23.537331376642058,1454.4967705789848
          120.69433071868015,23.537338348056668,1454.5077149098902
          120.6943222108051,23.53734453899034,1454.94788621082
          120.69431871949472,23.537353235577232,1455.8227263272254
          120.69431956633241,23.537354139315152,1456.0286489373466
          120.69434692460486,23.537357084110138,1456.263786477862
          120.69438384923977,23.53736526079973,1456.9625932976487
          120.69442527153207,23.537371280325175,1458.1483248878271
          120.69443669789692,23.537373193336236,1458.9549655536523
          120.69443524318044,23.53737498982348,1459.1429500268987
          120.69443178988074,23.53737527686842,1459.0894548073518
          120.69443331469003,23.537381487255907,1459.1126731276772
          120.6944307003274,23.537382308417087,1458.9931399067673
          120.69442925922665,23.53738353910776,1458.774421763494
          120.69443598375305,23.53738590625364,1459.2144892547296
          120.69443919104384,23.53738593342916,1459.613405105814
          120.69443531235508,23.537382093761032,1460.2905196987138
          120.69443154119614,23.537380378205892,1460.602458383177
          120.69443381237917,23.537379076769433,1460.5296069663734
          120.69443899454727,23.537377377345518,1460.0465390724773
          120.69444151961319,23.53738107459329,1460.2379927194318
          120.69445381699006,23.5373888633005,1460.4256497633844
          120.69446000426213,23.53739117807727,1460.3358967660884
          120.69446218119344,23.537394385775404,1460.696833867607
          120.69446490277517,23.537408453826938,1461.8948356164965
          120.6945000341394,23.537425097054292,1462.5809800540096
          120.69453087002869,23.53745009947088,1463.9807121131746
          120.69454551122182,23.53748573045659,1465.9712409284516
          120.69455484685955,23.537507923673516,1467.5681157212932
          120.69455959405234,23.53752246694878,1468.5562580785318
          120.69456780416816,23.537540015160044,1469.837008288016
          120.69458382781437,23.537563498832434,1470.6315902106219
          120.69462132108274,23.53756866529228,1468.9853397913996
          120.69465510177837,23.537560135329652,1468.5475189653587
          120.69467678136397,23.53755115586768,1469.5577176887723
          120.69469236019863,23.5375352006945,1471.0768673913094
          120.69469870238329,23.537520438412947,1473.1799803918934
          120.69471728815094,23.537507822744537,1474.4507804960726
          120.69473838505915,23.537502700199273,1475.0588729736082
          120.6947626657638,23.537496997343524,1476.309400037797
          120.69479748991495,23.537485147114637,1477.741851482508
          120.6948237868694,23.537453070571164,1478.6313180028374
          120.69484466886985,23.53741940795021,1478.925483410724
          120.69485080056914,23.537408986247502,1478.3727548426762
          120.6948517157236,23.53740904958797,1477.862102081183
          120.69487997562412,23.53740411716527,1476.8494400419697
          120.694913211323,23.537397013330928,1476.995149689348
          120.69494419236796,23.53738872723729,1477.1716801856728
          120.694973314507,23.53738016525935,1477.9772551495525
          120.69500322059983,23.537371213202302,1479.0656842741416
          120.69502559593701,23.537364235725764,1479.8664833626717
          120.69502998652382,23.537361688827044,1479.3784902519687
          120.69502625602209,23.537363459678577,1479.2716074743632
          120.69502189628717,23.537365324909572,1479.3977483212038
          120.6950125896026,23.537368352201813,1479.87383820211
          120.69500751743054,23.537370223921723,1480.5106334923496
          120.69499523891426,23.537377630476783,1483.915944645724
          120.69499023425958,23.53737927844226,1485.285582725794
          120.69498845956016,23.537389162241706,1485.5599585380482
          120.69498588563886,23.5373988984386,1485.842249618601
          120.69502767724168,23.537404573168992,1485.6691770010557
          120.69508517060605,23.537387237937764,1485.9895321624635
          120.6951327054445,23.537341400872023,1484.8695607773172
          120.69516829693643,23.53731640076398,1484.968886603933
          120.69519779470889,23.53729859213446,1484.9983388113328
          120.69522974856584,23.537289520611655,1485.6578547840197
          120.6952605462495,23.537286354492995,1487.8072805277193
          120.69528502601716,23.53727699796963,1489.4699514435874
          120.69530930923528,23.537267702073787,1490.8900983382698
          120.69533841247201,23.537257613848052,1492.4760740003132
          120.69536186334645,23.537250736776812,1494.8370266300278
          120.69538886765231,23.537246213382236,1497.64127305782
          120.69541568256442,23.537243437111485,1500.3314309816772
          120.6954351502972,23.53724005520375,1501.9442136921477
          120.69545300296122,23.537236007479468,1503.203564463708
          120.69547294826975,23.537231227767023,1504.8006016497168
          120.69550292140813,23.53722449667138,1505.7367442291893
          120.69554735221386,23.537216831758567,1504.5964792370416
          120.69558258286007,23.53721125927424,1504.8308457451062
          120.6956176990477,23.53720801999421,1505.1443497829475
          120.69564704118248,23.53720673849887,1506.2469604873725
          120.69567115112284,23.53720608497885,1506.171228501624
          120.69570960898793,23.537207546755273,1506.1103263170862
          120.6957214118287,23.537211846670935,1506.0360795789913
          120.69572365868689,23.537210147516472,1506.6427702342512
          120.69572230604471,23.537208952380382,1506.6551952769732
          120.69572931726901,23.537209123143064,1507.2250854921224
          120.69573912820447,23.537215929614216,1507.6935248664267
          120.69575193723404,23.537213272688053,1507.5533751962043
          120.69575512133642,23.537221647030314,1507.4419401848606
          120.69575515757855,23.53722016115348,1507.3955036591872
          120.69575350464747,23.537228717002268,1507.3887252792574
          120.69575410965344,23.53721710588138,1508.3343152893242
          120.69575426097917,23.53721403015512,1508.731920356449
          120.69575219080359,23.53723853434058,1508.7922210106406
          120.69575130071158,23.53724938848471,1508.7446859134684
          120.69575115540108,23.537251323182083,1508.6992083550726
          120.69575125484839,23.537250220344504,1508.6790541153966
          120.69575135424266,23.537249046349643,1508.6755404916257
          120.6957095221766,23.53726139781833,1510.3286972069643
          120.69569205219895,23.537266672309283,1511.0199997197665
          120.69568946546185,23.537267515538755,1511.1228309555738
          120.6956915964456,23.53726691418518,1511.0388245478855
          120.6956936093226,23.53726632102184,1510.959283558459
          120.69569449536506,23.53726605401205,1510.9242258759011
          120.69568934447867,23.537254229882297,1509.3284156478296
          120.69568797626192,23.537248834563577,1508.6752210406687
          120.69568836445978,23.53725801654147,1509.1532406846
          120.6956920836117,23.537251898424394,1509.2533411304585
          120.69569366883148,23.53724856131494,1509.2727939747144
          120.6956963236395,23.537247037985072,1509.2505669235313
          120.69570146429893,23.53725039927977,1510.4903363057806
          120.69570235370504,23.537251969771543,1510.8487733619663
          120.69571370347852,23.53726221773229,1512.6597371060573
          120.69572088812842,23.5372644942966,1513.002840327814
          120.69572254381157,23.537264227236406,1512.9234054808637
          120.69572207292072,23.537263538210865,1512.7929387447073
          120.6957220240879,23.537273667316896,1515.7118255214552
          120.69573295117686,23.53727413405274,1515.1738695172257
          120.69574950338487,23.537273993918348,1513.506775417767
          120.69575838012884,23.537285109965385,1510.9678697701154
          120.69576172387423,23.537291732194127,1510.0347888614247
          120.6957778958837,23.537296245544702,1509.9549107113337
          120.69579721231268,23.537294725949383,1509.6270815823198
          120.69581333386112,23.537294249231486,1509.6356670284522
          120.69583172697884,23.537297856148044,1509.5379028659856
          120.69586312255177,23.537301328383748,1509.5750187345172
          120.69588879278098,23.537302373088256,1509.2231719168594
          120.69591770425386,23.537301337021358,1507.890099403674
          120.69595653665625,23.53730176270824,1505.995721422313
          120.69601784431667,23.53729523420856,1504.3269967608778
          120.6960673604145,23.53729569717973,1504.3410293914903
          120.6960988236664,23.537304971440925,1504.0366408876337
          120.69611441995114,23.537313446235743,1503.3742141889109
          120.6961305416117,23.537322600956827,1502.0710706566115
          120.69613943112896,23.537327541294566,1501.4698794168405
          120.69614609750492,23.537330691248368,1500.7654774729472
          120.69616390928185,23.537338488788834,1500.221322366316
          120.69618507203857,23.537347878803896,1499.219307865755
          120.69619909250125,23.53735414160366,1498.3782823044787
          120.6962088767439,23.537358538669764,1497.7896428143779
          120.69621993753923,23.537363516383934,1495.6951821840923
          120.69623879887422,23.5373722878666,1494.1193295518372
          120.69626329969245,23.53738372139212,1493.9475287089235
          120.69628651185735,23.53739455069111,1494.3007445486985
          120.69632100496884,23.537410483364607,1494.1622188033582
          120.69635283248982,23.537425094252576,1493.5978491132726
          120.69638931466118,23.537435933381648,1492.672348153264
          120.69641536538197,23.537446174908055,1492.0408504473655
          120.69644775934755,23.53746334407036,1491.786876850728
          120.69648018090209,23.537477576585754,1491.4587107639704
          120.69651598312807,23.537492353397774,1491.0663189576514
          120.69655598878545,23.53750538546446,1490.1901046069315
          120.69659266373534,23.537519966969857,1489.9847259517696
          120.69662866013029,23.537537156707668,1488.5393688786985
          120.69665673542588,23.537551805770352,1487.0891980633182
          120.69668284441774,23.53757318218273,1485.2901584380827
          120.69670797687483,23.53759179751507,1484.121994726402
          120.69672942199554,23.537606356486783,1483.2029481660752
          120.69675659247038,23.537624873114478,1481.567764317866
          120.69679177513765,23.537653555063002,1480.5152090085546
          120.69682365081889,23.53768294973116,1479.3042610436135
          120.69685600830954,23.537718409578925,1476.8546759543606
          120.69687304685085,23.537738687318615,1475.2787370843294
          120.69687617631286,23.53776303509471,1474.4398938684208
          120.69690385889291,23.537782991135686,1474.286362749631
          120.69693100984125,23.537806993773792,1473.976408380222
          120.69695527036669,23.537832645730155,1473.0503762866524
          120.69697512022094,23.537855242353817,1472.0514832493084
          120.6969984473765,23.53788111958575,1471.5186871292708
          120.69702312091817,23.53790659098727,1472.0349484738026
          120.69704856221027,23.53793152818982,1471.0153194004347
          120.6970735948783,23.53795334165442,1469.3678202410376
          120.69710040518832,23.537972076610068,1467.4446544231705
          120.69713289703103,23.537993176539334,1465.8065967623609
          120.6971734982073,23.538016625282776,1464.9240391462179
          120.69721182118239,23.538037141754035,1464.0142734754227
          120.69724339421072,23.538052462267547,1463.9316051917767
          120.69726201993774,23.538061035126706,1463.1891946075712
          120.69728326714328,23.538068627603806,1462.1612508453134
          120.6973053586325,23.538075678118663,1462.0465009005488
          120.6973302474712,23.538082077961242,1461.4479126928218
          120.69735473411757,23.538086322002943,1460.106432894908
          120.69737219579967,23.538084066308535,1458.3686744078777
          120.69736781081504,23.53807765535626,1457.9553903455856
          120.69736242012351,23.53805184317311,1457.5129860098484
          120.69736159195874,23.5380261035858,1457.5954762241217
          120.69736221275566,23.538021359293474,1457.763352637781
          120.69735970594117,23.538014445343325,1457.1949299818277
          120.69734711653312,23.537986248833143,1456.8361626277715
          120.69733169882356,23.53795236548303,1456.1970966198724
          120.6973156156964,23.537916884374276,1456.5488504022605
          120.69730179265902,23.537884607173332,1456.948320277382
          120.69729215238856,23.537856119886758,1456.4945130291171
          120.69728815125399,23.537842201475204,1456.1505741417066
          120.69729132329628,23.537819672874658,1454.9205152694344
          120.69728232876524,23.53782747169394,1454.0250310088252
          120.69728731184061,23.537826184983206,1454.2561193789854
          120.69729533740814,23.537821253853927,1454.233585816472
          120.69729961440214,23.53781824135836,1454.382168971222
          120.69730458724551,23.537814541898882,1454.2930119604996
          120.69730514376525,23.537814072472433,1453.3967531420567
          120.69730625748079,23.5378132023819,1452.4729797570653
          120.69731649241159,23.5378139117601,1451.4520882539439
          120.69733064493806,23.537813969009797,1451.1346732051318
          120.6973522108312,23.53782496016963,1449.6985002019244
          120.69738346180037,23.53783850701723,1448.8369473629277
          120.69741402896528,23.537848813093735,1448.3412668529843
          120.69743651017242,23.53786045933456,1447.5290879999175
          120.69746580048805,23.53787527433284,1447.3488447890752
          120.69749783020782,23.537890115972765,1446.1817576618448
          120.69753052748891,23.53790710678868,1445.0120177437188
          120.69755091302902,23.53791003243534,1443.8404424257453
          120.69756062591712,23.537911908432264,1443.1407181645477
          120.69756778669336,23.53791502674407,1442.9441960369106
          120.69757619298085,23.53791956774258,1443.028813568004
          120.69758645712251,23.537925019131276,1442.8695240684362
          120.69760000498579,23.537931917714243,1442.1350216557844
          120.6976193185685,23.537941564316814,1441.5086255728945
          120.69763910333181,23.537951403753365,1441.232951735946
          120.69766497021435,23.537963608649722,1441.0817996258186
          120.69768777240644,23.537974095543518,1440.1375803279195
          120.6977210775637,23.537989247902292,1438.6528151862171
          120.6977540784674,23.53800390123455,1437.8571629713983
          120.69777222344788,23.538016342645147,1436.7086573487932
          120.69779407491069,23.53802627560907,1435.3277963630317
          120.69781202280798,23.538032820075163,1435.0868259113295
          120.69783247642555,23.538039694257044,1434.1339926739429
          120.6978523875546,23.53804643889636,1432.0779134872753
          120.69788332139922,23.538051472091972,1431.1511334040142
          120.69790681446766,23.53805589926973,1430.8757078004378
          120.69792328475712,23.5380606944258,1429.94398433585
          120.69794804651661,23.538069471054676,1428.652955267889
          120.6979759355429,23.53807946238113,1428.1725838483949
          120.69800097921538,23.538088311831558,1427.7723520858833
          120.69801818031057,23.538094312037344,1427.544345342722
          120.69804214981633,23.5381025952894,1426.6122281621263
          120.69806807025937,23.538111545217827,1424.849294192639
          120.69809701967748,23.538121554936108,1423.4805066605563
          120.69813409437704,23.538097141248084,1421.804540887677
          120.69818598468181,23.538049238775105,1420.639698279591
          120.69820177546842,23.538031808314432,1420.624430075909
          120.69821647811585,23.538027263295596,1420.1957468671058
          120.69821872994925,23.53802886346084,1420.0605785664704
          120.69821707158899,23.538030959072714,1420.0655469391322
          120.69821545172373,23.53803201872016,1420.098886332478
          120.69821472612479,23.538032269033977,1420.1202930800007
          120.69821459575726,23.538032202848004,1420.1273464047867
          120.69821466878435,23.538032102605058,1420.1273573162787
          120.6982254802514,23.538064234674497,1419.7027959552506
          120.69822556096558,23.538075439854655,1419.2940202309883
          120.69821309625249,23.538071852366237,1418.6842158490367
          120.69820756310898,23.538068138090196,1418.4883156378962
          120.69820657332737,23.538066418127546,1418.4905100980225
          120.6982071331433,23.538066081259107,1418.5354715778733
          120.69820773078894,23.53806623556318,1418.5653406639142
          120.69820801004431,23.538066414510606,1418.5755278966
          120.69820806593926,23.538066501080966,1418.5757764849172
          120.6982080416968,23.538066519812535,1418.5736832759546
          120.69818949468736,23.538063186537865,1418.3791571604918
          120.69818072937045,23.538064866787117,1419.8395437986053
          120.69817915806293,23.538065941575063,1420.4709007841873
          120.69818740248213,23.53807041894282,1420.1014582423238
          120.69819478145428,23.538072661810066,1419.7342383240934
          120.69819929172743,23.538073080109903,1419.3950948273114
          120.69820025962196,23.538070476492347,1419.4776576980983
          120.69819988402168,23.53806924451235,1419.5626317260562
          120.69819941548752,23.538068985421795,1419.6020595234374
          120.69819918243955,23.538069083900528,1419.6098255159525
          120.6982004467169,23.538072823929298,1420.2223964373054
          120.69820307759382,23.538072311449724,1420.444483223204
          120.69820179238889,23.538068043579255,1421.4210010452
          120.69820002174369,23.538062593012555,1421.8137841320217
          120.69819702284346,23.53806077904452,1421.4957514284247
          120.69819598684406,23.538060759239826,1421.2869253695703
          120.69819594875972,23.538061148464468,1421.2158640450778
          120.69821409533026,23.538053053178214,1420.0930995440178
          120.69822731478506,23.53804598792572,1418.58978371646
          120.69823080549214,23.538043945079327,1418.0926513742497
          120.69823179960615,23.538038935387,1418.2818166609338
          120.69823129357472,23.53803734485774,1418.4701022373072
          120.69823803561708,23.5380376935909,1419.8209418224567
          120.69824218711092,23.538041144194352,1420.4139470657074
          120.6982427258806,23.53804532668094,1420.5265439507734
          120.6982439953409,23.538044825380265,1420.7401364891043
          120.69824171879537,23.538052777983097,1421.3080369443373
          120.69824000357184,23.538046148424705,1421.196559423804
          120.69823964605727,23.538043050528536,1421.0927193634627
          120.69823970513211,23.53804235227709,1421.053366172072
          120.69824629888218,23.538045408038666,1420.9706557297666
          120.69825011519218,23.538048194465244,1420.8569186897505
          120.6982509709214,23.53804906737333,1420.8207547455943
          120.69825070367853,23.53804904079429,1420.82141812091
          120.69825033330511,23.538048829104753,1420.829892677254
          120.69825014255511,23.53804869207788,1420.8354671936522
          120.69825009597214,23.538048646546937,1420.8373499714085
          120.69825010685797,23.53804864621926,1420.8373838885673
          120.69825012454669,23.538048656103577,1420.8369889072999
          120.6982102306336,23.5380628568336,1422.2003492102756
          120.69819357856683,23.53806878336395,1422.7693944125483
          120.69819111747438,23.538069658741325,1422.8534788211311
          120.69819315175454,23.53806893437301,1422.7839501768685
          120.6981950714543,23.53806825102001,1422.7183448296557
          120.6981959160506,23.53806795042085,1422.6894825960183
          120.69819606021206,23.538067899138092,1422.6845570366863
          120.69819597008666,23.538067931231765,1422.6876374450796
          120.6981958772412,23.53806796428225,1422.6908104330573
          120.69819583455899,23.538067979473425,1422.6922690113324
          120.69819582634867,23.538067982394363,1422.6925495421692
          120.69819583027923,23.53806798099459,1422.6924151954697
          120.69819583475517,23.53806797940126,1422.6922622299232
          120.69819583698388,23.538067978608026,1422.6921860681546
          120.6981958372969,23.538067978496688,1422.6921753739905
          120.69819583713603,23.538067978553975,1422.6921808722907
          120.69819583695485,23.538067978618468,1422.6921870638182
          120.69819583686761,23.538067978649515,1422.6921900448754
          120.69819583684887,23.538067978656183,1422.692190685403
          120.69819583685556,23.538067978653796,1422.6921904562948
          120.69819583686426,23.538067978650705,1422.6921901594358
          120.69819583686863,23.538067978649146,1422.6921900098566
          120.69819583686966,23.53806797864878,1422.692189974754
          120.69819583686939,23.53806797864888,1422.6921899842532
          120.69819583686896,23.53806797864903,1422.6921899984577
          120.69819583686875,23.538067978649106,1422.6921900059397
          120.69819583686869,23.538067978649124,1422.6921900078385
          120.6981958368687,23.53806797864912,1422.6921900074599
          120.69819583686872,23.538067978649114,1422.6921900067828
          120.69819583686873,23.53806797864911,1422.6921900064096
          120.69819583686873,23.53806797864911,1422.692190006308
          120.69819583686873,23.53806797864911,1422.6921900063223
          120.69819583686873,23.53806797864911,1422.6921900063544
          120.69819583686873,23.53806797864911,1422.692190006373
          120.69819583686873,23.53806797864911,1422.6921900063785
          120.69819583686873,23.53806797864911,1422.6921900063778
          120.69819583686873,23.53806797864911,1422.6921900063762
          120.69819583686873,23.53806797864911,1422.6921900063753
          120.69819583686873,23.53806797864911,1422.692190006375
          120.69819583686873,23.53806797864911,1422.692190006375
          120.69819583686873,23.53806797864911,1422.6921900063753
          120.69819583686873,23.53806797864911,1422.6921900063753
          120.69819583686873,23.53806797864911,1422.6921900063753
          120.69819583686873,23.53806797864911,1422.6921900063753
          120.69819583686873,23.53806797864911,1422.6921900063753
          120.69819583686873,23.53806797864911,1422.6921900063753
          120.69819583686873,23.53806797864911,1422.6921900063753
          120.69819583686873,23.53806797864911,1422.6921900063753
          120.69819583686873,23.53806797864911,1422.6921900063753
          120.69819583686873,23.53806797864911,1422.6921900063753
          120.69819583686873,23.53806797864911,1422.6921900063753
          120.69819583686873,23.53806797864911,1422.6921900063753
          120.69819583686873,23.53806797864911,1422.6921900063753
          120.69819583686873,23.53806797864911,1422.6921900063753
          120.69819583686873,23.53806797864911,1422.6921900063753
          120.69819583686873,23.53806797864911,1422.6921900063753
          120.69819583686873,23.53806797864911,1422.6921900063753
          120.69819583686873,23.53806797864911,1422.6921900063753
          120.69819583686873,23.53806797864911,1422.6921900063753
          120.69819583686873,23.53806797864911,1422.6921900063753
          120.69819583686873,23.53806797864911,1422.6921900063753
          120.69819583686873,23.53806797864911,1422.6921900063753
          120.69819583686873,23.53806797864911,1422.6921900063753
          120.69819583686873,23.53806797864911,1422.6921900063753
          120.69819583686873,23.53806797864911,1422.6921900063753
          120.69819583686873,23.53806797864911,1422.6921900063753
          120.69819583686873,23.53806797864911,1422.6921900063753
          120.69819583686873,23.53806797864911,1422.6921900063753
          120.69819583686873,23.53806797864911,1422.6921900063753
          120.69819583686873,23.53806797864911,1422.6921900063753
          120.69819583686873,23.53806797864911,1422.6921900063753
          120.69819583686873,23.53806797864911,1422.6921900063753
          120.69819583686873,23.53806797864911,1422.6921900063753
          120.69819583686873,23.53806797864911,1422.6921900063753
          120.69819583686873,23.53806797864911,1422.6921900063753
          120.69819583686873,23.53806797864911,1422.6921900063753
          120.69819583686873,23.53806797864911,1422.6921900063753
          120.69819583686873,23.53806797864911,1422.6921900063753
          120.69819583686873,23.53806797864911,1422.6921900063753
          120.69819583686873,23.53806797864911,1422.6921900063753
          120.69819583686873,23.53806797864911,1422.6921900063753
          120.69819583686873,23.53806797864911,1422.6921900063753
          120.69819583686873,23.53806797864911,1422.6921900063753
          120.69819583686873,23.53806797864911,1422.6921900063753
          120.69819583686873,23.53806797864911,1422.6921900063753
          120.69819583686873,23.53806797864911,1422.6921900063753
          120.69819583686873,23.53806797864911,1422.6921900063753
          120.69819583686873,23.53806797864911,1422.6921900063753
          120.69819583686873,23.53806797864911,1422.6921900063753
          120.69819583686873,23.53806797864911,1422.6921900063753
          120.69819583686873,23.53806797864911,1422.6921900063753
          120.69819583686873,23.53806797864911,1422.6921900063753
          120.69819583686873,23.53806797864911,1422.6921900063753
          120.69819583686873,23.53806797864911,1422.6921900063753
          120.69819583686873,23.53806797864911,1422.6921900063753
          120.69819583686873,23.53806797864911,1422.6921900063753
          120.69819583686873,23.53806797864911,1422.6921900063753
          120.69819583686873,23.53806797864911,1422.6921900063753
          120.69819583686873,23.53806797864911,1422.6921900063753
          120.69819583686873,23.53806797864911,1422.6921900063753
          120.69819583686873,23.53806797864911,1422.6921900063753
          120.69819583686873,23.53806797864911,1422.6921900063753
          120.69819583686873,23.53806797864911,1422.6921900063753
          120.69819583686873,23.53806797864911,1422.6921900063753
          120.69819583686873,23.53806797864911,1422.6921900063753
          120.69819583686873,23.53806797864911,1422.6921900063753
          120.69819583686873,23.53806797864911,1422.6921900063753
          120.69819583686873,23.53806797864911,1422.6921900063753
          120.69819583686873,23.53806797864911,1422.6921900063753
          120.69819583686873,23.53806797864911,1422.6921900063753
          120.69819583686873,23.53806797864911,1422.6921900063753
          120.69819583686873,23.53806797864911,1422.6921900063753
          120.69819583686873,23.53806797864911,1422.6921900063753
          120.69819583686873,23.53806797864911,1422.6921900063753
          120.69819583686873,23.53806797864911,1422.6921900063753
          120.69819583686873,23.53806797864911,1422.6921900063753
          120.69819583686873,23.53806797864911,1422.6921900063753
          120.69819583686873,23.53806797864911,1422.6921900063753
          120.69819583686873,23.53806797864911,1422.6921900063753
          120.69819583686873,23.53806797864911,1422.6921900063753
          120.69819583686873,23.53806797864911,1422.6921900063753
          120.69819583686873,23.53806797864911,1422.6921900063753
          120.69819583686873,23.53806797864911,1422.6921900063753
          120.69819583686873,23.53806797864911,1422.6921900063753
          120.69819583686873,23.53806797864911,1422.6921900063753
          120.69819583686873,23.53806797864911,1422.6921900063753
          120.69819583686873,23.53806797864911,1422.6921900063753
          120.69819583686873,23.53806797864911,1422.6921900063753
          120.69819583686873,23.53806797864911,1422.6921900063753
          120.69819583686873,23.53806797864911,1422.6921900063753
          120.69819583686873,23.53806797864911,1422.6921900063753
          120.69819583686873,23.53806797864911,1422.6921900063753
          120.69819583686873,23.53806797864911,1422.6921900063753
          120.69819583686873,23.53806797864911,1422.6921900063753
          120.69819583686873,23.53806797864911,1422.6921900063753
          120.69819583686873,23.53806797864911,1422.6921900063753
          120.69819583686873,23.53806797864911,1422.6921900063753
          120.69819583686873,23.53806797864911,1422.6921900063753
          120.69819583686873,23.53806797864911,1422.6921900063753
          120.69819583686873,23.53806797864911,1422.6921900063753
          120.69819583686873,23.53806797864911,1422.6921900063753
          120.69819583686873,23.53806797864911,1422.6921900063753
          120.69819583686873,23.53806797864911,1422.6921900063753
          120.69819583686873,23.53806797864911,1422.6921900063753
          120.69819583686873,23.53806797864911,1422.6921900063753
          120.69819583686873,23.53806797864911,1422.6921900063753
          120.69819583686873,23.53806797864911,1422.6921900063753
          120.69819583686873,23.53806797864911,1422.6921900063753
          120.69819583686873,23.53806797864911,1422.6921900063753
          120.69819583686873,23.53806797864911,1422.6921900063753
          120.69819583686873,23.53806797864911,1422.6921900063753
          120.69819583686873,23.53806797864911,1422.6921900063753
          120.69819583686873,23.53806797864911,1422.6921900063753
          120.69819583686873,23.53806797864911,1422.6921900063753
          120.69819583686873,23.53806797864911,1422.6921900063753
          120.69819583686873,23.53806797864911,1422.6921900063753
          120.69819583686873,23.53806797864911,1422.6921900063753
          120.69819583686873,23.53806797864911,1422.6921900063753
          120.69819583686873,23.53806797864911,1422.6921900063753
          120.69819583686873,23.53806797864911,1422.6921900063753
          120.69819583686873,23.53806797864911,1422.6921900063753
          120.69819583686873,23.53806797864911,1422.6921900063753
          120.69819583686873,23.53806797864911,1422.6921900063753
          120.69819583686873,23.53806797864911,1422.6921900063753
          120.69819583686873,23.53806797864911,1422.6921900063753
          120.69819583686873,23.53806797864911,1422.6921900063753
          120.69819583686873,23.53806797864911,1422.6921900063753
          120.69819583686873,23.53806797864911,1422.6921900063753
          120.69819583686873,23.53806797864911,1422.6921900063753
          120.69819583686873,23.53806797864911,1422.6921900063753
          120.69819583686873,23.53806797864911,1422.6921900063753
          120.69819583686873,23.53806797864911,1422.6921900063753
          120.69819583686873,23.53806797864911,1422.6921900063753
          120.69819583686873,23.53806797864911,1422.6921900063753
          120.69819583686873,23.53806797864911,1422.6921900063753
          120.69819583686873,23.53806797864911,1422.6921900063753
          120.69819583686873,23.53806797864911,1422.6921900063753
          120.69819583686873,23.53806797864911,1422.6921900063753
          120.69819583686873,23.53806797864911,1422.6921900063753
          120.69819583686873,23.53806797864911,1422.6921900063753
          120.69819583686873,23.53806797864911,1422.6921900063753
          120.69819583686873,23.53806797864911,1422.6921900063753
          120.69819583686873,23.53806797864911,1422.6921900063753
          120.69819583686873,23.53806797864911,1422.6921900063753
          120.69819583686873,23.53806797864911,1422.6921900063753
          120.69819583686873,23.53806797864911,1422.6921900063753
          120.69819583686873,23.53806797864911,1422.6921900063753
          120.69819583686873,23.53806797864911,1422.6921900063753
          120.69819583686873,23.53806797864911,1422.6921900063753
          120.69819583686873,23.53806797864911,1422.6921900063753
          120.69819583686873,23.53806797864911,1422.6921900063753
          120.69819583686873,23.53806797864911,1422.6921900063753
          120.69819583686873,23.53806797864911,1422.6921900063753
          120.69819583686873,23.53806797864911,1422.6921900063753
          120.69819583686873,23.53806797864911,1422.6921900063753
          120.69819583686873,23.53806797864911,1422.6921900063753
          120.69819583686873,23.53806797864911,1422.6921900063753
          120.69819583686873,23.53806797864911,1422.6921900063753
          120.69819583686873,23.53806797864911,1422.6921900063753
          120.69819583686873,23.53806797864911,1422.6921900063753
          120.69819583686873,23.53806797864911,1422.6921900063753
          120.69819583686873,23.53806797864911,1422.6921900063753
          120.69819583686873,23.53806797864911,1422.6921900063753
          120.69819583686873,23.53806797864911,1422.6921900063753
          120.69819583686873,23.53806797864911,1422.6921900063753
          120.69819583686873,23.53806797864911,1422.6921900063753
          120.69819583686873,23.53806797864911,1422.6921900063753
          120.69819583686873,23.53806797864911,1422.6921900063753
          120.69819583686873,23.53806797864911,1422.6921900063753
          120.69819583686873,23.53806797864911,1422.6921900063753
          120.69819583686873,23.53806797864911,1422.6921900063753
          120.69819583686873,23.53806797864911,1422.6921900063753
          120.69819583686873,23.53806797864911,1422.6921900063753
          120.69819583686873,23.53806797864911,1422.6921900063753
          120.69819583686873,23.53806797864911,1422.6921900063753
          120.69819583686873,23.53806797864911,1422.6921900063753
          120.69819583686873,23.53806797864911,1422.6921900063753
          120.69819583686873,23.53806797864911,1422.6921900063753
          120.69820272063913,23.53804061914531,1419.082747959883
          120.69820673213867,23.538028646676793,1418.358421823088
          120.69820749214725,23.538027012916334,1419.1517707115283
          120.69820876953905,23.538024786122673,1419.2966624289252
          120.69820904632014,23.53802460135195,1419.3163810416024
          120.69820895262134,23.538024964082563,1419.2968519930214
          120.69820882792847,23.53802524999311,1419.2792902524511
          120.69820876453728,23.538025362520543,1419.2717677350356
          120.69820874941361,23.5380253750369,1419.2705866498895
          120.69820875327234,23.538025358512083,1419.2714588444599
          120.69820875923428,23.53802534457721,1419.2723098552779
          120.69820876240308,23.538025338836622,1419.272690840261
          120.6982087632193,23.53802533805364,1419.2727591847463
          120.69820876306706,23.53802533879912,1419.2727207689175
          120.69820876278311,23.53802533947622,1419.2726796631296
          120.69820876262519,23.538025339767913,1419.2726604365364
          120.69820876258159,23.53802533981457,1419.2726565789167
          120.6982087625872,23.53802533978133,1419.272658241732
          120.69820876260067,23.53802533974853,1419.2726602208056
          120.69820876260889,23.538025339733274,1419.2726612244928
          120.69820876261075,23.538025339731636,1419.2726613739953
          120.69820876261052,23.538025339732997,1419.272661305911
          120.69820876260994,23.5380253397343,1419.2726612254412
          120.6982087626096,23.538025339734883,1419.2726611859464
          120.69822151048581,23.53802520310855,1418.8062722972477
          120.6982268306153,23.538025146089556,1418.6116320972342
          120.69822761656472,23.538025137666015,1418.582877659909
          120.69822696641234,23.538025144634048,1418.6066638868435
          120.69822635301382,23.538025151208192,1418.6291054489834
          120.6982260831727,23.53802515410024,1418.6389777519796
          120.69822603713014,23.538025154593708,1418.6406622467384
          120.69822606593507,23.538025154284988,1418.6396084005114
          120.69822609560208,23.53802515396703,1418.6385230148226
          120.6982261092388,23.53802515382088,1418.638024106923
          120.6982261118612,23.538025153792773,1418.6379281649358
          120.69822611060508,23.538025153806235,1418.6379741209682
          120.69822610917495,23.53802515382156,1418.6380264428146
          120.6982261084882,23.538025153828922,1418.63805156849
          120.69822610834193,23.53802515383049,1418.6380569195387
          120.69820473765793,23.538022084239795,1419.8160460835018
          120.69819476728759,23.538021663169275,1419.326795632831
          120.69819301086825,23.538021832858313,1418.9900324820708
          120.6981940360048,23.538022042448887,1418.8694650008206
          120.69819511801153,23.538022146296157,1418.8628081271647
          120.69819563863915,23.53802216922168,1418.8873914657238
          120.69819569847535,23.538022157843507,1418.9046153510835
          120.698195645273,23.538022149158405,1418.908620046586
          120.69819560864558,23.538022146252406,1418.9082192563367
          120.69819559509467,23.538022146174036,1418.907046803394
          120.69819559402936,23.53802214676634,1418.9063397013526
          120.69819559631766,23.538022147184222,1418.9061219126238
          120.69819559809962,23.538022147334978,1418.9061317762862
          120.6981955987949,23.53802214734402,1418.9061867747982
          120.69819559886884,23.538022147316664,1418.906221718821
          120.69819559876443,23.53802214729619,1418.9062331048015
          120.69819559867753,23.538022147288434,1418.9062330363656
          120.69819559864203,23.538022147287744,1418.906230463053
          120.69819559863735,23.538022147289,1418.9062287408467
          120.69819559864207,23.53802214729,1418.9062281492277
          120.6981955986463,23.5380221472904,1418.9062281320325
          120.6981955986481,23.538022147290445,1418.9062282517323
          120.69819559864838,23.538022147290388,1418.9062283363653
          120.69819559864817,23.538022147290338,1418.9062283669386
          120.69819559864797,23.538022147290317,1418.9062283687963
          120.69819559864787,23.538022147290313,1418.9062283632647
          120.69819559864786,23.538022147290317,1418.906228359118
          120.69819559864787,23.53802214729032,1418.9062283575458
          120.69819559864789,23.53802214729032,1418.9062283574049
          120.69819559864789,23.53802214729032,1418.9062283576586
          120.69819559864789,23.53802214729032,1418.9062283578733
          120.69819559864789,23.53802214729032,1418.906228357946
          120.69819559864789,23.53802214729032,1418.9062283579458
          120.69819559864789,23.53802214729032,1418.906228357935
          120.69819559864789,23.53802214729032,1418.9062283579278
          120.69819559864789,23.53802214729032,1418.9062283579253
          120.69819559864789,23.53802214729032,1418.906228357925
          120.69819559864789,23.53802214729032,1418.9062283579256
          120.69819559864789,23.53802214729032,1418.906228357926
          120.69819559864789,23.53802214729032,1418.906228357926
          120.69819559864789,23.53802214729032,1418.906228357926
          120.69819559864789,23.53802214729032,1418.906228357926
          120.69819559864789,23.53802214729032,1418.906228357926
          120.69819559864789,23.53802214729032,1418.906228357926
          120.69819559864789,23.53802214729032,1418.906228357926
          120.69819559864789,23.53802214729032,1418.906228357926
          120.69819559864789,23.53802214729032,1418.906228357926
          120.69819559864789,23.53802214729032,1418.906228357926
          120.69819559864789,23.53802214729032,1418.906228357926
          120.69819559864789,23.53802214729032,1418.906228357926
          120.69819559864789,23.53802214729032,1418.906228357926
          120.69819559864789,23.53802214729032,1418.906228357926
          120.69819559864789,23.53802214729032,1418.906228357926
          120.69819559864789,23.53802214729032,1418.906228357926
          120.69819559864789,23.53802214729032,1418.906228357926
          120.69819559864789,23.53802214729032,1418.906228357926
          120.69819559864789,23.53802214729032,1418.906228357926
          120.69819559864789,23.53802214729032,1418.906228357926
          120.69819559864789,23.53802214729032,1418.906228357926
          120.69819559864789,23.53802214729032,1418.906228357926
          120.69819559864789,23.53802214729032,1418.906228357926
          120.69819559864789,23.53802214729032,1418.906228357926
          120.69819559864789,23.53802214729032,1418.906228357926
          120.69819559864789,23.53802214729032,1418.906228357926
          120.69819559864789,23.53802214729032,1418.906228357926
          120.69819559864789,23.53802214729032,1418.906228357926
          120.69819559864789,23.53802214729032,1418.906228357926
          120.69819559864789,23.53802214729032,1418.906228357926
          120.69819559864789,23.53802214729032,1418.906228357926
          120.69819559864789,23.53802214729032,1418.906228357926
          120.69819559864789,23.53802214729032,1418.906228357926
          120.69819559864789,23.53802214729032,1418.906228357926
          120.69819559864789,23.53802214729032,1418.906228357926
          120.69819559864789,23.53802214729032,1418.906228357926
          120.69819559864789,23.53802214729032,1418.906228357926
          120.69819559864789,23.53802214729032,1418.906228357926
          120.69819559864789,23.53802214729032,1418.906228357926
          120.69819559864789,23.53802214729032,1418.906228357926
          120.69819559864789,23.53802214729032,1418.906228357926
          120.69819559864789,23.53802214729032,1418.906228357926
          120.69819559864789,23.53802214729032,1418.906228357926
          120.69819559864789,23.53802214729032,1418.906228357926
          120.69819559864789,23.53802214729032,1418.906228357926
          120.69819559864789,23.53802214729032,1418.906228357926
          120.69819559864789,23.53802214729032,1418.906228357926
          120.69819559864789,23.53802214729032,1418.906228357926
          120.69819559864789,23.53802214729032,1418.906228357926
          120.69819559864789,23.53802214729032,1418.906228357926
          120.69819559864789,23.53802214729032,1418.906228357926
          120.69819559864789,23.53802214729032,1418.906228357926
          120.69819559864789,23.53802214729032,1418.906228357926
          120.69819559864789,23.53802214729032,1418.906228357926
          120.69819559864789,23.53802214729032,1418.906228357926
          120.69819559864789,23.53802214729032,1418.906228357926
          120.69819559864789,23.53802214729032,1418.906228357926
          120.69819559864789,23.53802214729032,1418.906228357926
          120.69819559864789,23.53802214729032,1418.906228357926
          120.69819559864789,23.53802214729032,1418.906228357926
          120.69819559864789,23.53802214729032,1418.906228357926
          120.69819559864789,23.53802214729032,1418.906228357926
          120.69819559864789,23.53802214729032,1418.906228357926
          120.69819559864789,23.53802214729032,1418.906228357926
          120.69819559864789,23.53802214729032,1418.906228357926
          120.69819559864789,23.53802214729032,1418.906228357926
          120.69819559864789,23.53802214729032,1418.906228357926
          120.69819559864789,23.53802214729032,1418.906228357926
          120.69819559864789,23.53802214729032,1418.906228357926
          120.69819559864789,23.53802214729032,1418.906228357926
          120.69819559864789,23.53802214729032,1418.906228357926
          120.69819559864789,23.53802214729032,1418.906228357926
          120.69819559864789,23.53802214729032,1418.906228357926
          120.69819559864789,23.53802214729032,1418.906228357926
          120.69819559864789,23.53802214729032,1418.906228357926
          120.69819559864789,23.53802214729032,1418.906228357926
          120.69819559864789,23.53802214729032,1418.906228357926
          120.69819559864789,23.53802214729032,1418.906228357926
          120.69819559864789,23.53802214729032,1418.906228357926
          120.69819559864789,23.53802214729032,1418.906228357926
          120.69819559864789,23.53802214729032,1418.906228357926
          120.69819559864789,23.53802214729032,1418.906228357926
          120.69819559864789,23.53802214729032,1418.906228357926
          120.69819559864789,23.53802214729032,1418.906228357926
          120.69819559864789,23.53802214729032,1418.906228357926
          120.69819559864789,23.53802214729032,1418.906228357926
          120.69819559864789,23.53802214729032,1418.906228357926
          120.69819559864789,23.53802214729032,1418.906228357926
          120.69819559864789,23.53802214729032,1418.906228357926
          120.69819559864789,23.53802214729032,1418.906228357926
          120.69819559864789,23.53802214729032,1418.906228357926
          120.69819559864789,23.53802214729032,1418.906228357926
          120.69819559864789,23.53802214729032,1418.906228357926
          120.69819559864789,23.53802214729032,1418.906228357926
          120.69819559864789,23.53802214729032,1418.906228357926
          120.69819559864789,23.53802214729032,1418.906228357926
          120.69819559864789,23.53802214729032,1418.906228357926
          120.69819559864789,23.53802214729032,1418.906228357926
          120.69819559864789,23.53802214729032,1418.906228357926
          120.69819559864789,23.53802214729032,1418.906228357926
          120.69819559864789,23.53802214729032,1418.906228357926
          120.69819559864789,23.53802214729032,1418.906228357926
          120.69819559864789,23.53802214729032,1418.906228357926
          120.69819559864789,23.53802214729032,1418.906228357926
          120.69819559864789,23.53802214729032,1418.906228357926
          120.69819559864789,23.53802214729032,1418.906228357926
          120.69819559864789,23.53802214729032,1418.906228357926
          120.69819559864789,23.53802214729032,1418.906228357926
          120.69819559864789,23.53802214729032,1418.906228357926
          120.69819559864789,23.53802214729032,1418.906228357926
          120.69819559864789,23.53802214729032,1418.906228357926
          120.69819559864789,23.53802214729032,1418.906228357926
          120.69819559864789,23.53802214729032,1418.906228357926
          120.69820480659642,23.538029192261867,1416.2756652928401
          120.69821509882782,23.53803430911325,1415.544873094122
          120.69821843610606,23.53803579071736,1416.1933983486394
          120.69821934749187,23.538035038248253,1416.2662026582186
          120.6982180787608,23.538034349638405,1416.100934418898
          120.69821386821413,23.538032633442942,1416.720840242018
          120.6982095579301,23.538027468651567,1417.3716855997754
          120.6982118234187,23.538020208249957,1418.100144215783
          120.69820630728897,23.53800875151735,1418.5270592845407
          120.69818991186929,23.538014841700587,1418.1824364452355
          120.69816461541792,23.53802527349619,1418.420578534931
          120.6981371081943,23.53802883282682,1418.978852448535
          120.69811507120265,23.5380381736908,1419.4064693419198
          120.69810139877424,23.538059194959473,1419.6607723971117
          120.6980932663383,23.538075990652615,1420.1715715290259
          120.69809051372732,23.53808640229846,1421.034124911178
          120.69807921546865,23.53810070498476,1422.0394950714126
          120.69806723267756,23.538111214661946,1422.9606849582706
          120.69805149872515,23.5381301740343,1423.6517604712317
          120.69803931079622,23.5381534355665,1423.8491007874534
          120.69803435300238,23.538166125323198,1423.838255352816
          120.69803775312941,23.538181091202546,1423.984726568933
          120.6980436173658,23.538208663824182,1425.217459688685
          120.69805505281897,23.538233419787232,1425.973678304941
          120.69805287988065,23.538261194932957,1426.125329449783
          120.69803112742588,23.53828547746052,1425.6502108108416
          120.69800805514511,23.53830976599862,1425.1225810484173
          120.69798043791033,23.538328989261508,1425.0900049123914
          120.69796201097215,23.538355845167878,1425.3396868860384
          120.69795466725553,23.538401259681258,1426.6189923062568
          120.69794662987292,23.53842972059067,1427.0699448276603
          120.69792810991541,23.538444689607033,1427.4519479459848
          120.6979189631674,23.5384768844583,1428.261626696292
          120.69790342502472,23.538511589381997,1429.014612829108
          120.69788316396414,23.538564265160307,1428.9644852432941
          120.69787447774978,23.538607900579546,1429.4683984422245
          120.69786750445272,23.538644356093013,1429.9422072372215
          120.69785493659992,23.538676907794255,1430.6824120793624
          120.69785786087863,23.53872838828518,1432.2296260901815
          120.69787252303279,23.538776554462423,1433.1641708731809
          120.69787391720435,23.538815037355814,1433.573483237015
          120.69787807056093,23.53886313099916,1433.2399600831213
          120.69785967000756,23.53890489089378,1431.9689639535368
          120.69784814280696,23.538940962375815,1429.8082903116451
          120.69785626616229,23.5389830081855,1428.1392095833016
          120.69780491103924,23.539028927449294,1424.254086845063
          120.69776940065687,23.53907193391341,1421.540184116032
          120.69774967532862,23.539120082931955,1420.0121473469774
          120.69774032035666,23.539153917114767,1420.0517326324702
          120.69772922113698,23.53918787533014,1419.8977325732592
          120.69771799142197,23.53920712909601,1419.1592973294241
          120.69770898596157,23.539229080958567,1417.1386433147475
          120.69769754005566,23.539262064789956,1414.1431068484108
          120.69767939715246,23.539312282962896,1407.9646581849747
          120.69766254938013,23.539351411698842,1404.4672790237207
          120.6976404414882,23.539391286001607,1402.8874215532235
          120.69761130362353,23.539429555379275,1401.8610331334694
          120.69757278409466,23.53946076869349,1400.667826743674
          120.6975188557612,23.53948456348074,1398.6081021908374
          120.69746600730905,23.53949637356635,1397.8803722957282
          120.69741655263194,23.53949949307993,1399.1960945426051
          120.69738830323959,23.539498428092234,1398.6567331902704
          120.69736119722283,23.539496561411266,1397.6115677715588
          120.69733915168128,23.539494416788525,1396.8121482617676
          120.6973102403974,23.53949091910646,1396.030874344644
          120.69728809805204,23.53948760657706,1395.3863295866947
          120.6972604917214,23.539483048891206,1395.1652424062825
          120.69722710717126,23.539476082155396,1396.7298335583725
          120.69720340548497,23.539470799968655,1397.9693900865464
          120.69719827576797,23.5394763542832,1402.3638149081141
          120.69719279160063,23.539477662198124,1403.2896910972518
          120.69717240746675,23.539472539278815,1404.4847092268326
          120.69714230521166,23.539463650397536,1403.3727273098816
          120.69710683814479,23.53945135624963,1402.8576867280235
          120.69706949044395,23.53943648202083,1402.3177982453606
          120.69703289765062,23.539419920753122,1401.7529980652023
          120.69699389128063,23.53939824996552,1400.9165908959367
          120.6969603887758,23.539374356872003,1400.5358355384533
          120.69692829887457,23.539343755631958,1400.5576288026132
          120.69691000427224,23.539319328053107,1398.8906149731636
          120.69689916785063,23.539292472455067,1397.6459260096385
          120.69687976848367,23.53925983833514,1397.8029104150473
          120.69686240994716,23.539231617997228,1398.861854953935
          120.69684076744042,23.53919509842889,1402.5507968236147
          120.69681958837826,23.539165244161193,1405.1033846676692
          120.6967955450445,23.539134022645722,1406.5396491064266
          120.69677155600425,23.539096791907966,1406.513563362479
          120.69674981065107,23.539062322214416,1407.1922098712787
          120.69672051783598,23.539021370612677,1406.3024893450552
          120.69669001973494,23.538984373707898,1405.4945925921552
          120.6966658198354,23.538959043203484,1405.242021259703
          120.69664194542975,23.5389390575343,1404.639553977336
          120.69660485638329,23.538914012688995,1404.6573055692595
          120.69656826500196,23.538892651744302,1405.6353550012766
          120.69653178079908,23.5388732402359,1406.1415720472585
          120.69648616881891,23.538845532932495,1406.8010687853682
          120.69644007661704,23.538824430391468,1408.254769049803
          120.69641433279236,23.53881476802661,1408.657018162439
          120.6963898392634,23.53881200934918,1408.8114438537416
          120.69635183863191,23.53880310773087,1407.0685174891755
          120.6963101986357,23.538791128805748,1403.0630951728958
          120.69628115357767,23.538782157959975,1401.3157797893978
          120.69625319373228,23.53877338934429,1400.6846671521196
          120.69622936836089,23.538765903878048,1400.6810132093276
          120.69619942303565,23.53875700133112,1401.2880338919538
          120.69617321554232,23.538748543674313,1401.4384529466372
          120.69614661351554,23.538741443655425,1400.8684795449149
          120.6961190655376,23.53873387045997,1399.7082906992948
          120.6960895829774,23.538725383552524,1398.725819982609
          120.69605714634409,23.53871565825655,1397.4988831551118
          120.6960238839415,23.538705571744572,1396.4059952718237
          120.69599356718469,23.538695368743653,1395.2123405160673
          120.69596717110383,23.538685788204454,1394.598581629901
          120.69594765693503,23.538673009333074,1393.5402056233552
          120.69593465152413,23.538665984267663,1392.654324556684
          120.69590667061064,23.538655829168775,1392.5785985606594
          120.69588794171041,23.538651853730098,1393.1460925660886
          120.69586604351746,23.53865027714917,1393.6734034911892
          120.69582455240996,23.538638194600107,1394.1792428399442
          120.69576716309915,23.53861843302244,1392.3293641045047
          120.69572749428009,23.538604477046253,1390.0610801541857
          120.6956850615548,23.538589858399437,1389.1911101748055
          120.69564659244504,23.53857730476389,1388.3403049436515
          120.69560889638865,23.538565518780423,1387.8244643925916
          120.69558509671562,23.538558741008544,1385.9956204498217
          120.69556514861523,23.538553673214654,1384.7134535368082
          120.69554500238289,23.53854875072431,1385.0196181444367
          120.69552216267282,23.538543411048234,1385.4833282507966
          120.69548911448382,23.53853609220649,1384.5338251675341
          120.69544323277593,23.53852811574856,1384.061017047978
          120.69538208732655,23.53852092988764,1383.5158177926444
          120.69532858163646,23.53851901104541,1382.7791564677568
          120.69527408233908,23.53852241800392,1382.5513761687885
          120.69522879429648,23.5385300419307,1381.7651342911217
          120.69520218807206,23.538536832644507,1381.0411624038302
          120.69517859839046,23.53854351004395,1380.1813478605463
          120.69516590422512,23.538547156882732,1378.8621296834685
          120.6951420018983,23.538553106243416,1376.0612313092229
          120.69510784497075,23.53856134780763,1373.6665428220317
          120.69506142268722,23.538571208136876,1371.5283722670865
          120.69501061354187,23.538581555103846,1369.4768414155649
          120.6949675303448,23.53858841837561,1369.1989028705445
          120.69492427954678,23.538593598351863,1369.7367220487517
          120.69489048053958,23.538596504059736,1370.5844704535436
          120.69486116850287,23.538598059109766,1370.987571678466
          120.6948163889523,23.538599858477987,1372.0457326866535
          120.69477061867873,23.538596232812477,1373.4673898923131
          120.69473201043003,23.538593407213945,1374.9731082777005
          120.69469625803848,23.53859302724724,1377.5268733108599
          120.69465896015758,23.53859368285528,1379.2697146314727
          120.69461394967423,23.538594573786316,1381.7207788263622
          120.69457794689049,23.5385951260612,1383.7642793624304
          120.69454517477153,23.53859537889202,1385.3986938748067
          120.69450852339911,23.538595562194775,1387.8359355199807
          120.69447927475268,23.538595877769446,1389.7036488858878
          120.69446135483831,23.538595870553177,1390.5189914594714
          120.69444445274002,23.53859591015505,1390.39744148441
          120.69440755161763,23.5385961161282,1390.4693844889186
          120.69436085967526,23.53860112583151,1391.4069796341194
          120.69431853901365,23.538598729292705,1391.2270851462017
          120.6942880207614,23.538600132287662,1392.0474880521851
          120.69426148538184,23.53860304341278,1392.401064049543
          120.69422821535903,23.53860695963205,1393.1443433308873
          120.69418091647242,23.53860782640582,1393.9331477133694
          120.69414322748148,23.538604573944866,1395.1131577410067
          120.69412011309898,23.53860279827074,1396.499960241969
          120.6940979335914,23.538603271768697,1397.765531639267
          120.69407565327319,23.53860459542032,1398.357613404138
          120.69404997168377,23.538606355913366,1400.0128920299949
          120.69402971810858,23.538608103891516,1402.6636515804694
          120.69400146926198,23.538610759817153,1403.6757169881007
          120.69396557552126,23.53861518547405,1402.7305193538798
          120.6939504392585,23.538617435632293,1402.1090729555208
          120.69393643148403,23.538620134939816,1403.5721137324274
          120.69392055084658,23.53862306368791,1404.6744707228788
          120.69388111204542,23.538632132243514,1404.6117754804734
          120.69384895022924,23.538640427485703,1403.935260916004
          120.69381372423295,23.538650811321123,1400.8870334771736
          120.69379168039971,23.538657091678296,1397.2924740947537
          120.69378343832653,23.53865941034049,1395.4685694013317
          120.69378244447479,23.538657662362862,1395.1481406682537
          120.69378060723477,23.538659333667358,1395.171663426013
          120.69376921972331,23.538663450617882,1395.4937147331718
          120.6937527500291,23.53866822571307,1396.1431049789387
          120.69373062492251,23.53867342941956,1395.4136032605907
          120.69370492242169,23.538677877681575,1394.4283137702535
          120.69367719288697,23.53868068339005,1393.5882345571151
          120.6936506542719,23.538680969151834,1393.1658414062022
          120.6936323586727,23.53867958799212,1392.981626769266
          120.69361254594168,23.538677463171403,1392.9394289840277
          120.69360314848545,23.538676329562087,1392.879525927123
          120.69359824957405,23.538675504483237,1392.666150193237
          120.69359807241655,23.538675362118518,1393.1678269837944
          120.69358074493829,23.538671766669207,1393.1121417522565
          120.69355374841267,23.53866655464412,1393.0231058343038
          120.69352678802068,23.538661494392947,1392.6634978750403
          120.69349648671597,23.538656263949033,1391.53344540203
          120.6934686529382,23.53865315378504,1390.8626830493076
          120.69344287106065,23.53865321202554,1390.3076219320947
          120.69342399016146,23.538656471917008,1389.2980455792442
          120.69341702413831,23.538657028782005,1388.5703397472275
          120.6933997131338,23.538668567419677,1386.5276457613033
          120.69338692288703,23.53867798269346,1384.322442547665
          120.69339073279725,23.538676272894627,1382.8073279163823
          120.69339048347686,23.53868103873411,1381.266303480736
          120.69338749927215,23.53868599214724,1380.6143903755135
          120.69338298297191,23.538701902576456,1378.767748559817
          120.6933802870179,23.538722616629794,1377.8657184987235
          120.69337800964085,23.53875160469906,1376.3779796254053
          120.69337673376486,23.538770874926012,1375.2225582113188
          120.69337434532807,23.538788757943234,1374.5317808317066
          120.69336879911113,23.538806521643444,1374.8241704954987
          120.6933700187054,23.53881765116325,1374.8498212958168
          120.69336971370679,23.538824635258806,1376.0552782822424
          120.6933709107819,23.538826777869613,1377.8674163004532
          120.69336652632707,23.538828972333228,1379.0312020239894
          120.69335974263797,23.538833721833473,1377.822273365594
          120.69335263716178,23.538839632287086,1375.6770679464112
          120.69334979108119,23.53884176933516,1375.0416080266175
          120.69333183045887,23.538848182725175,1372.6023324540206
          120.69331525913766,23.538851205634412,1370.2661270052397
          120.69330769505251,23.53885182941989,1369.201845137481
          120.69329995390224,23.53885203200913,1368.392079186539
          120.69328600260484,23.53885205507239,1367.9533723582924
          120.69326563428916,23.53885077641853,1367.6146742618223
          120.69324001020973,23.53884858764198,1367.5788521471716
          120.69321035917672,23.53884514371716,1366.7558162877774
          120.69318524943999,23.538841468553187,1366.0934232859918
          120.69315803519409,23.53883092532164,1364.887572614787
          120.69313537642816,23.538825310672866,1364.1435881103187
          120.6931152047227,23.53882166040609,1362.9569585115046
          120.69310357349457,23.538819905603724,1363.2038904588208
          120.69309099769148,23.538817904983784,1363.3529712034244
          120.69307564817883,23.53881527422013,1363.5704932671445
          120.69304381673595,23.53880965148712,1364.1259368478957
          120.69303275963047,23.538807682034346,1364.3897667720416
          120.69302085746575,23.538805450405405,1364.5758459450967
          120.69300666574857,23.538809515127614,1365.121618510181
          120.69299025912089,23.53880846704224,1364.5228652128774
          120.69295062961282,23.538800512657406,1362.4289331462346
          120.6929206380134,23.538793581442825,1360.1928072847297
          120.69289499971889,23.53878613096233,1358.0409436266807
          120.69286206934353,23.53877842875766,1357.0528675198364
          120.69282837134519,23.5387696449475,1356.1885140836048
          120.69278947003446,23.538758551938106,1355.0079393401695
          120.69274492111394,23.53874399389626,1354.7507604581185
          120.6926998099108,23.538727959630528,1354.9196005597469
          120.69265429441232,23.538710079040225,1355.226286965951
          120.69260841279291,23.53868826087524,1354.0163304467692
          120.69256775381197,23.538666534466675,1353.7147651846494
          120.69252959177096,23.538639297777376,1353.4302558801542
          120.69250014541937,23.53860860262479,1352.9236519663411
          120.69248505884269,23.538589713144546,1352.5683507541314
          120.69247433758937,23.538565464561636,1351.7008648915476
          120.69246775903605,23.538547273759477,1349.5912252369196
          120.6924622550868,23.53852674382973,1348.7017637694478
          120.69245985896615,23.538515746441146,1349.168340686733
          120.6924559404039,23.538498766838803,1348.3576008293617
          120.69245221121062,23.53847395720538,1348.10714895863
          120.6924488124915,23.538434897424864,1346.9247112424084
          120.69244757624011,23.538401660487906,1345.6257219168078
          120.69244759136278,23.53837696049912,1344.3368675970191
          120.69245540041605,23.538344803973715,1343.9448855271505
          120.6924590405449,23.538315474919454,1344.0656032686998
          120.69246002670609,23.538286794081404,1344.3922459296866
          120.6924597870845,23.53826571678032,1344.9197865347248
          120.6924594104973,23.53824377936042,1345.9503211805234
          120.692458752741,23.538216095335148,1346.7418041179824
          120.69247286239042,23.53818144579134,1346.988884375495
          120.69249130893674,23.53813514167813,1345.7498584790521
          120.69255214873799,23.53810251288554,1346.43501809407
          120.6925948484965,23.538078517188236,1345.9424613819917
          120.69259983951541,23.53806477385906,1346.8810764407613
          120.69258969814376,23.538064677181282,1345.0768736862872
          120.69256584393152,23.538067440461823,1344.3871077453912
          120.6925380659625,23.538061482159392,1344.2674037233253
          120.69252923179525,23.53806117206755,1344.5122621213648
          120.69253062545806,23.538052643295348,1344.3021094416238
          120.69252185170781,23.538043651411364,1343.3082364102859
          120.69250681314058,23.53804727313398,1342.65365005812
          120.6924443580793,23.538061127247083,1340.820498589167
          120.69240729201155,23.53805591174914,1339.5787566812535
          120.69238247234225,23.5380443959359,1338.245620585531
          120.69236560381403,23.538030953816087,1337.6697401346066
          120.69234858383771,23.538016893934905,1336.760950640311
          120.6923198269101,23.537999839061204,1336.1457971889834
          120.69229419596836,23.537987685264643,1336.336539152644
          120.69226588065925,23.537977032910657,1335.978638565918
          120.69221772900825,23.537964888912192,1334.9014597719458
          120.69218133491383,23.537957138771684,1334.2902533369668
          120.69214064484156,23.537950305517654,1334.3238380714936
          120.69208889578478,23.537943294283362,1334.869718683789
          120.69204610980195,23.537938531293573,1336.670227957541
          120.69201443921501,23.537935379345818,1335.937599256812
          120.69198845397487,23.537932121046634,1335.2186428092955
          120.69195586238128,23.53792765492203,1334.5054930629067
          120.69189844091059,23.537919484080746,1334.1262282443904
          120.6918401974879,23.537912123132127,1334.5055588319528
          120.69179773162936,23.537907504866077,1334.643421671099
          120.69174830415132,23.53790480650939,1333.808159139912
          120.69169067203086,23.537903752665155,1333.4048648096896
          120.6916452730581,23.537903994628035,1332.9190375537182
          120.69161150546748,23.537902861883385,1331.92807975353
          120.69157575081174,23.537900521492727,1331.411106536127
          120.69153114728798,23.53790056782763,1331.5357495943272
          120.69147080874713,23.53789727395279,1330.4915483572752
          120.69142344596429,23.537896209127776,1329.7327508873136
          120.6913847003095,23.537896123708435,1328.4630280351198
          120.69134768315286,23.537897250185985,1326.7515361668331
          120.69129609786732,23.537898437518876,1325.8364308659252
          120.69124777648008,23.537897915088134,1325.0575215274407
          120.69120103211,23.537890048548594,1324.717381845034
          120.69116345357014,23.537883120295188,1323.3737869921106
          120.6911235712125,23.5378770409284,1322.4303848123495
          120.69107599618434,23.53786855467611,1321.493159346563
          120.6910246107296,23.53784449234865,1320.1239045520238
          120.69099436814376,23.537813283550772,1319.5783308931836
          120.69098268505589,23.53778902861941,1318.5705000389403
          120.69098066743162,23.537760186418225,1317.8255321668798
          120.69098246305249,23.537733865067885,1317.031553708742
          120.69098595896556,23.537714135784316,1316.2794312351014
          120.69099247827579,23.537680954761413,1315.4987533740862
          120.69100232110662,23.5376445961384,1315.356110693949
          120.69101539746286,23.537604778234012,1314.1981833118605
          120.69102748346201,23.537572362168536,1313.514784487404
          120.6910351039636,23.537552639956797,1313.3167098981926
          120.69104729951833,23.537524717616442,1312.5583317827252
          120.69106686607546,23.537497378564247,1313.3384867245707
          120.69107892813386,23.537476532661003,1315.405757577339
          120.69109248328816,23.537444442006525,1317.5167221519075
          120.69110200908098,23.537419602797186,1319.334387547149
          120.69112034259786,23.53737192842124,1321.043413283995
          120.69113099562307,23.537342704095572,1321.5554662298164
          120.69113793259768,23.537319468498744,1320.6817331543243
          120.69114143741562,23.5373059895368,1320.578084261183
          120.69114340600457,23.53729797890013,1319.7676872645698
          120.69114712998302,23.53727861609696,1319.51419480294
          120.69115141636732,23.537246738499874,1319.4583490250996
          120.69114171012929,23.537210924335252,1320.5862456161617
          120.69112566108228,23.53717501623387,1321.0636353094042
          120.69109429489488,23.53713798180255,1321.1471449288183
          120.69105768301138,23.537111846917888,1320.3361524291188
          120.69103317092741,23.537099519358055,1320.5337827583592
          120.69099660193152,23.537085128190494,1321.1107383496503
          120.69094133813978,23.537061377580415,1322.1118870746564
          120.69088869723029,23.537044332262965,1322.5595421966186
          120.69084520290855,23.537032816092296,1321.489835214659
          120.69081416613429,23.53702589974279,1322.0242473058072
          120.69077649377468,23.53702393377355,1323.7793181307775
          120.69073073370839,23.53701512511837,1324.4860990419663
          120.69068081774161,23.536999603987702,1322.2092107295884
          120.6906372089049,23.536980507159,1317.8447741113187
          120.69060340843073,23.53695993026526,1315.3373698474152
          120.69057599724056,23.53693082655714,1314.9827129947737
          120.69054988075133,23.536897542223212,1313.3988173808762
          120.69053284654332,23.536876080431714,1312.19969450725
          120.69051960550331,23.536859738851536,1312.3847949007577
          120.69050908508038,23.536846807602373,1313.1487526795947
          120.69049506928256,23.536829361266978,1313.7631740736508
          120.69046923128649,23.536798890657664,1313.3506895018863
          120.69044731075226,23.536775202858678,1313.7866539808686
          120.69041978923039,23.536759765961563,1314.3768043246673
          120.6903947105119,23.536750562732486,1315.282718349998
          120.6903696115014,23.536746146894526,1316.56800305333
          120.69033553623323,23.536748766289723,1316.5445603398912
          120.69028442252096,23.536767249565724,1316.133163589723
          120.69023298261193,23.53679448380736,1316.3152863099565
          120.69019319776996,23.536819980857157,1315.4806599861856
          120.69014986461981,23.53684734335251,1314.1126406349495
          120.69010000364456,23.53687149284849,1312.504812488032
          120.69005163836346,23.536878431346107,1311.3399582689724
          120.69000966333927,23.536881773917994,1311.9901517551734
          120.68997412617254,23.536883231397297,1313.1768185160747
          120.68994563354573,23.536884473363774,1314.1805470055167
          120.6899281071,23.53688543367287,1314.187943295141
          120.6899066880581,23.536886953274198,1314.007566700692
          120.68988012025142,23.536889954020335,1314.2514222173638
          120.6898540109945,23.536895028916334,1314.248294387804
          120.68982885009727,23.536902107776214,1314.4492562916064
          120.68979620122887,23.53691962768553,1314.5358007918267
          120.6897738312407,23.53693795298299,1314.5360756916298
          120.6897482505295,23.53696622796196,1313.3707221448344
          120.68970395284597,23.537013570601317,1311.0991577092368
          120.68966653242374,23.537047362886987,1308.997232386895
          120.68963583876281,23.537070944425782,1308.7064070580525
          120.68960502242095,23.53709188418272,1308.159849525027
          120.68957761096027,23.537110110576098,1308.4469082650241
          120.68954485336472,23.537132686443417,1310.068278971178
          120.68952360485605,23.53714763855904,1311.515405239368
          120.68949687524157,23.537166708034544,1311.6576683292053
          120.68946804174308,23.53718752067165,1311.433019730987
          120.68944033610259,23.537208171221526,1311.6871306887817
          120.6894158384757,23.5372266685033,1312.2611827300543
          120.68939098130464,23.53724688331328,1312.8629822586556
          120.68936756418947,23.537267445935647,1314.0064653509437
          120.68934635853472,23.537286974195258,1314.3424521881784
          120.68932333144951,23.537314491572726,1313.3970336940301
          120.68929852753956,23.537343503193803,1312.5039009816355
          120.68927277294098,23.537374356217022,1310.870321120966
          120.68924104865846,23.537403727796967,1310.2474337043893
          120.68919608513916,23.53745150228139,1309.1698756620829
          120.6891549228084,23.537502403647377,1308.226861163301
          120.689122835565,23.537547060270963,1307.1623588828688
          120.68909772121009,23.537585482414645,1306.1004650777168
          120.68907852691851,23.537618320217288,1306.005033231378
          120.68906584964013,23.537642476836353,1306.1277449465226
          120.68905595351471,23.537663106008132,1306.8703131298385
          120.68904938285664,23.5376780267836,1308.2262609119116
          120.68904079283043,23.537699254259685,1309.4360722160268
          120.68902733920942,23.537738600262465,1309.9496804290593
          120.68901641162168,23.537773258212958,1308.5369835283173
          120.68900813648126,23.537804614404692,1307.5900002791664
          120.68900202984318,23.537829796747886,1306.6591689874572
          120.6889963670233,23.537853268980243,1306.7175608697555
          120.68898600186506,23.537894937241354,1306.2533049982105
          120.688976155686,23.537929430700405,1306.346980821858
          120.6889665050522,23.537961238723994,1306.8201909339132
          120.68896405165755,23.537982274431535,1304.6610483450527
          120.6889628388402,23.53800966742829,1301.7600630593513
          120.68896126390324,23.538042000714075,1299.5373546435715
          120.68895914825717,23.538076528831994,1298.766028615373
          120.68895644065525,23.538115808157247,1297.3698541485608
          120.68895344258044,23.53815796201693,1296.8456282989696
          120.68895088741156,23.538189514726408,1295.7797803978667
          120.68894777618075,23.538224301251713,1294.9297886381862
          120.6889450305184,23.53825439129896,1293.9281707244206
          120.68894304458807,23.538276219765628,1293.9648737437353
          120.68894764489634,23.538305473853114,1294.1503273009655
          120.68894437095982,23.538344522209638,1293.3447047514387
          120.68894453990748,23.53837283355738,1291.9932721091177
          120.6889376857839,23.538402946056436,1290.262306351322
          120.68893573841972,23.538439244836482,1290.9747991166414
          120.68893631910626,23.53847525536684,1291.4991140134418
          120.68893713894016,23.53852566125704,1292.137644964209
          120.68893708600432,23.538564074279186,1291.682977966528
          120.68893574305918,23.538601525572194,1289.0531209459775
          120.68893275394935,23.53863444168579,1284.0287687199627
          120.68892436243051,23.53867364436506,1280.3609261598888
          120.68887892976059,23.538719316605626,1278.6593331843471
          120.6888111552336,23.538720576428023,1278.01680401306
          120.68876941189443,23.5387104896748,1277.4907021140964
          120.68873580510177,23.538690422604724,1277.110928589433
          120.68871692524355,23.538675763738272,1275.1975421497332
          120.68869322473437,23.538659330401188,1274.5043137418563
          120.6886611153274,23.538647068158532,1274.213407941536
          120.68864030619635,23.538637730274576,1274.0738030101504
          120.68861596907216,23.538623610252912,1274.5333854836035
          120.6885901896514,23.53860768703232,1274.21323388767
          120.68855784565481,23.53858819665556,1274.3461107082562
          120.68852949612007,23.538572888417338,1275.9596262354287
          120.68849543403229,23.538556784336063,1277.895566725084
          120.68845838641042,23.53854177972069,1280.249817846373
          120.68842962402188,23.538532186704934,1281.2771807220436
          120.68836442058462,23.53851915224341,1281.9961746441504
          120.68831665081586,23.53851168645004,1282.4844640356223
          120.68826893245657,23.53850584023318,1283.293281565563
          120.68823282459576,23.53850235987601,1283.794434649269
          120.68819976173326,23.53850027747885,1283.5032914192411
          120.6881811590957,23.538500056753094,1283.0659648215926
          120.68815839252242,23.538500513843633,1283.3100765076044
          120.68813792622565,23.538501237258274,1283.855437165559
          120.68809704163851,23.538498631622026,1285.8547304329616
          120.68806423509123,23.538502478674243,1288.654464173603
          120.68802981946654,23.538516015240187,1290.7467126144809
          120.6879913579789,23.538531015876213,1292.5033071199496
          120.68795199100292,23.538550605382827,1293.4275516629289
          120.68791230195951,23.53857698266205,1293.1538483596082
          120.68787347753113,23.538614848022455,1293.7051062256996
          120.68784678123785,23.538648906455013,1292.844199743785
          120.68782093078394,23.538691604630785,1292.333723839606
          120.68778842323394,23.538748312212093,1293.394929487313
          120.68775705092294,23.53880152549613,1292.3901413867604
          120.6877260210432,23.538845440018154,1290.7636552780743
          120.68769414788113,23.538881732358732,1288.696339878158
          120.68766374243783,23.53890787018539,1286.7985542622955
          120.68762648121735,23.538930167346834,1284.1415953788799
          120.68758900929697,23.53894623852503,1282.275765439915
          120.68756049586317,23.538953456780337,1280.0682322510622
          120.68753565180285,23.53895795520219,1278.7289115457436
          120.68749067887282,23.538962369916064,1276.5936184472582
          120.68745638407702,23.53896441948742,1275.7891111326016
          120.68742028283246,23.538965131916886,1275.912233282604
          120.68737589160641,23.53896454811012,1276.12911316261
          120.68733240700884,23.538962678670195,1275.884457766128
          120.68730025696686,23.53896065219499,1275.444211251914
          120.68726666586194,23.53895799601035,1274.672712087459
          120.68722451826486,23.53895473288481,1274.1119192581089
          120.68718494082569,23.538950046979384,1274.604150738142
          120.68714429533652,23.538946138418524,1275.2446330529076
          120.68709809888122,23.53893961776556,1275.58937912549
          120.68704470624405,23.538932652288477,1276.0335531334197
          120.68699011072732,23.538930220164296,1276.8258490500643
          120.68694307242245,23.538923190407118,1275.3505459987227
          120.6868930798915,23.538917665680668,1274.2699792030269
          120.68684696666853,23.538914087770593,1274.1331918249584
          120.68680947588312,23.538912604873747,1274.0751213504873
          120.686762085095,23.53891212195828,1273.616647431428
          120.6867122725993,23.538912055692613,1272.436249450901
          120.6866623573307,23.538912167431636,1271.1327900543959
          120.6866130108256,23.538912257225267,1269.4204709189135
          120.68656397855575,23.538912258092324,1266.9031859291274
          120.68652089716716,23.53891394343614,1264.817421469733
          120.68647331845492,23.538916839049453,1262.7348493229533
          120.68642763412335,23.538921958959545,1261.0776446689933
          120.68637079223683,23.53893478501838,1259.0925095614537
          120.6863283912803,23.538950523840207,1257.743762077542
          120.68628150887284,23.538976846128076,1257.0157890075523
          120.68624511194717,23.53900422557223,1256.5740300499715
          120.68621708875753,23.539030418630006,1255.9634970350537
          120.68618855853018,23.539062877762426,1256.0076278544534
          120.68616830441886,23.539090805396462,1257.381312214948
          120.68615258476693,23.539115667337903,1258.6760709371763
          120.68614160975186,23.539135522374217,1260.350174139954
          120.68613208089272,23.539154658185083,1260.9010952724768
          120.68612068673754,23.539178673553835,1261.2947644577648
          120.6861105352557,23.5392021856087,1261.6256913873578
          120.68610062742474,23.539228267998045,1262.4158663688443
          120.68609088819838,23.539256874953015,1264.3757387327396
          120.6860812267637,23.539290269669838,1265.591042184373
          120.68607219906119,23.539327243905994,1266.4475672625865
          120.68606559408902,23.539367852917643,1266.8366559019034
          120.68606163019194,23.539403057538667,1268.253672903471
          120.68606060662246,23.539435727621264,1269.7144066441297
          120.68606059766078,23.53947104878389,1270.7900584552604
          120.68606134722992,23.5395048218028,1270.400786127034
          120.6860620675726,23.539531311638537,1269.9990307962503
          120.68606595604919,23.53956005298831,1271.5137363363926
          120.6860668793407,23.539590424560423,1271.522667748767
          120.68607325796744,23.539641787877603,1271.904919953927
          120.68607535894746,23.539684900236587,1273.0092422752905
          120.68607778788254,23.5397193258663,1273.5603913747361
          120.6860818858149,23.539759530061872,1273.6834428833922
          120.68608760880778,23.53980181911569,1274.0416599038117
          120.68609459981897,23.539842985168228,1275.2903465360805
          120.68609773741161,23.539881228936583,1275.7330826775822
          120.68610081238619,23.539918254818073,1276.2082934261846
          120.6861040395761,23.539957028861362,1276.5487217547193
          120.68610831957051,23.539999283920867,1277.015946267956
          120.6861128502003,23.540050795206543,1277.3562881960734
          120.68612299672333,23.540088509611095,1278.1510611775564
          120.68612538793079,23.54011893009891,1278.0369687109164
          120.6861249403112,23.54015709620994,1278.3643733597432
          120.68612827622763,23.540210370233353,1277.760493122627
          120.68613250404368,23.540261030682444,1275.6406620130538
          120.68613596782244,23.540313321264247,1273.1895033372894
          120.68613717162324,23.540361887658857,1270.2125563200034
          120.68613743689204,23.540405156400865,1268.8451026005941
          120.68613939557255,23.540442399899607,1267.3591486664789
          120.68613928007176,23.540474328403114,1266.1461445615641
          120.6861395259326,23.540505941107224,1264.7253024249037
          120.6861406373548,23.540539336409445,1264.6477550334826
          120.68614283060349,23.54058377360851,1265.1724025781916
          120.6861444851661,23.54062337350489,1265.5525036069412
          120.68614549110997,23.540660879074817,1265.4045168576115
          120.68614574458887,23.54068420083461,1265.0766907164646
          120.68614565500935,23.540710650429418,1264.689168140783
          120.68614488831284,23.540742911622996,1262.9121304432688
          120.68614337649872,23.540778459902302,1262.079312184119
          120.6861413259192,23.540806818439027,1261.2224352431808
          120.68613822031637,23.54083663203819,1261.0235479424466
          120.68613269910655,23.540873043471365,1261.3780382736968
          120.68612443484237,23.540914840644596,1261.9317134009154
          120.686119202032,23.54093653167462,1262.2443345826887
          120.68611073091746,23.540962277171612,1261.2438272629504
          120.68607942982473,23.540995766081053,1259.532252695418
          120.68606450845643,23.541025384313112,1258.369594002974
          120.68601426114957,23.54103314213334,1257.5259682384915
          120.68595046045971,23.54102771328321,1256.0175791213674
          120.6859125298208,23.541040259540754,1254.5768721936126
          120.68587902994264,23.541048307836473,1253.498867121585
          120.68584637916999,23.54106871299716,1251.319600670771
          120.6858168763643,23.5410909316604,1249.2243486737586
          120.6857870865324,23.541116909458776,1246.6804916588042
          120.6857738675266,23.54114600494562,1244.784796601887
          120.68578271751205,23.541195905292433,1242.4302199441386
          120.68578997941253,23.541243301034715,1241.561952642665
          120.68577726572524,23.54126719023934,1241.1729766623455
          120.68575810878731,23.541279593913806,1240.5247855429718
          120.68573682883483,23.541291818932432,1238.9001890983707
          120.68572886850411,23.54129593871903,1238.616811394443
          120.6857165851235,23.54130560794407,1237.3233767271527
          120.6857050781334,23.54131673892952,1237.3583831600527
          120.68567814535417,23.541346115430308,1236.4538474483697
          120.68565626936245,23.54137533405437,1235.4277500430935
          120.68565074845431,23.541396837587033,1235.0768118147512
          120.68563544393136,23.541419238340673,1234.8896720450289
          120.68562744051523,23.5414326663006,1234.9229328446381
          120.6856225972703,23.54144474204956,1234.464891068843
          120.68561641413932,23.54146278738983,1234.8489310549264
          120.68561333989902,23.541472960483965,1234.4631142812407
          120.68561158572714,23.541481283560355,1233.5140087592222
          120.68560750136723,23.541501524053746,1233.2851398121213
          120.68560402988946,23.5415203434278,1232.7616960946482
          120.6856010839942,23.541539456905568,1232.1928884692172
          120.68559843266357,23.54155739799995,1232.1423003412588
          120.68559642620524,23.54157982274247,1232.4756155901164
          120.68559350340105,23.5416181078874,1232.0508017437585
          120.68559145004967,23.541655301865962,1232.7295959601347
          120.68558973524065,23.541691079213088,1233.0115756471341
          120.68558823971861,23.54171986205988,1232.9617244486044
          120.6855887739421,23.541749396800324,1233.3153740452906
          120.68558683706136,23.541772691987024,1232.2543885652499
          120.68558265514321,23.54180574618098,1231.6633986049585
          120.68557755710967,23.54185003033183,1232.0345444725235
          120.68557268563016,23.541878769454176,1231.0733876556612
          120.6855648898449,23.541915514966423,1231.5807447007105
          120.68555662209936,23.541952395106637,1231.7402986217924
          120.68554830860384,23.54198957621309,1231.9941009936947
          120.68554044960324,23.542025197280353,1231.6330207268404
          120.68553270502758,23.54206407743333,1231.3929371522538
          120.68552314402807,23.542106106448156,1230.299448298417
          120.68551491090102,23.542140210735873,1229.4806007785623
          120.68550759035355,23.54216990699337,1229.0024131008431
          120.68550131092272,23.542195421078237,1228.535777024249
          120.68549489498987,23.542221713253394,1228.3397879822878
          120.68548677230821,23.542255157830265,1227.8985547787806
          120.68547612443568,23.54229594152028,1227.048009616674
          120.68546606283226,23.54233214221904,1226.085251502115
          120.68545739142905,23.54235978141529,1224.6373968572627
          120.68544672154191,23.542391594177506,1222.317462747023
          120.68543949664705,23.542412353333717,1221.8580039951914
          120.68543034907954,23.54243678908507,1221.0855627772567
          120.68541997890276,23.542461595256892,1220.9877868384997
          120.68540768624794,23.542488360886345,1220.7946230934858
          120.6853887728035,23.542522058423106,1221.5440301273775
          120.68536568265601,23.542556454948386,1221.485824174254
          120.68533436943619,23.542590305265684,1220.7341481459584
          120.68529106530603,23.5426233480781,1220.1142699098828
          120.68524653458066,23.54264753039099,1218.6594185299166
          120.68521670406584,23.542659101964844,1217.5938861172267
          120.6851895304133,23.542667697868424,1216.4421340519164
          120.68516635797812,23.542675076243167,1216.213365040727
          120.68514526832398,23.54268227036379,1215.4917798528113
          120.68512129700105,23.542690545173052,1214.476374988668
          120.68510142687413,23.542697535375453,1213.3637253539514
          120.6850776827286,23.542706514337734,1212.3617697477305
          120.68506000161698,23.542713609736623,1210.820182908852
          120.68504709977128,23.542719754105626,1207.7387223997384
          120.68501559993344,23.542705893873105,1205.6229208238444
          120.68497939222128,23.54268567107656,1204.8580796018932
          120.68496607517244,23.54267441795489,1204.9180428537882
          120.68495997434742,23.542667578384986,1205.7104153665282
          120.68496876205438,23.542701626999108,1206.2314777032946
          120.68497562972073,23.54274888576785,1205.5788455041309
          120.68497450214264,23.542774131048557,1204.0999714307493
          120.68496688295826,23.542784447792,1203.0208653277248
          120.68495292777389,23.542794623503955,1202.244692068418
          120.68493424017372,23.542809848276413,1202.0374371997389
          120.68491321378872,23.542832200987664,1201.9177412278211
          120.68489152011391,23.542858323667147,1201.4294677237042
          120.68487725920339,23.542886280980763,1200.3405996716758
          120.68486603597124,23.542907249977112,1199.0372833027498
          120.68485190074014,23.542927352557488,1197.9146414005995
          120.68483855406214,23.542947130884215,1197.4848736832262
          120.68482137711952,23.542966316533377,1196.563974812669
          120.68479230448955,23.542988513670643,1195.878689403403
          120.68477279204033,23.543004618287515,1194.9387310996851
          120.68476851022017,23.543008143523785,1193.8522128972143
          120.68476624524592,23.543010959722533,1192.6442628138645
          120.68475703102965,23.54302119800257,1191.121104017088
          120.68474102307611,23.54303803076735,1190.214181822613
          120.68472231606547,23.543056749139662,1189.4021209174277
          120.68468172378446,23.543067552772605,1188.3273236184762
          120.68462243666534,23.54306717541254,1187.5865182288126
          120.68457611469195,23.54307011293199,1186.2920377497987
          120.68454066503301,23.543079780423607,1185.061195300605
          120.68451879362328,23.54311077081609,1183.3971861039279
          120.68449534158393,23.543138200423297,1182.293161766107
          120.68446574157461,23.543171971985714,1181.088256114795
          120.68444383225301,23.543193402161393,1179.9301978383564
          120.68441849221463,23.543213101200074,1179.896091592211
          120.68439021169513,23.543240505466677,1179.9552695473838
          120.6843614029967,23.54326988933514,1178.7170163704532
          120.68436190025466,23.543328224291507,1176.5318503952362
          120.68437045404751,23.54338147044329,1174.3685030238144
          120.68435478607884,23.543415466650938,1172.688421043828
          120.68432144257756,23.543449250064157,1171.148599956673
          120.68429604902323,23.543477102321624,1170.572870895838
          120.68427978236664,23.543500664600188,1170.1431846779242
          120.68427226461276,23.543518047678205,1170.6047577903864
          120.6842645563856,23.543540622346576,1170.686162537624
          120.6842385980926,23.543548197026997,1169.056622826451
          120.68418569107014,23.543552710833964,1167.3456569848863
          120.68415424479103,23.543550694725457,1166.2952392166158
          120.68414346179254,23.543549302425838,1166.2607851600856
          120.68413321185857,23.543539165657666,1165.8329538387338
          120.68412569270156,23.543529931475067,1163.6265569400207
          120.68412126221673,23.543524507280363,1161.3682180350097
          120.68411058278592,23.543514484382865,1160.6946077796442
          120.68409764484586,23.543495674479566,1159.9181666760667
          120.68408364137909,23.543480462895882,1159.193763329791
          120.68405450611748,23.543452668014005,1158.9474555888094
          120.68404057954453,23.54343723094671,1158.861564906707
          120.68403229287816,23.543424773512385,1158.44583786416
          120.68401686010463,23.543409223682946,1157.8417953534433
          120.68400067707864,23.54339982404288,1157.1834697122176
          120.6839921137469,23.543392740241597,1155.9889877872902
          120.68397190970592,23.54337169340535,1155.315616910706
          120.68395324916953,23.543351017521548,1153.9930173299776
          120.68393727798451,23.54332394579737,1152.439300710091
          120.68391297617603,23.543291377681882,1151.0466333131847
          120.68388291602277,23.54326146236904,1148.4823294278985
          120.68386132882826,23.543245234756174,1147.0646230685036
          120.6838508011305,23.543225915661168,1145.9539131499794
          120.68383413637773,23.543202802612225,1143.9837630132859
          120.6838193020609,23.54318483315501,1142.925373380532
          120.68380561069321,23.543166141733696,1142.6212047080344
          120.68379266955141,23.543146415475363,1142.0886672770253
          120.68377940630432,23.54312442712788,1141.6190021594641
          120.68376984786573,23.543107136612957,1140.9547631479331
          120.68375889185043,23.543086676127658,1140.3637682464225
          120.68374645562477,23.543063553953985,1140.8349216811482
          120.68373525975439,23.543043217664263,1140.4152731459885
          120.68371351461572,23.54302113915357,1141.3085381639796
          120.68368401570568,23.54299556735068,1140.24683804165
          120.68364752557038,23.542987807522515,1139.4799510383841
          120.68361744677557,23.542998315534778,1138.6665193969689
          120.68359239631289,23.543010028983744,1137.4133822821354
          120.68357179451722,23.54303288483553,1136.4281064270049
          120.68354581805131,23.543061374970822,1135.4882758606518
          120.68351410874249,23.54309912108498,1134.7464061044495
          120.68348657593246,23.543133761072454,1133.2629288346382
          120.68345656831053,23.54317148958123,1131.9183269926787
          120.68343198408188,23.543200943850078,1129.5828098036727
          120.68340886632298,23.543229778027428,1127.4690782628456
          120.68338202552977,23.543264543155985,1126.5682288072987
          120.6833724155481,23.54327727896868,1126.8420185922798
          120.68336800510782,23.543283337363324,1124.5349771857586
          120.68338012532395,23.543278148072105,1124.9428345650106
          120.68338246301089,23.543267977349633,1125.1291525052304
          120.68338384388342,23.54327133186576,1124.995036661412
          120.68338211861033,23.543279308744605,1124.7567231844532
          120.683377523062,23.543279539098005,1125.310628002809
          120.6833764572118,23.543273914318405,1125.2756584028675
          120.68337804884455,23.54327485264965,1123.8831563150693
          120.68338002152866,23.54326888131386,1123.6342573640584
          120.68337758394817,23.54327063751706,1124.1544223412309
        </coordinates>
      </LineString>
    </Placemark>
    <Placemark>
      <name>忘憂林</name>
      <description></description>
      <ExtendedData>
        <Data name="icon"><value>google-pin</value></Data>
        <Data name="color"><value>#3b82f6</value></Data>
      </ExtendedData>
      <Point>
        <coordinates>120.6863703,23.5389284,0</coordinates>
      </Point>
    </Placemark>
    <Placemark>
      <name>牛樟巨木</name>
      <description></description>
      <ExtendedData>
        <Data name="icon"><value>google-pin</value></Data>
        <Data name="color"><value>#3b82f6</value></Data>
      </ExtendedData>
      <Point>
        <coordinates>120.6889504,23.5386139,0</coordinates>
      </Point>
    </Placemark>
    <Placemark>
      <name>涼亭</name>
      <description></description>
      <ExtendedData>
        <Data name="icon"><value>google-pin</value></Data>
        <Data name="color"><value>#e27653</value></Data>
      </ExtendedData>
      <Point>
        <coordinates>120.69828479914253,23.53813771086196,0</coordinates>
      </Point>
    </Placemark>
    <Placemark>
      <name>瑞里站</name>
      <description></description>
      <ExtendedData>
        <Data name="icon"><value>bus-front</value></Data>
        <Data name="color"><value>#3b82f6</value></Data>
      </ExtendedData>
      <Point>
        <coordinates>120.68312133557777,23.543312893207826,0</coordinates>
      </Point>
    </Placemark>
    <Placemark>
      <name>忘憂林</name>
      <description></description>
      <ExtendedData>
        <Data name="icon"><value>google-pin</value></Data>
        <Data name="color"><value>#3b82f6</value></Data>
      </ExtendedData>
      <Point>
        <coordinates>120.6863703,23.5389284,0</coordinates>
      </Point>
    </Placemark>
    <Placemark>
      <name>牛樟巨木</name>
      <description></description>
      <ExtendedData>
        <Data name="icon"><value>google-pin</value></Data>
        <Data name="color"><value>#3b82f6</value></Data>
      </ExtendedData>
      <Point>
        <coordinates>120.6889504,23.5386139,0</coordinates>
      </Point>
    </Placemark>
    <Placemark>
      <name>忘憂林</name>
      <description></description>
      <ExtendedData>
        <Data name="icon"><value>star</value></Data>
        <Data name="color"><value>#10b981</value></Data>
      </ExtendedData>
      <Point>
        <coordinates>120.6863703,23.5389284,0</coordinates>
      </Point>
    </Placemark>
    <Placemark>
      <name>牛樟巨木/七步迴音谷</name>
      <description>特殊山谷地形形成清晰回音而聞名，
一旁還可見百年牛樟巨木</description>
      <ExtendedData>
        <Data name="icon"><value>star</value></Data>
        <Data name="color"><value>#10b981</value></Data>
      </ExtendedData>
      <Point>
        <coordinates>120.6889504,23.5386139,0</coordinates>
      </Point>
    </Placemark>
    <Placemark>
      <name>英雄坡|走過才能成為英雄</name>
      <description>陡峭直上的800多階梯步道，
短距離內海拔上升約200公尺，
挑戰性高</description>
      <ExtendedData>
        <Data name="icon"><value>google-pin</value></Data>
        <Data name="color"><value>#e27653</value></Data>
      </ExtendedData>
      <Point>
        <coordinates>120.69516481112942,23.537344102499233,0</coordinates>
      </Point>
    </Placemark>
    <Placemark>
      <name>野薑花溪步道出入口</name>
      <description></description>
      <ExtendedData>
        <Data name="icon"><value>star</value></Data>
        <Data name="color"><value>#10b981</value></Data>
      </ExtendedData>
      <Point>
        <coordinates>120.68647856059897,23.544790261953693,0</coordinates>
      </Point>
    </Placemark>
    <Placemark>
      <name>綠色隧道出入口</name>
      <description></description>
      <ExtendedData>
        <Data name="icon"><value>star</value></Data>
        <Data name="color"><value>#10b981</value></Data>
      </ExtendedData>
      <Point>
        <coordinates>120.681469289505,23.543125384491702,0</coordinates>
      </Point>
    </Placemark>
    <Placemark>
      <name>起點|Start</name>
      <description></description>
      <ExtendedData>
        <Data name="icon"><value>start</value></Data>
        <Data name="color"><value>#10b981</value></Data>
      </ExtendedData>
      <Point>
        <coordinates>120.68327109744598,23.543603170034757,0</coordinates>
      </Point>
    </Placemark>
    <Placemark>
      <name>終點|End</name>
      <description></description>
      <ExtendedData>
        <Data name="icon"><value>end</value></Data>
        <Data name="color"><value>#e27653</value></Data>
      </ExtendedData>
      <Point>
        <coordinates>120.68349859943203,23.543594792623225,0</coordinates>
      </Point>
    </Placemark>
  </Document>
</kml>