<?xml version="1.0" encoding="UTF-8"?>
<kml xmlns="http://www.opengis.net/kml/2.2">
  <Document>
    <name>雲嘉六連峰</name>
    <Placemark>
      <name>路線軌跡</name>
      <LineString>
        <tessellate>1</tessellate>
        <coordinates>
          120.604609362893,23.5622407682395,985.48102127295
          120.604602322095,23.5622385051256,985.50348221045
          120.604608859979,23.5622374154782,986.6865876792
          120.604648576756,23.5622284681997,978.309698642232
          120.604660455198,23.5622927713275,977.162668950856
          120.604693379947,23.5623730374276,976.061869572848
          120.604753382967,23.5624280568357,976.182191840373
          120.604813272853,23.5624710686396,975.833667878993
          120.604852426838,23.5625294161797,976.150093788281
          120.604832139427,23.562581548606,978.867609841749
          120.604748340888,23.5626295968008,980.279902973212
          120.60471012164,23.5626633390179,982.050578417256
          120.604627769907,23.5626872804248,983.611000368372
          120.604560738634,23.5626917077261,983.280925839208
          120.604507153976,23.5626509670147,984.240629478358
          120.604474200152,23.5626017908321,987.032017226331
          120.604470332922,23.562550205297,985.429162450135
          120.604462281468,23.5624845780107,984.215538114309
          120.60447509418,23.5624179262604,984.649819360115
          120.604488234138,23.562367972486,985.283312457614
          120.604496802455,23.5623091531932,985.473043511622
          120.604473890833,23.5622668567574,985.169242473319
          120.604413811154,23.5622493034712,985.498314522207
          120.604346403022,23.5622711726136,984.991161598824
          120.604342914962,23.5622726360954,986.832409807481
          120.604318001912,23.562259388312,989.577149656601
          120.604273760559,23.5622771543742,989.526827362366
          120.604259287138,23.5622996583201,989.769331524149
          120.604258138947,23.5623164917337,991.033454056829
          120.604211252948,23.5623325824066,993.981753344648
          120.6041322989,23.5623479457594,995.943947136402
          120.604100720929,23.5623461356898,997.007319443859
          120.604085101654,23.5623849446188,999.58943669498
          120.60407308013,23.562422785109,1000.37086200807
          120.604053220088,23.5624305080041,1001.66989265196
          120.604022344068,23.5624308387372,1002.11182894278
          120.603988467125,23.5624461714454,1003.75624393765
          120.604003911565,23.562444156984,1005.94083354622
          120.603993636325,23.5624459739501,1007.65160603262
          120.603992043265,23.5624550703203,1008.08452177886
          120.603957592341,23.5624543722831,1009.0336225694
          120.603928368904,23.5624444228978,1010.62027309556
          120.603870226569,23.56243540259,1012.68648353219
          120.603819688889,23.5624239459355,1013.08074472845
          120.603761028923,23.5624100504322,1014.11206301767
          120.603715486205,23.5624016650901,1016.05735201202
          120.603699412428,23.5623993630173,1016.56317671947
          120.603669865798,23.5623982525591,1017.35205781553
          120.603639905089,23.5624034386597,1017.8118746141
          120.603620415967,23.5624121556249,1019.01050996408
          120.603605997155,23.562422968976,1021.00606081542
          120.603614628466,23.5624164959471,1021.11010963563
          120.603632785767,23.562416311796,1020.57758363243
          120.603660576888,23.5624479598623,1022.93058358319
          120.603657349502,23.5625012869021,1022.41197342146
          120.603599687235,23.562465829839,1024.19966396131
          120.603571217786,23.5624765440051,1025.41033070628
          120.603531710657,23.5625034857148,1026.73429227341
          120.603506900523,23.5625264318433,1028.61732770968
          120.603487457892,23.5625466299533,1029.67660996877
          120.603477495523,23.5625569794289,1030.56218422484
          120.603452069072,23.5625896933349,1032.28734712675
          120.6034378667,23.5626171209456,1034.4199767299
          120.603431651779,23.5626268902032,1034.65180325229
          120.603422404443,23.5626396047846,1035.60063950066
          120.603404651798,23.5626665937609,1036.06222718675
          120.603389525753,23.5626904822477,1037.40255236905
          120.603376018163,23.5627119923712,1038.03265829012
          120.603361170223,23.5627366804923,1038.92959952354
          120.603349740372,23.562755685249,1040.93235335872
          120.603339300316,23.5627730442483,1042.67273338139
          120.603330970389,23.5627868946698,1044.19441163074
          120.603318058445,23.5628102659894,1044.67992307059
          120.603306945407,23.5628365811086,1045.74663328193
          120.603300333256,23.562852920164,1046.26356121898
          120.603302259307,23.5628480653127,1046.25619113166
          120.603302480032,23.5628416134053,1047.52558496501
          120.603232932832,23.5628377433199,1048.60322716925
          120.603163363827,23.5628251046733,1048.54473501071
          120.603104481845,23.5628157636747,1048.40570021793
          120.603032395184,23.5628069430304,1048.641690569
          120.602970902767,23.562799558569,1049.32002580632
          120.602913030718,23.5627940981516,1048.34286391269
          120.602846932454,23.5627892671244,1048.35878987424
          120.6027759251,23.5627851484352,1049.29650587868
          120.602714148377,23.5627851484356,1049.91555956099
          120.602648591925,23.5627881396047,1051.73529805709
          120.602589033054,23.5627938406932,1052.8656203365
          120.602519474581,23.562806869788,1053.4773931317
          120.602452575502,23.5628311058595,1052.71628736891
          120.602392224881,23.562857778058,1054.84459984582
          120.602340102872,23.5628861200337,1057.44339586049
          120.60228777465,23.5629192310647,1058.71781599894
          120.602230559391,23.5629597016455,1059.3141940888
          120.602175737665,23.5630021292299,1060.22552779783
          120.602121767107,23.5630459513927,1061.29528846219
          120.60206493285,23.5630917901402,1061.53996296506
          120.602017890134,23.5631299563321,1063.55148302391
          120.601966666474,23.5631781071142,1063.64396181423
          120.601920986817,23.5632320474374,1063.50773114245
          120.601874458717,23.563287089812,1064.1836055303
          120.601801946787,23.5633264365742,1065.39607131109
          120.601716687316,23.5633514544868,1066.65537741873
          120.601636256472,23.5633506735257,1066.64855810255
          120.601558950847,23.5633332017703,1066.15388247184
          120.601504581671,23.5633225033993,1066.61303836945
          120.601446522521,23.5633187231833,1067.01858244743
          120.601434850466,23.5633187231831,1066.74476215523
          120.601397486165,23.5633185375664,1067.72046355344
          120.601342890475,23.5633234981739,1067.1232408965
          120.601285423869,23.5633383523579,1066.54484502319
          120.601215631056,23.5633900123193,1067.82911348902
          120.601166343806,23.5634391830385,1069.18745112512
          120.601115745956,23.5634829294138,1070.45097510703
          120.601063733761,23.5635266785064,1071.34650482889
          120.601013063069,23.563581377162,1071.2478558952
          120.600962710035,23.5636322298602,1072.84682719316
          120.600881647592,23.5636765077895,1074.00008943863
          120.600807411741,23.5636994328827,1074.35955657531
          120.600750744696,23.5637296925639,1074.52818873432
          120.600699392648,23.5637772844998,1073.95864114445
          120.600661649246,23.5638236306415,1074.97506904043
          120.600617967507,23.563885117536,1074.46638182644
          120.600580492207,23.5639526566738,1074.70052506216
          120.600546342954,23.564009339952,1075.02792577911
          120.600492869639,23.5640560741228,1074.73290933669
          120.600421173931,23.5640778292203,1075.51885821577
          120.600343648769,23.5640907077932,1075.06335632131
          120.600256266571,23.5640707544413,1076.43720975891
          120.60020149913,23.5640377065692,1075.94759166706
          120.600138039765,23.5640094944798,1075.23961647134
          120.600073852442,23.5639898713084,1076.88262162171
          120.600006314127,23.5639937884479,1076.71119215246
          120.59994319391,23.5640322876535,1078.18389805872
          120.599904593669,23.5640800147387,1079.86596862599
          120.59987406638,23.5641292358268,1080.91757421289
          120.599850788967,23.5640917589809,1080.6329928115
          120.599742144759,23.5640880954858,1079.27532182075
          120.599697966225,23.5640347769336,1077.91658638604
          120.599628748004,23.5640039842974,1080.6936971508
          120.599599907183,23.5639801819038,1081.2498170333
          120.599606366928,23.5639674149769,1080.61415895168
          120.599612294761,23.5639623581638,1079.80929724779
          120.599583533643,23.5639515455911,1078.66544034332
          120.599524878315,23.5639256373161,1077.95638259966
          120.59946001141,23.5639019817084,1077.94030730147
          120.599385181664,23.5638692609488,1078.57934079971
          120.599324524523,23.5638441043097,1077.70327078272
          120.59927380113,23.5638137958716,1077.48414564878
          120.599215752648,23.5637756988252,1077.2371760169
          120.599163411739,23.5637397361542,1077.13429612666
          120.599109816303,23.5637041910466,1075.80682808533
          120.599054989771,23.5636719334621,1075.93467996363
          120.599005988642,23.5636210178407,1075.87835781183
          120.598959832624,23.5635782558785,1075.75935454387
          120.598894690967,23.563536928078,1076.73293578997
          120.598906954203,23.5635067095497,1076.63166027982
          120.59891860503,23.5635036384174,1075.84748149384
          120.59891785266,23.5635058082627,1074.65346568078
          120.598910212317,23.5635078353108,1073.39652758557
          120.59890261891,23.5635024307593,1073.7507610051
          120.598909966539,23.5635086045916,1075.15801380109
          120.598907332414,23.5635054346771,1075.4863578463
          120.59891584681,23.5635066869318,1075.30406162515
          120.598920305992,23.5635032177874,1075.84468052257
          120.598916735982,23.5635083117518,1075.10938858148
          120.598922489548,23.5635067434805,1076.07875475474
          120.59891809099,23.5635136394074,1076.41858359519
          120.598914279142,23.5635079243809,1077.40293558035
          120.598912973712,23.5635061220275,1077.331032902
          120.598913510451,23.563507741025,1077.11555645615
          120.598914332368,23.5635170513174,1075.37828713004
          120.598904033224,23.5635130605769,1077.35882981122
          120.598915944708,23.5635450037563,1078.45807691198
          120.598950346386,23.5635662992872,1078.67946237326
          120.59895758866,23.5635667926947,1078.33168620337
          120.598979767304,23.5635869008539,1078.21049237251
          120.599038595538,23.5636469243344,1079.52379995864
          120.599089412525,23.5636871061876,1079.86568141449
          120.599149917727,23.5637146754486,1079.74421803094
          120.599161325343,23.5637196311341,1079.05972112902
          120.599177922082,23.5637380571808,1078.74829580169
          120.599236869385,23.5637776260357,1077.74558063224
          120.599296654737,23.5638139270573,1077.24186838418
          120.599359020717,23.5638495637088,1076.60474251583
          120.599430905519,23.5638863287909,1077.08308642916
          120.599492718984,23.563911457855,1078.2100967057
          120.599575290231,23.5639456092047,1079.56090293732
          120.59964337883,23.5639798573698,1080.00574357621
          120.599692507195,23.5640146181077,1080.0059815431
          120.59974278165,23.5640446978994,1079.38879588898
          120.599800759314,23.5640750156469,1080.7889480684
          120.599854602391,23.564091736149,1082.32087761629
          120.599879489397,23.5641374534538,1082.07266584598
          120.599906328926,23.5641215011562,1081.63392025419
          120.599910116413,23.5641258919955,1081.73643709905
          120.599914912137,23.5640905096067,1081.43688601255
          120.599933451692,23.5640504066896,1080.8787620943
          120.599964205505,23.5640132380082,1080.40585631691
          120.60001034286,23.5639841053045,1080.03710380103
          120.60006315246,23.5639716794398,1079.5330975214
          120.600109913813,23.5639757215844,1080.23188134842
          120.600157860996,23.5639933012895,1079.7674703896
          120.600201145345,23.5640277621708,1079.23464370891
          120.600245907052,23.5640528906116,1076.98027517181
          120.600293306476,23.5640770028036,1074.58867285959
          120.600368346161,23.5640886790661,1074.7728160508
          120.600424282095,23.5640769258936,1074.62333855685
          120.600492099155,23.5640526014422,1074.09226888884
          120.600556515382,23.5639936214573,1073.2801877996
          120.600597391461,23.5639212068934,1072.748433684
          120.600638374837,23.5638534977861,1072.63549810462
          120.600680283881,23.5637997175309,1071.81736514438
          120.600723170173,23.5637539569094,1070.90200256649
          120.600773336932,23.5637145026877,1070.70415338129
          120.600823317721,23.5636946860762,1069.72887042165
          120.600891635731,23.5636731168676,1069.30686588213
          120.600970943374,23.5636249919469,1069.30621866137
          120.601020283024,23.563573301022,1069.86606984865
          120.601059172647,23.5635297996366,1069.72965780552
          120.601107442427,23.5634812996685,1070.34493389726
          120.601149886399,23.5634417706554,1070.08110907022
          120.601204224048,23.5634048602807,1069.92980056722
          120.601257807042,23.5633640975391,1070.69855760597
          120.601314259797,23.5633298932868,1070.72827342153
          120.601368254301,23.5633197024081,1070.24708426464
          120.601421833649,23.5633175673609,1069.67096886691
          120.601463166661,23.5633199725055,1068.24544223864
          120.601512709107,23.5633239054738,1068.19082985912
          120.601558366133,23.5633330619574,1067.82232837286
          120.601604535063,23.5633441016455,1068.10733771231
          120.601671137527,23.5633543765474,1067.13799578883
          120.601735729716,23.5633477603297,1067.69604907744
          120.601793516943,23.5633299137533,1069.17829250731
          120.60184802147,23.5633057076446,1067.2056241259
          120.601904510766,23.5632543035549,1065.80960439239
          120.601955010647,23.5631966643529,1065.23929612897
          120.602002053147,23.5631480118763,1064.69312865566
          120.602046103449,23.5631060707092,1063.99470185954
          120.602095597883,23.5630675868918,1064.47970544361
          120.602130269592,23.5630389219319,1063.62764530908
          120.60217348831,23.5630039221059,1063.67103205342
          120.602223739537,23.5629647026134,1063.65709089953
          120.602266831743,23.562933103309,1062.97651115712
          120.602315369917,23.5629124811772,1062.1253577685
          120.602361492332,23.5628850054622,1061.2055121325
          120.602407053808,23.5628609097718,1060.91727017518
          120.602463355435,23.5628356956064,1061.81700667832
          120.602513075651,23.562817980265,1060.94763490185
          120.602567135982,23.5627969287139,1059.55634967703
          120.602621986466,23.5627897129685,1058.3755581975
          120.602674824455,23.5627865883036,1057.72812036611
          120.60272738858,23.5627851484398,1055.88144567423
          120.602780562455,23.5627851484398,1055.80002053268
          120.602830848892,23.5627883681294,1054.71641110256
          120.60288318587,23.5627912935322,1053.23176675662
          120.602930715128,23.5627957667354,1051.18285333738
          120.602988872454,23.562801667633,1049.37165401038
          120.603057991674,23.5628097360787,1048.46125018038
          120.603118667628,23.5628178866197,1047.32183869462
          120.603182362092,23.5628285560995,1046.62773558404
          120.603260834049,23.5628428121513,1046.89909568336
          120.603317127807,23.5628530390661,1046.261908371
          120.603360890443,23.5628640371875,1046.67488056142
          120.603360410684,23.5628614007635,1046.84714703914
          120.603363533377,23.5628647155248,1049.16177171748
          120.603359215917,23.5628636074059,1049.28555506002
          120.603366230218,23.5628626006038,1049.99506599829
          120.603371746,23.5628668233757,1049.31344712432
          120.603370606288,23.5628665308572,1049.34673363063
          120.603379517691,23.5628485539844,1049.70872223657
          120.603393328918,23.5628597099192,1049.29640937131
          120.603420698858,23.5628776172976,1049.79144810699
          120.603463521822,23.5628863251089,1049.31141884718
          120.603514809,23.5629062205629,1047.5085390443
          120.603522304267,23.5629305584722,1046.68774652667
          120.603472850651,23.5629319621565,1048.86721984111
          120.6034250344,23.5629136867941,1050.47542472556
          120.603378868528,23.5628841083772,1051.09104656801
          120.603326916229,23.5628647705721,1053.22209033556
          120.603284648711,23.5628566093804,1054.32395264227
          120.60322068503,23.5628447195925,1054.69646300469
          120.603162930152,23.5628342272265,1054.7007274786
          120.603095756584,23.562823603798,1055.77370221075
          120.60303270969,23.5628160680682,1055.70844696462
          120.602980065422,23.5628094979499,1057.05485719163
          120.602916289833,23.5628034805159,1057.73737540562
          120.602859397644,23.562799008143,1058.62516115606
          120.602808883342,23.5627961846183,1058.62013145536
          120.602756408205,23.5627941761224,1060.00079423096
          120.602710180493,23.5627941761214,1061.39962395746
          120.60265275909,23.5628071057019,1062.83434332628
          120.60264769205,23.5628828648298,1063.82870371919
          120.60268762864,23.5629730805736,1063.3775454592
          120.602729099542,23.5629948007141,1064.38151246496
          120.602762257499,23.5630260860373,1065.51938518416
          120.602794861912,23.5630578020746,1066.53492133226
          120.602831930293,23.5630883220993,1067.46146243811
          120.602866646174,23.5631175167231,1068.02551737335
          120.602904989052,23.5631532768059,1068.43835957255
          120.602936288829,23.5631840218275,1069.88826207444
          120.602975198075,23.5632094544996,1071.36694162525
          120.603008168759,23.5632438352208,1071.9096097732
          120.603044301321,23.563280596157,1072.34271047171
          120.603079466409,23.5633132484084,1073.3982992107
          120.603108001287,23.5633498341861,1073.94899323769
          120.603138812793,23.5633877162801,1074.8577910671
          120.60317364828,23.563429338219,1076.12980758585
          120.603205649076,23.5634821308443,1077.48708653171
          120.603232090273,23.5635343051304,1078.62831241358
          120.60326157519,23.563589318158,1080.09807692934
          120.603266644352,23.5636527459186,1080.92238643952
          120.603269216808,23.5637093748385,1079.99178780336
          120.603301854423,23.5637594515562,1080.19700158574
          120.603351424066,23.5638035607188,1079.19903283566
          120.603396614258,23.5638320304774,1080.40458489303
          120.603438698231,23.5638540091048,1081.44988930691
          120.603482186347,23.5638809612139,1083.11983249988
          120.603511345206,23.5639213053998,1084.4957707813
          120.603467976197,23.5639431514011,1085.65722211916
          120.603412708677,23.5639181104648,1085.82076742779
          120.603360440191,23.5638959865935,1086.37857638858
          120.603304452963,23.5638668745879,1086.46634993237
          120.603256858062,23.5638434760593,1086.35346012749
          120.603195603721,23.5638249602471,1087.2872168906
          120.603146600167,23.5638037240332,1087.44588919915
          120.603093940468,23.5637833225084,1088.70909505058
          120.603047736778,23.5637661912759,1089.57694534864
          120.603004363198,23.5637474028103,1090.91900719702
          120.602955452922,23.5637212305418,1091.98696661647
          120.602919078909,23.5637261233874,1092.71352330316
          120.60290475712,23.5637584311626,1093.57904750854
          120.602885549422,23.5637878182821,1094.09917953797
          120.602860659003,23.5638220173093,1095.21241699252
          120.602841572196,23.5638608815594,1096.53484530002
          120.602827810848,23.5639005700316,1097.98184808809
          120.602810906682,23.5639368963096,1099.35142598394
          120.602804447519,23.5639891658251,1100.55808053818
          120.602787768461,23.5640165729405,1103.65635947511
          120.602792454587,23.5639972428757,1105.65479976684
          120.602776151777,23.5639766069031,1106.44326697756
          120.602643665203,23.563947759707,1107.8486862164
          120.602604876837,23.5639182882712,1108.13842772041
          120.602551922479,23.5639032232107,1109.28595554829
          120.60250105241,23.5638858408908,1109.87318071909
          120.602450946506,23.563880420391,1111.35712627228
          120.602406459219,23.5638690536758,1111.75920946896
          120.602412216644,23.5638653568005,1110.83500911668
          120.60241106198,23.5638657664919,1110.27955971286
          120.60241225645,23.5638720438132,1110.26541459467
          120.602406157974,23.5638710671162,1109.78219061531
          120.602401781111,23.5638749806923,1109.49575156532
          120.602405903558,23.5638758202269,1109.26842640899
          120.602414331311,23.5638673610891,1108.96680696215
          120.602443201261,23.5638761563234,1110.66320827603
          120.602487119354,23.5638943002936,1110.91800011136
          120.602514338175,23.5639154601013,1109.98728374299
          120.602555265279,23.5639357801553,1109.78474259097
          120.602598624491,23.5639573077354,1109.05415513646
          120.602643589941,23.5639788852635,1108.05446004029
          120.602681629841,23.5640016831242,1106.83420111239
          120.602695747971,23.5640121245548,1106.02415204141
          120.602733439079,23.5640425271106,1104.84763895813
          120.60278211325,23.5640777622366,1103.5952245295
          120.602801760161,23.5640908594158,1102.28713789955
          120.602798403326,23.5640886216567,1102.35736915004
          120.602799165164,23.5640891295194,1102.36077917181
          120.602797630411,23.56408810641,1102.39845649153
          120.602800450916,23.5640899866367,1102.05730202328
          120.602802441235,23.5640913134054,1101.91810439248
          120.602806482343,23.5640940073557,1102.80997394212
          120.602799026554,23.5640890371175,1102.57986661326
          120.602825364606,23.5641061484691,1102.05322055425
          120.602865771176,23.5641317215136,1101.40558166988
          120.602927051252,23.5641597113281,1100.67857438792
          120.602985197227,23.5641808231692,1100.01398720127
          120.603038448169,23.5641997647051,1100.87603802886
          120.603091863888,23.5642201245866,1100.30415448453
          120.603135437044,23.5642393404462,1099.66469709016
          120.603182257846,23.5642660994796,1098.68561357073
          120.603217143271,23.5642928318803,1097.94935883861
          120.603234261398,23.5642979930173,1099.08108103462
          120.603242277989,23.5643149469063,1097.81719572283
          120.603273453702,23.5643477669313,1094.49833011813
          120.603305562116,23.5643830838469,1093.7586623719
          120.603328445418,23.5644082538148,1093.008774627
          120.603335227538,23.564408080202,1093.88876165822
          120.603349065673,23.5644158895902,1097.45603755675
          120.603413299782,23.5644248268686,1096.50454236008
          120.603460950843,23.5644519040548,1097.08560969774
          120.603449951178,23.5645000988393,1098.84428340383
          120.603454422055,23.5645448603474,1100.08435566537
          120.603494904407,23.5645842732829,1099.23551012482
          120.603563160771,23.5646263300121,1098.37322314456
          120.603589679232,23.5646418698552,1097.84223797638
          120.603617194018,23.5646716565494,1097.3025805112
          120.603619119712,23.5646739647778,1097.38922694419
          120.603622951122,23.5646698847327,1097.47716937121
          120.60361922652,23.5646740928009,1097.72942107636
          120.603620934332,23.5646761398611,1097.94598348998
          120.603629351959,23.5646902662538,1098.25225868914
          120.603643490346,23.5647187699604,1097.61680011451
          120.603665052532,23.5647762648427,1097.01010756195
          120.603681504455,23.5648201333752,1095.48906587064
          120.603705146645,23.5648743176491,1094.01625409164
          120.603736273334,23.5649301777864,1093.22085749824
          120.603773687271,23.5649783835585,1093.64696235862
          120.603812474192,23.5650182949799,1096.75745920092
          120.603844538443,23.565047685729,1097.12302033883
          120.603877254887,23.5650740508218,1096.79947904032
          120.603922873386,23.5651102495532,1096.73826167639
          120.603961409663,23.5651390510843,1095.81805319246
          120.60401339181,23.5651777991869,1095.19208528567
          120.604065039357,23.5652156716467,1095.36179425847
          120.604108237012,23.5652473479144,1096.0110847
          120.604153788071,23.5652807499018,1095.0980463326
          120.604203978374,23.5653178937462,1095.37782000098
          120.604239064712,23.5653442178437,1093.15259198751
          120.604277271587,23.5653733194744,1094.68692895863
          120.604323561565,23.5654085778823,1094.00918768905
          120.604339982126,23.5654203785423,1091.76086336188
          120.604385835267,23.5654537863179,1091.04642874096
          120.604420512875,23.565479051802,1089.64824280422
          120.604462886246,23.5655088263654,1088.59148397297
          120.604489297549,23.5655287682227,1085.96637630835
          120.604535415246,23.5655645198931,1087.92149599269
          120.604570455245,23.5655924934508,1088.42396458331
          120.604611923294,23.5656285988713,1088.94898526557
          120.604645603675,23.5656629986043,1087.71361002419
          120.604676506514,23.5657005072429,1088.30510598514
          120.604685560842,23.5657303117364,1089.04172203038
          120.604696941316,23.5657557482374,1087.6038835803
          120.604723493365,23.56581801865,1087.20099995658
          120.604735269809,23.565868393472,1086.96119203698
          120.604753107079,23.565919170591,1085.8335673539
          120.60479568508,23.5659888808381,1087.65977873653
          120.604837789168,23.5660455824057,1088.68252481241
          120.604881289888,23.5660982448214,1090.27073610015
          120.604917236592,23.566139850411,1089.35880303849
          120.604959826859,23.5661858223325,1089.68353110831
          120.605014377276,23.5662372809167,1088.3910693014
          120.605067437829,23.5662749087241,1087.94510973431
          120.605127567773,23.5662978250457,1086.87641899567
          120.605179656357,23.5663091489889,1084.82921524346
          120.605218401471,23.5663166255695,1081.46269712318
          120.605249332644,23.5663247504274,1079.58921511378
          120.605268019732,23.5663003308897,1077.71525353752
          120.605292142798,23.5662489826686,1077.05190205388
          120.605315627387,23.5662447482338,1075.5545513723
          120.605363464017,23.5662790028675,1074.27697928902
          120.605383048603,23.5663263937719,1073.59759940952
          120.60537765824,23.566390986229,1073.68596757296
          120.60538382591,23.5664517721975,1072.11532721482
          120.605424908137,23.5664957154627,1071.1788700372
          120.605475054433,23.566526489132,1070.40311663225
          120.605525508405,23.5665464962686,1070.21904728189
          120.60556997869,23.5665320557351,1069.64911651518
          120.605649383117,23.566512364161,1069.26353867166
          120.605688469062,23.5665178193022,1069.63210199401
          120.605715489286,23.5665155236281,1071.72319500521
          120.60575882594,23.5665233159884,1072.93351509795
          120.605779014115,23.5665295446974,1075.65311023686
          120.605818128719,23.5665469932342,1076.65133391321
          120.605841332278,23.5665583363787,1077.64870475698
          120.605868917984,23.5665745374625,1077.98172664549
          120.605895370694,23.5665918563628,1079.27004719898
          120.605918743715,23.5666071589083,1080.09931841679
          120.605945504936,23.5666246798102,1080.47910441644
          120.605971199541,23.5666408855017,1082.18527622335
          120.606005235637,23.5666596039051,1082.30015269388
          120.606038209254,23.5666777379856,1083.35245591216
          120.606067737029,23.566693977006,1083.84841163643
          120.606094669335,23.5667087886296,1085.1768739894
          120.606118170046,23.5667217129955,1087.79039755557
          120.60614389376,23.5667388687277,1090.53731832188
          120.606160911863,23.566751148511,1093.10516568273
          120.606197693846,23.5667522529327,1094.94732806552
          120.606274725434,23.566710659588,1097.58008296229
          120.606308426074,23.5666893628543,1099.62688386627
          120.606321562756,23.5666811640513,1101.05106698815
          120.606356981671,23.5666629037276,1102.35508205462
          120.606401555175,23.5666507498243,1102.48197134119
          120.606442991078,23.5666388809934,1103.42578851804
          120.606507156561,23.5665980193336,1104.04070637003
          120.606523537556,23.5665656614173,1105.2608068008
          120.606544317996,23.5665408958775,1105.86158227455
          120.606559313815,23.5665048148468,1105.57213696837
          120.606584445148,23.5664720176496,1106.77756346948
          120.606587197018,23.5664355323402,1107.48462927248
          120.606586686583,23.5664014063729,1108.28287545033
          120.606591864493,23.5663547814772,1109.46303038858
          120.606617494864,23.5663131936758,1110.97984789498
          120.606635148692,23.5662882226199,1111.3842966184
          120.606657597821,23.5662824812776,1112.74682742823
          120.606660241088,23.5662871605546,1113.30232583452
          120.606685318751,23.5662656360778,1113.97685631644
          120.606697144087,23.5662297103477,1114.03125697467
          120.606706131211,23.5662162403817,1114.91688766237
          120.60670658386,23.5662184332242,1115.05070902314
          120.606705545907,23.5662286732871,1115.4044491034
          120.606681986058,23.5662624809591,1115.90856587887
          120.606662646938,23.5662888350498,1116.1891962979
          120.60666220861,23.5662885672026,1116.38918006327
          120.606666289625,23.5662910609678,1115.93175128568
          120.606712288085,23.566222439089,1116.08004755061
          120.606720140345,23.5662213223971,1115.90795959812
          120.606718133524,23.5662212643035,1115.62284182757
          120.606721128458,23.5662217592879,1115.15777500719
          120.606720115802,23.5662235854707,1115.5415701801
          120.606714212114,23.5662228898597,1115.40375097003
          120.606718943883,23.5662179517863,1116.07239118218
          120.606718867561,23.566217372904,1116.11359386425
          120.606718393609,23.5662175601839,1116.15590846166
          120.606716682642,23.5662170460681,1116.15071484633
          120.606718692441,23.5662186178445,1115.5859819781
          120.606720938249,23.5662213146838,1115.58119022381
          120.60671622708,23.5662259122503,1116.04838563967
          120.606713654608,23.5662233254002,1116.13136466965
          120.606710625641,23.5662206719604,1116.4196372861
          120.606710170686,23.5662227987078,1116.25836751424
          120.606708428993,23.5662230489184,1116.72092234716
          120.60670749156,23.566223820212,1116.45703854319
          120.606706820098,23.5662232930098,1115.90409332141
          120.606705399727,23.5662239027959,1116.25012242235
          120.606713564375,23.5662183631719,1116.76123889722
          120.606708835865,23.5662165924556,1117.43053038139
          120.606709703218,23.5662149265792,1116.80879169889
          120.60670877595,23.5662127967076,1117.00228401739
          120.606708281324,23.5662135565456,1117.03719067108
          120.606716684256,23.5662137021021,1116.93117013853
          120.606717734681,23.5662134185852,1117.08614667691
          120.60671487666,23.5662187349283,1116.02417317778
          120.606714072823,23.5662216029968,1115.88778595906
          120.606716707234,23.5662176699477,1116.19202847593
          120.606718715863,23.5662195991585,1115.73892399203
          120.60671210488,23.5662195045686,1116.48788428307
          120.606698787745,23.5662261864448,1115.58387960214
          120.606691512657,23.5662360629526,1114.05561396293
          120.606684873026,23.5662371537774,1113.30675154086
          120.60668474638,23.5662376813993,1113.29079552833
          120.606687108067,23.5662467620519,1111.21875878517
          120.606684444979,23.5662595094361,1111.1290454464
          120.606690562263,23.5662835605289,1111.73788044136
          120.606704772054,23.5663035473465,1112.57338747103
          120.606718535665,23.5663203020435,1113.91315736808
          120.606734912657,23.5663412576946,1115.54237389844
          120.606746451202,23.5663641292982,1117.54550110362
          120.606750217648,23.5663894803724,1118.24980657827
          120.606761236778,23.5664169731586,1119.81984487455
          120.60677186052,23.566434645519,1120.79958033748
          120.606786238168,23.5664585623542,1122.75877686217
          120.606800239601,23.5664812472994,1123.98778052535
          120.60684800665,23.5664955877947,1124.77560916729
          120.606866158677,23.5665143241001,1126.41308000311
          120.606889444515,23.5665366660892,1127.52875027433
          120.606910576355,23.5665566650568,1128.19935680926
          120.606932564293,23.5665772891387,1129.24938815273
          120.606955608366,23.5665913704083,1131.28932102025
          120.606977123677,23.5666010003531,1132.69624205027
          120.606998419277,23.5666128173488,1134.0108042052
          120.60702312193,23.5666262675682,1135.49461405817
          120.607047634531,23.5666250103988,1137.89686442632
          120.60706166913,23.5666315555284,1138.7998453239
          120.607079210625,23.5666263970766,1140.10076280218
          120.60709827039,23.5666348008905,1140.27939469181
          120.607118752726,23.5666420347323,1140.51290769503
          120.607138302046,23.5666528327094,1141.45819794573
          120.607155793869,23.5666522345442,1142.80486358237
          120.607170240053,23.5666687396908,1143.64124240726
          120.607201497677,23.566665783544,1144.82199878898
          120.607213356723,23.5666787075462,1145.33045770414
          120.607239218514,23.5666836833042,1146.02822936885
          120.607254655025,23.5666972216111,1146.24122500606
          120.607282989737,23.5667070499935,1147.3716378836
          120.607300735649,23.5667141991452,1147.84224700555
          120.607330467356,23.5667307306679,1148.77557570022
          120.607361630514,23.5667454247715,1149.24398829509
          120.607383890002,23.5667648358405,1149.10030448809
          120.607409948614,23.5667828299593,1149.58060485311
          120.607441171712,23.5667900361996,1150.80653025955
          120.607464315417,23.5668015574374,1152.03545663506
          120.607496199976,23.5668063738284,1152.97090187855
          120.607523232099,23.5668168707967,1154.41767410189
          120.607540285982,23.5668326541559,1154.57647157554
          120.607553120514,23.566845076098,1153.84968466312
          120.607567683311,23.5668494244679,1154.58622705843
          120.607594902688,23.5668535068722,1156.6611017501
          120.607624271563,23.5668626002833,1157.61796059366
          120.607641026312,23.5668852705442,1157.18419664353
          120.607669879528,23.5668993344681,1157.3523110617
          120.607703746547,23.5669186984095,1159.10162012186
          120.607736088082,23.5669355730087,1159.73344288394
          120.607780742934,23.5669485903569,1161.45943412464
          120.607799375473,23.5669850409924,1162.64378995635
          120.607821320126,23.5670170520779,1163.44658240024
          120.607840492713,23.5670286546172,1163.82263660152
          120.607866772941,23.5670447132229,1164.04303467181
          120.607895878867,23.5670624984867,1165.38970820326
          120.607932589567,23.5670854540446,1164.10949380789
          120.607956691405,23.5670997063074,1164.03276736196
          120.607983232061,23.5671154137104,1164.94658627082
          120.607998500235,23.5671245012151,1166.18723686598
          120.608023914176,23.567139627406,1169.38966613449
          120.608045605239,23.5671525377665,1169.98648890667
          120.608051524027,23.567156060584,1171.28167498857
          120.608076492156,23.5671709214346,1174.26192967035
          120.608100691706,23.5671847489875,1176.55554225389
          120.608131997644,23.5672023572188,1177.42736903019
          120.60813100851,23.5672018008742,1178.37430654652
          120.608143201771,23.5672086160167,1177.99591089599
          120.60813990924,23.567206807148,1178.45818308182
          120.608132171908,23.5672024552359,1178.22889209259
          120.608137268147,23.5671817482112,1177.8443777794
          120.608160889406,23.5671482025629,1178.03404023871
          120.60815191491,23.5671582386014,1177.66545129847
          120.608150594244,23.5671570354472,1177.1136424588
          120.608158391064,23.5671465397881,1177.27121082041
          120.608151709918,23.5671370032236,1177.58463079389
          120.608141556606,23.5671583768138,1178.2882959079
          120.608133128555,23.56716589066,1178.22446264233
          120.608141616324,23.567170842968,1177.83065503929
          120.608144398519,23.5671651987413,1178.26093957201
          120.608134961514,23.5671616799218,1178.2042045081
          120.608136509173,23.5671750823594,1178.43317363597
          120.608138973495,23.5671789147673,1178.78119104076
          120.608167488951,23.5672004487725,1180.01449076738
          120.608163006219,23.5671990522236,1179.80692849588
          120.608164675439,23.5671983034995,1179.46436022967
          120.608200203771,23.5671825486808,1178.66146883089
          120.608235447088,23.5672139392564,1179.63845073711
          120.608281579551,23.5672435162024,1178.75762841292
          120.608331319175,23.5672506595431,1179.54241571575
          120.608388392224,23.5672849833332,1179.27908643708
          120.608422905312,23.5673404118117,1176.40455277357
          120.60848219143,23.5673729611366,1174.10588965751
          120.608538313628,23.5673964667315,1174.58109731786
          120.608582939065,23.5674139966285,1175.29887212347
          120.608628238852,23.5674317914241,1175.36779307202
          120.608680598581,23.5674519008986,1176.80713789444
          120.608719419248,23.5674667712538,1177.59551192075
          120.608768178014,23.5674887981833,1176.65983322728
          120.608816214303,23.5675142836145,1177.24038498104
          120.608862832454,23.5675403941328,1177.95861509349
          120.608920950691,23.5675709912136,1179.01702318061
          120.608954341526,23.5675853372756,1177.98725811206
          120.609023157774,23.5676050739785,1179.33190510981
          120.609078098188,23.5676157082315,1180.32903497946
          120.609120282442,23.5676228683556,1179.88862159289
          120.609181956643,23.5676333369314,1176.99738491606
          120.609236108096,23.5676431628906,1176.13311137073
          120.609284509631,23.5676562394531,1176.04309598729
          120.60932771682,23.5676679254879,1175.42942475807
          120.609385760391,23.5676854144686,1175.04366959073
          120.609440887523,23.567703534646,1175.75750497356
          120.609490068051,23.5677205039751,1175.44641593099
          120.609541719095,23.5677390296393,1176.05654175486
          120.609581602473,23.5677555700203,1175.76397745684
          120.609628597406,23.5677751518516,1175.17023622897
          120.609678058523,23.5677953917159,1175.38994894922
          120.60972762648,23.5678129101875,1175.21236138139
          120.609744926339,23.5678183781924,1174.19863725547
          120.609793298694,23.5678303200836,1174.09125765692
          120.609847383735,23.5678404328672,1174.82684086822
          120.609897210304,23.5678489389588,1174.12701686658
          120.609943385726,23.5678579168919,1173.15265531931
          120.60997939567,23.567864918337,1171.8796856124
          120.610027838935,23.5678787895736,1171.74719910789
          120.610071532379,23.5678967834465,1172.19310641661
          120.610106557194,23.5679126136866,1173.46799649112
          120.610137060226,23.5679271552912,1174.4530171752
          120.610175639446,23.5679472110162,1175.23717574868
          120.610208098783,23.5679640852726,1174.39489443786
          120.610244982225,23.5679837258953,1176.60131789558
          120.61028179915,23.5680027622309,1177.86213174369
          120.610329763482,23.5680258066883,1179.09446429741
          120.610379568754,23.5680451910093,1179.51961662155
          120.610417246305,23.5680591797512,1178.45010168757
          120.610448544029,23.5680707998188,1176.92273006868
          120.610481986546,23.5680845989645,1177.52339231409
          120.610513042192,23.568101770907,1177.08281454723
          120.610550971678,23.5681278923235,1175.79164061043
          120.610586419108,23.5681566116465,1175.80358862877
          120.610627480774,23.5681920187906,1175.48041580617
          120.610664969138,23.5682262573044,1174.92761043832
          120.610703364072,23.5682632005046,1174.68788986932
          120.610734448313,23.5682932748692,1172.79444449022
          120.610768074288,23.5683258083929,1171.53108700272
          120.61079519703,23.5683537045466,1171.72195450403
          120.61081801558,23.5683782796105,1170.02970829513
          120.610841570571,23.5684040423158,1168.71973476186
          120.610862384451,23.5684275225005,1166.53939785901
          120.610895955593,23.5684635162389,1165.81182784121
          120.610926439935,23.568495804194,1165.14217472449
          120.610976397904,23.5685386291454,1167.12439948414
          120.611016628819,23.5685670393576,1167.11655255873
          120.611054698156,23.5685893110141,1168.9002835853
          120.611090517566,23.568609374591,1170.44646418747
          120.61111711937,23.5686242752421,1172.06127631012
          120.611138700042,23.5686363634284,1172.31880792603
          120.611169349704,23.5686535664312,1173.13657705858
          120.611195549194,23.5686683779328,1172.33526670281
          120.611227390063,23.5686867534634,1169.9925747076
          120.611260793187,23.568709416069,1169.66194622777
          120.611299838678,23.5687377615509,1170.05370510835
          120.611329358113,23.5687597692919,1170.91925080493
          120.61136506161,23.5687898477803,1171.41501343716
          120.611403565968,23.5688242997264,1170.31826141477
          120.611438483743,23.5688600022346,1168.49817740638
          120.611464914441,23.5688899670407,1166.77007739991
          120.611483407789,23.5689225391817,1164.78531994484
          120.611508630198,23.5689704007566,1164.15419327188
          120.611539905525,23.5690123530229,1163.25469845068
          120.611591399464,23.5690497155641,1162.16155870445
          120.611639290207,23.5690749587116,1161.22884395905
          120.611682978534,23.5690974623866,1161.74038449116
          120.611728093785,23.5691276202319,1163.06188816857
          120.611754181134,23.5691614939474,1163.70840016659
          120.61176042985,23.5691700863527,1164.15099168569
          120.611760983813,23.569170847979,1165.05233833287
          120.611766734301,23.5691787541349,1165.59440529533
          120.611765715046,23.5691773527936,1165.21593507752
          120.61178577145,23.5692049277568,1165.12490837555
          120.611799096625,23.5692253412487,1165.59430456161
          120.61181483116,23.5692495962307,1165.96612184681
          120.6118357078,23.569276341706,1165.79089260008
          120.611868323156,23.569311220001,1168.18223172147
          120.611894756958,23.5693357495481,1168.96535259485
          120.611914988533,23.5693542934888,1169.69619998801
          120.611935586735,23.5693731735105,1170.2511651488
          120.611965142176,23.5694029782088,1172.0307903355
          120.612025525223,23.5694160774924,1172.91533482168
          120.612039860221,23.5694587846876,1172.40457998682
          120.612046110856,23.5694920078148,1172.77148793731
          120.61204790194,23.5695143856956,1172.44152898621
          120.612048462116,23.5695358313789,1172.06733911484
          120.61202961293,23.5695557956194,1171.92005184479
          120.612012765197,23.5695834310494,1171.87998060975
          120.612013423561,23.5696075685737,1171.67420922685
          120.612015912858,23.569639152187,1170.46601380035
          120.612021432345,23.5696649077119,1168.73225866258
          120.612041964309,23.5697204695163,1168.33216362819
          120.612044368771,23.569725464898,1167.95418907516
          120.612048717764,23.5697345002438,1167.3197133271
          120.612057335811,23.5697513218427,1166.64911955968
          120.61207843922,23.5697888350686,1166.12483177893
          120.612087496184,23.5698049346919,1166.34780546278
          120.612112251334,23.5698465008732,1166.7981663933
          120.612127676948,23.5698713056685,1165.48067953717
          120.612146585054,23.5699017103715,1164.42505892739
          120.612169766302,23.5699389864309,1165.49454034213
          120.612190190278,23.5699727582903,1167.34734952543
          120.61220442059,23.5699964729357,1168.42696529441
          120.612207677834,23.5700019011141,1169.61392364185
          120.612208276253,23.570002898343,1170.67980817426
          120.612221022517,23.5700242546496,1171.6837920947
          120.612249013578,23.5700722199693,1173.71367289219
          120.612265479108,23.5701004353422,1171.94185041543
          120.612296205727,23.5700887088707,1173.12486465275
          120.612315512342,23.5701091976347,1174.46194349602
          120.612339886196,23.5701484386872,1173.98216537386
          120.612358278609,23.5701933105054,1173.5931700673
          120.612394853083,23.5702319843765,1174.04288051743
          120.612427001895,23.5702624763551,1173.23694449384
          120.612455499146,23.5703036271529,1172.52511113323
          120.61249021704,23.5703439213116,1173.73598040827
          120.612526848305,23.5703724323151,1173.29215292633
          120.612575324412,23.5704001949792,1173.80150867999
          120.612616609036,23.5704296095409,1174.41984777059
          120.612660953185,23.5704273329003,1173.65791650303
          120.612689299282,23.5704668855162,1172.81650068332
          120.612705250825,23.5704977799807,1171.58125072997
          120.612712660532,23.5705243749423,1169.4779999312
          120.612715077223,23.5705690820051,1168.28265700396
          120.612718356935,23.570592002345,1166.14675801434
          120.612731231121,23.5706176798684,1165.57344794646
          120.612744583184,23.5706444221855,1164.19832234457
          120.612767288473,23.5706826675841,1164.09668064956
          120.612766328009,23.5706813130052,1164.84988126531
          120.612770417098,23.5706870792231,1165.76764503866
          120.612773715387,23.5706914220348,1166.00822873227
          120.612769834268,23.5706862572809,1166.09882529546
          120.612773816653,23.570691543907,1166.29229707457
          120.612778480344,23.5706888941089,1166.87981466018
          120.612791459415,23.5706797272119,1166.87981466018
          120.612787133048,23.5706827828514,1166.87981466018
          120.612792371896,23.5706980173806,1167.59310912527
          120.61279242636,23.5707062508016,1166.69287746865
          120.612796449,23.5707034096798,1166.69287746865
          120.612800471626,23.570700568567,1166.69287746865
          120.612823891187,23.5707428561044,1165.43384476099
          120.612848358536,23.5707644194422,1165.54340689816
          120.612883744051,23.570794449412,1167.36314466596
          120.612909918592,23.5708165207964,1169.25861765631
          120.612934001412,23.5708387273872,1170.99282415491
          120.61294943925,23.5708539255584,1172.80144143011
          120.612964757506,23.5708706305681,1174.35950366128
          120.612983991092,23.5708936243954,1175.40601512883
          120.613011545805,23.5709303663495,1176.06665594317
          120.61303536304,23.5709625981374,1177.37252982054
          120.613044340306,23.570987110396,1178.36624123808
          120.613073612862,23.5710134884809,1178.96832943428
          120.613103195108,23.5710479969257,1180.52676641662
          120.613128273336,23.5710741555396,1181.45060945582
          120.613169356309,23.5711125467656,1182.60526731331
          120.613207983512,23.5711467379811,1182.86015306506
          120.613226742624,23.5711624367793,1181.92753070034
          120.613260535884,23.5711906703515,1177.65790463239
          120.613291042944,23.5712154062539,1174.44716826454
          120.613323342009,23.571240076481,1173.26116791274
          120.613358719806,23.5712658851505,1172.43650272489
          120.613395761198,23.5712919404099,1171.90848769341
          120.613427521171,23.5713125819147,1172.15477985609
          120.613458880455,23.571331656931,1173.10079474282
          120.613480444933,23.5713447542422,1173.32541113254
          120.613496379471,23.5713544321375,1174.67826512642
          120.613515966279,23.5713663283623,1177.39794666506
          120.613532740455,23.571376516255,1178.63397776894
          120.613547836306,23.5713857157482,1180.1236759536
          120.613564260286,23.5713957516187,1180.77239337191
          120.613582206277,23.5714052887523,1181.20725152269
          120.613603125385,23.5714164735123,1182.40310973022
          120.613621472926,23.5714262832862,1183.79232600518
          120.613649093991,23.5714410513316,1187.00997538306
          120.613676530601,23.5714557531216,1188.3819266865
          120.613688365855,23.5714632629266,1189.73691588454
          120.613712037683,23.5714782798279,1191.41032619029
          120.613736196541,23.571494016287,1192.74657631014
          120.613758330022,23.5715114047879,1193.19944554288
          120.6137699464,23.5715212972949,1194.15517607797
          120.613792763081,23.5715415426504,1195.37543533836
          120.613814216418,23.5715641226671,1196.54656508286
          120.613842379837,23.5715938468513,1198.36501822993
          120.613908920779,23.5715657593568,1199.02944247611
          120.613912071636,23.5715663005962,1199.20257860143
          120.61391310461,23.5715726077031,1199.88066303171
          120.613937460228,23.5716008693216,1200.89242035989
          120.613958886356,23.5716139015945,1202.42970121931
          120.613962725735,23.5716333458618,1202.03036866989
          120.613969130621,23.5716437814952,1202.12187959533
          120.613972021778,23.5716482864874,1202.26711603906
          120.613971932609,23.5716433883046,1203.04653538298
          120.613971159378,23.5716456928215,1203.17765017692
          120.613970162975,23.5716450993623,1202.98071947321
          120.61397256958,23.5716452618196,1203.70274324436
          120.613966902555,23.5716437244541,1203.60330326203
          120.613973384757,23.5716501330338,1203.67560671456
          120.613969820533,23.5716524761082,1203.05193946417
          120.613964429471,23.5716549326038,1202.21064335108
          120.613971417719,23.5716617769612,1202.47472619079
          120.61397472138,23.5716662394875,1202.32278636191
          120.613972812131,23.5716701573203,1202.51579792891
          120.613976227086,23.5716725332537,1203.52464006748
          120.613977064035,23.5716735309401,1203.80347041879
          120.613973295827,23.5716685221473,1203.67875969689
          120.613972973923,23.5716675999772,1203.11461305805
          120.613974980432,23.5716688700988,1202.80784170143
          120.613993615998,23.5717114070751,1202.68990297895
          120.614013281585,23.5717483938279,1203.29453083221
          120.614024558157,23.5717804439718,1204.85507525597
          120.614043217059,23.5717895163731,1205.24575330876
          120.614065212099,23.571822745882,1204.50383175444
          120.614093205141,23.5718591812872,1205.02271303348
          120.614109951682,23.5718953879417,1203.67356859148
          120.614143959995,23.5719227846029,1203.68536641635
          120.614171233035,23.5719314408696,1204.56662111729
          120.61419734815,23.5719545223911,1204.81335882191
          120.614226377737,23.5719628862591,1205.65830382239
          120.614249161262,23.5719652491626,1207.50795421749
          120.614269392196,23.5719705470235,1208.38937342912
          120.614290233799,23.5719819043963,1210.17091030814
          120.614300057012,23.571989486284,1211.40882728901
          120.614317090435,23.572004606148,1212.29125412833
          120.614347258229,23.5720387062021,1211.50510630012
          120.614375531071,23.572071294365,1210.64618198853
          120.614407238039,23.5721078408087,1210.43397487234
          120.614460876567,23.5721436283251,1210.42537161149
          120.614515825307,23.5721599336519,1212.75974432286
          120.614558008388,23.5721619649636,1214.19444221538
          120.614595288083,23.5721535351488,1216.31175589748
          120.614617461938,23.572145375027,1217.53445018176
          120.614637726267,23.5721398018664,1218.27109977603
          120.614661587896,23.5721284141912,1218.5922833588
          120.614676715265,23.5721172557049,1218.98063804675
          120.614678176028,23.5721229412321,1218.15309493057
          120.614676106412,23.5721281843903,1217.62604539096
          120.614676370059,23.5721318329805,1217.19829847384
          120.614692545264,23.5721426457378,1216.79128204845
          120.614694635781,23.5721420108265,1216.96581261978
          120.614692788288,23.5721410426506,1216.25312413462
          120.614687829256,23.572141322577,1215.51752039138
          120.614685733781,23.5721409139728,1215.22210046742
          120.614684242281,23.5721347030359,1213.17047076952
          120.614681551673,23.5721352656546,1212.95039080177
          120.614684197471,23.5721406704219,1213.9465836091
          120.614706290288,23.5721530554036,1215.5841572471
          120.614718870722,23.5721600892852,1216.57436698768
          120.614718687181,23.5721581458941,1217.88875923399
          120.614720751763,23.5721558241557,1218.30727057997
          120.614732728934,23.5721667987462,1219.41003174055
          120.614753227076,23.5721765832271,1220.19550730381
          120.614780504016,23.5721919906772,1221.43217440136
          120.614818020337,23.5722089507876,1222.00899126101
          120.614853166287,23.5722316813641,1222.36634070147
          120.614888498249,23.5722604723541,1222.69509909488
          120.614911506576,23.572305131399,1222.66810046136
          120.614920120696,23.5723441781855,1224.29417831637
          120.614924644298,23.5723834420854,1225.51164601557
          120.614923792119,23.5724179471911,1226.59750269819
          120.614917572905,23.5724540711534,1227.50594579801
          120.614927011152,23.5724879964749,1228.36392280553
          120.614932864638,23.5725148048904,1228.85229913611
          120.614935410374,23.5725343079839,1229.4236664325
          120.614937989876,23.5725668758493,1230.55974124465
          120.614939160687,23.5726162453073,1231.46502213087
          120.614947062833,23.5726679265624,1231.32331056148
          120.614958374268,23.5727104870066,1232.24956916552
          120.614975881914,23.5727552911764,1232.83443536237
          120.614997364484,23.572792405443,1234.38891443238
          120.615030565096,23.572827424055,1235.20300893579
          120.615061450666,23.5728521834823,1236.55097130965
          120.615082305838,23.5728682572849,1236.73779383115
          120.615110653268,23.572892841052,1236.91794104036
          120.61512676995,23.5729152065398,1236.6858655056
          120.615135462221,23.5729402694725,1237.04533045832
          120.615143610669,23.572979780651,1237.57610920165
          120.615154856743,23.57302398033,1238.10959954467
          120.615167750883,23.5730645729139,1240.30956982728
          120.615177085884,23.5730939608131,1240.6655036062
          120.615193183103,23.5731362562172,1241.64317855518
          120.615210606064,23.5731639462081,1242.02959600929
          120.615223143291,23.5731751711455,1241.86890360992
          120.615225139024,23.5731764777192,1243.38777681068
          120.615225210771,23.5731765246908,1243.3137339307
          120.615221468663,23.5731740747966,1244.26436254941
          120.615244946422,23.5731874256749,1245.16220092587
          120.615278545418,23.5731982741012,1246.00495852437
          120.615335136818,23.5732071264796,1247.83086627908
          120.615379214864,23.5731668049736,1249.44208673574
          120.615407370032,23.5731650539531,1251.36430622358
          120.615442665163,23.5731683472416,1252.16326443665
          120.615483776981,23.573173794118,1252.84968550596
          120.615529985078,23.5731814369165,1255.43632496521
          120.615556787743,23.5731952780053,1256.13844676316
          120.615610597662,23.5731946769638,1255.32569978386
          120.615662218592,23.5731988849711,1255.44265876245
          120.615689949203,23.5732158683097,1257.06493161339
          120.615709116371,23.5732448409416,1257.85680274665
          120.615732442336,23.5732625840917,1260.60018974356
          120.615748938765,23.5732710217067,1260.97325974796
          120.615779534834,23.5732806422672,1262.41933291405
          120.615806689934,23.5732901817245,1261.3162199147
          120.615847130026,23.5733045957727,1262.63229376357
          120.615879295264,23.5733185617064,1261.80082206335
          120.61592176038,23.5733381467025,1262.32449173182
          120.615963363609,23.5733605418135,1261.47496531252
          120.615972620544,23.5733657629532,1260.62158334628
          120.615941969867,23.5733484752141,1261.49246283434
          120.615952722553,23.5733545399953,1261.54766542744
          120.615950102357,23.573353062141,1263.34024861827
          120.61598353637,23.5733261213616,1263.12928554881
          120.616016632628,23.573296651014,1263.70656600688
          120.616013809581,23.5733008135762,1263.09387146961
          120.615993196541,23.5733121649683,1263.56513580307
          120.615976377744,23.5733427458707,1262.66580787394
          120.615959421992,23.5733583186467,1264.29504153132
          120.615960051849,23.5733586739024,1265.69107868429
          120.615969251286,23.5733638626114,1264.66145285498
          120.616012121649,23.5732895622982,1264.05805787724
          120.616007587858,23.5732869404689,1263.89342155214
          120.61599437449,23.5732918239609,1264.01393645629
          120.615982800265,23.5733001859802,1263.86906785239
          120.615986968566,23.5733152429276,1264.20358205214
          120.615992562317,23.5733238446834,1264.19490380492
          120.615982678852,23.5733091643079,1264.44079021178
          120.615975926328,23.5732927980244,1264.8986430401
          120.61600279275,23.573287364677,1262.75987841096
          120.61600438291,23.5732922265312,1262.94344019424
          120.61602146196,23.5733118261702,1265.35587940738
          120.616024428857,23.5733139063011,1266.02749100514
          120.616026087652,23.5733156534704,1266.13583354093
          120.616029212743,23.5733187753003,1266.02048564889
          120.616029679563,23.5733200184401,1266.17925425339
          120.616032458206,23.5733212784615,1265.93779089395
          120.616029813951,23.5733147695105,1264.56724566128
          120.616019977661,23.5733014607289,1264.04180158488
          120.616006355958,23.5733107858248,1264.81059934851
          120.615986941807,23.5733181976155,1267.65446545091
          120.615973578096,23.5733367640358,1267.88292888924
          120.615969647545,23.5733470716969,1266.95667639934
          120.615969192948,23.5733281275551,1267.11620568018
          120.615961017402,23.5733157129254,1266.69109496567
          120.615975440119,23.5733004458937,1264.29114467558
          120.615992958251,23.5733090347604,1264.08692344371
          120.616030195959,23.5733417177496,1263.22238212544
          120.616078883073,23.5733607222543,1261.36406009831
          120.616122851147,23.5733804688208,1261.75801363587
          120.616172664897,23.5734159374337,1260.1228266377
          120.616202190719,23.5734387340672,1257.4883395033
          120.616228981703,23.5734668553608,1255.17217762209
          120.616259853373,23.5735016482771,1253.31555968802
          120.616304103873,23.5735349426909,1251.20973176882
          120.616324075978,23.5735686463522,1248.98115604557
          120.616373481218,23.5735973948578,1249.31203664746
          120.616410258681,23.5736136348523,1248.89645515662
          120.616426116139,23.5736321072322,1248.76992385928
          120.616464291675,23.5736696916081,1248.9713125024
          120.616482327537,23.573707523976,1249.56630944274
          120.616540611185,23.5737549359258,1252.7405640278
          120.616557058908,23.5737863907725,1253.80968281906
          120.616602001916,23.5738237486805,1254.99520801939
          120.616639005903,23.573836058453,1254.88827363495
          120.616676835411,23.5738529009593,1252.68466923665
          120.616705420811,23.5738709041211,1251.03354755323
          120.616744013928,23.5738993644932,1251.53052894957
          120.61677294751,23.5739224618134,1250.27934529167
          120.616801013426,23.5739448664878,1249.45303832367
          120.616826611445,23.5739653079022,1248.71719324868
          120.616848708223,23.5739830286885,1247.40007015411
          120.616870595737,23.5740021627107,1246.76764084492
          120.616892919967,23.5740215179786,1246.24482042994
          120.616928300064,23.5740537911362,1244.74399352632
          120.616955537143,23.574078755116,1245.7994432915
          120.616969668773,23.5740919877185,1246.48508350458
          120.617000789224,23.5741228233451,1245.39769427665
          120.617032653172,23.5741562464158,1244.48844214436
          120.617064900576,23.5741917137018,1243.37664762605
          120.6170931066,23.5742240671102,1241.36236867867
          120.617117885005,23.5742532664531,1239.17715809494
          120.617152001879,23.5742911496219,1239.13195822202
          120.617169947797,23.5743145886458,1237.93372489326
          120.617207201826,23.574363245022,1236.87147479039
          120.617238936625,23.5744061273037,1236.81666838937
          120.617272202855,23.5744534393581,1234.8948157765
          120.617302051824,23.5745036149834,1233.2319204621
          120.617328006236,23.5745554700054,1232.76689035818
          120.617352022707,23.5746150424868,1232.25373612065
          120.617364698803,23.5746541385397,1230.60701664817
          120.6173744472,23.5746921597322,1229.07906505093
          120.617382260015,23.5747301110333,1228.73065592349
          120.617387271928,23.5747544568102,1229.08506288752
          120.617390143268,23.5747930215714,1229.79604186956
          120.617387473675,23.5748212521296,1229.24763525184
          120.617384230581,23.574844039917,1227.75525947846
          120.617375264311,23.5748756679926,1226.10101589095
          120.617367841956,23.5748964926868,1224.81438491493
          120.617353590366,23.574928422239,1223.69539615139
          120.617335787752,23.5749633562595,1222.78825731575
          120.617325087307,23.5749822445777,1220.67070371751
          120.617311982064,23.5750053778227,1217.70597600192
          120.617301344693,23.5750243022959,1215.32591928635
          120.617289516112,23.5750427327469,1213.17672210932
          120.617279179631,23.5750588382519,1211.4405482281
          120.617269210729,23.5750743710321,1209.80764895957
          120.617258166148,23.5750915798763,1209.10197913181
          120.617247613754,23.5751080218108,1207.16739482339
          120.617228609965,23.5751356050411,1205.14672723785
          120.617207411929,23.5751662816334,1203.3113195207
          120.617189949433,23.5751900714287,1202.25624043867
          120.617168296184,23.5752158083692,1200.65157256275
          120.61714583745,23.5752387450888,1199.07049025316
          120.617132221779,23.5752526505482,1197.70451236051
          120.617131004946,23.5752538932755,1197.87049634103
          120.617127366882,23.5752512642973,1198.74574721698
          120.617129281369,23.5752556535322,1199.11526562739
          120.617110686184,23.5752746920708,1197.28230978549
          120.617106414181,23.5753086200198,1196.16518589016
          120.617115321881,23.575337353571,1195.16042095888
          120.617103701719,23.575354569731,1194.51166685857
          120.617101139281,23.5753624281218,1195.85950031411
          120.617104816824,23.5753540846323,1195.66432300769
          120.61710330516,23.5753590995626,1196.06197415572
          120.617086182574,23.5753833744129,1195.86134289391
          120.617050741884,23.5753927627384,1194.90466762427
          120.617021079678,23.5754119185025,1193.55287749879
          120.617010338951,23.5754432206529,1192.05156077351
          120.616985505644,23.5754948432483,1192.34034531657
          120.61698089038,23.5755155702536,1190.95063294284
          120.61698045788,23.5755474419561,1188.59466200136
          120.616981626882,23.5755694089619,1189.30764468666
          120.616981482985,23.5755667050066,1189.618527852
          120.616980727335,23.5755525054206,1189.86337836459
          120.616986034097,23.5755484335163,1190.37370923348
          120.616987089375,23.5755357001396,1193.58019281272
          120.61699517633,23.5755404677068,1193.38686825428
          120.61698068523,23.575536731435,1191.30826687068
          120.616981553713,23.5755680340273,1189.94274046831
          120.616984352307,23.5756150062588,1189.8802422639
          120.61698663615,23.5756450078554,1189.47915020864
          120.616990822121,23.5756999967539,1188.37566861417
          120.616992814545,23.5757527647955,1186.85395915899
          120.616994379171,23.5758029537614,1186.51582271513
          120.61699559154,23.5758418432994,1184.75754540693
          120.61699804628,23.5758882977981,1183.78063938394
          120.616998121561,23.5759180646192,1181.98718844261
          120.616998121561,23.5759449442748,1180.81654680241
          120.616996241626,23.5759661227209,1179.07807558589
          120.616994373556,23.5759879524154,1177.5599365579
          120.616991154236,23.5760168672423,1176.15835483558
          120.616987396537,23.5760399912097,1174.73703786358
          120.616981456198,23.5760729477097,1173.86962031294
          120.616973148831,23.5761077548873,1171.86080075428
          120.616966197719,23.5761368795205,1171.02816997096
          120.61695620041,23.5761719269955,1169.19744774327
          120.616951345812,23.5761882414029,1167.3759839274
          120.616943926477,23.5762122937454,1166.5427458901
          120.616932112319,23.5762496216594,1166.49223520514
          120.616923135859,23.5762703286513,1165.95057699643
          120.61691619842,23.5762999031367,1164.52255747654
          120.616908502306,23.5763242197308,1163.20976531878
          120.616900707911,23.5763488468943,1162.274035546
          120.616892390767,23.5763742342343,1160.58003067784
          120.616881514259,23.5764066322096,1159.59707583115
          120.616873506903,23.5764297410004,1157.3348306641
          120.616857022669,23.5764735550836,1157.87854545657
          120.616848200099,23.5764970050045,1155.75215811655
          120.616826559611,23.5765469616265,1155.22184931394
          120.616815233268,23.5765732381907,1154.54433085676
          120.616806364047,23.5765938143943,1154.15341863595
          120.616792876881,23.5766203082882,1154.09184459131
          120.616774305726,23.5766569691377,1152.67623836733
          120.61675307476,23.5766971287717,1150.97544969339
          120.616728428892,23.5767378037897,1150.44071911834
          120.616704290335,23.576780339604,1149.44992455561
          120.616676655427,23.5768203582974,1148.96304074116
          120.616662482265,23.5768405479357,1147.71004347876
          120.616640490137,23.5768659301259,1146.77389005572
          120.616609235016,23.5769026218235,1146.40725318342
          120.616607890429,23.5769520920205,1147.28716916405
          120.616595718503,23.5769791030993,1147.98238550685
          120.616599456179,23.5770617395856,1149.38073777873
          120.616603915519,23.5771087754395,1147.89284066018
          120.616592692839,23.5771621421551,1147.77611055039
          120.616594451531,23.5771875496483,1148.43708414305
          120.61659662788,23.5772116926022,1148.37799860258
          120.61659983961,23.577233473929,1148.25259982608
          120.616602826742,23.5772537321432,1148.5502333995
          120.616608999079,23.5772845977393,1148.50765544455
          120.616611762689,23.5772975788622,1149.33921794966
          120.616615758955,23.577315455901,1150.81221902464
          120.616619677087,23.5773312571213,1151.16748141963
          120.616626510408,23.5773539699475,1151.20402290858
          120.6166307888,23.5773674144623,1151.92996937688
          120.616717182526,23.5773607652284,1153.22443920933
          120.616731740738,23.5773816046426,1154.54148680996
          120.616742348534,23.5774013996387,1155.25571126584
          120.616749794012,23.5774165215433,1156.11553698592
          120.616759759584,23.5774261231292,1157.43578547332
          120.61676857359,23.5774519208174,1156.95059185661
          120.616780353627,23.577483913175,1157.82925226074
          120.616788015157,23.5775068560786,1158.08140497375
          120.616784102157,23.5775262756896,1158.43951846939
          120.616797131076,23.5775666801657,1159.50153462868
          120.616808543857,23.5776161870597,1160.13473295048
          120.616809167212,23.5776360767846,1160.9573127022
          120.61681979314,23.5776617359555,1162.23978456482
          120.616823138509,23.5776807512073,1163.2151162196
          120.61682945459,23.5776948270937,1164.34679785185
          120.616832468613,23.5777287585164,1164.41708608344
          120.616829126065,23.577742857495,1164.9717153348
          120.616840320189,23.5777580990443,1167.26806405745
          120.616847156484,23.5777714526979,1168.52340745088
          120.616856280622,23.5777926037985,1169.194844855
          120.616863500629,23.5778064007343,1169.83397437632
          120.616867990077,23.5778188413525,1170.59832591563
          120.616871780108,23.5778400386185,1170.73371550534
          120.616865631102,23.5778422549659,1170.98978928942
          120.616875035141,23.5778522216023,1172.10351610463
          120.616879095847,23.5778671648418,1172.09874243662
          120.616890050736,23.5778800745135,1173.28207599092
          120.616892386678,23.5778876076223,1173.93677236047
          120.616895813351,23.5778888680036,1174.12393124215
          120.616891668296,23.5778860439258,1175.05927669909
          120.6168972315,23.5778857319369,1175.40285292268
          120.616896738455,23.5778869706872,1175.55979759712
          120.616895615237,23.5778864980589,1176.28811417054
          120.616893350571,23.5778913160878,1177.00275771879
          120.616878956526,23.5778890198682,1176.08538064267
          120.616885257071,23.5778865189285,1176.45654036477
          120.616907072036,23.5778917286971,1176.43542496394
          120.616904926482,23.5778943159376,1176.59326093365
          120.616900846018,23.5779013378807,1176.75122055318
          120.616915707458,23.5779328210188,1178.36664885655
          120.616920646311,23.5779544196325,1179.24508531764
          120.616912001549,23.5779878630556,1180.63841965329
          120.616914859416,23.5780115866431,1182.17279503681
          120.616915311274,23.5780391729093,1182.60060859937
          120.616909169495,23.5780591490465,1183.41725857463
          120.616905047787,23.5780747488699,1183.51824584324
          120.616904962944,23.5780971186043,1184.31217978802
          120.616903905029,23.5781163084368,1186.06731538102
          120.616905083543,23.5781356858237,1187.66197540797
          120.616898009697,23.5781584769891,1188.01194385719
          120.616898037125,23.5781890848043,1189.11382935289
          120.616898401165,23.5782239158973,1189.34875673242
          120.616889933845,23.5782508912229,1190.73971388396
          120.61688655057,23.5782807623303,1191.59550654516
          120.616878379959,23.5783077041515,1191.93572100345
          120.616866513485,23.5783404797959,1193.82525910717
          120.61684678829,23.5783824828195,1194.45949167199
          120.61681298375,23.5784192944751,1193.81824724469
          120.616803759577,23.5784677470255,1195.21150406543
          120.616800024745,23.5785105347955,1196.04945921618
          120.616795919639,23.5785575645573,1198.12032516487
          120.6167917375,23.5786032189716,1198.98385546356
          120.616786466098,23.5786605075267,1199.69520554692
          120.616782355608,23.5786959422532,1199.3482351657
          120.61676772914,23.5787362931513,1198.28773839399
          120.616759849824,23.5788027241347,1197.74187004007
          120.616753379554,23.57885717472,1196.19871490076
          120.616748939023,23.578894544141,1196.30030810926
          120.616744922222,23.5789367635337,1196.35004482046
          120.61674030578,23.5789838464825,1196.99063585326
          120.616746516457,23.5790021075472,1198.11280516535
          120.616745236655,23.5790235289217,1199.30614596698
          120.61673946541,23.579079629389,1200.05171274766
          120.616739894328,23.5791044773859,1200.62147074286
          120.616738024608,23.5791498935901,1201.78361028712
          120.616737699591,23.5791711089286,1201.97416768316
          120.616727347087,23.5792191388801,1202.53991243802
          120.616726754998,23.5792701298914,1202.94857090898
          120.616729803834,23.5793069561149,1202.39364397246
          120.616732194912,23.5793376339386,1202.04876220319
          120.61673957321,23.5793950159391,1202.18210098334
          120.616744680298,23.5794140342842,1203.07976298779
          120.616765793818,23.5794519384768,1203.97853822447
          120.61677840083,23.5794851572262,1203.75879584998
          120.616795852276,23.5795251603022,1203.12754071318
          120.616821614707,23.579567312268,1202.86036430392
          120.616855524494,23.5796104888922,1203.48724310566
          120.616880519234,23.5796355052385,1204.05422266573
          120.61690841512,23.5796613374884,1203.88642870355
          120.616947476064,23.5796912596426,1203.40781680401
          120.616986552269,23.5797191695822,1203.2375042662
          120.617015650458,23.5797395965589,1203.2031791294
          120.617033182079,23.5797512035171,1200.82374691591
          120.617068132682,23.5797745131127,1200.57265935373
          120.617091146876,23.5797898931827,1199.30931243114
          120.617120910805,23.579813774131,1197.86120562069
          120.617158829149,23.5798429007083,1198.03497562744
          120.617201164608,23.5798701713692,1197.27531828173
          120.617238403473,23.5798898740494,1197.96574123204
          120.617283081499,23.579907450053,1198.07268977817
          120.617311886346,23.5799194900962,1197.56972690672
          120.617341466034,23.5799343417264,1197.41570846457
          120.617385613436,23.5799497444443,1198.22701354325
          120.617416674432,23.5799606088307,1198.05788844265
          120.617447711057,23.5799740139618,1198.37066908088
          120.617474834814,23.5799856810032,1198.70093322638
          120.617491615864,23.5799926924463,1199.94674945064
          120.617521275494,23.5800050848142,1201.07271660678
          120.6175556757,23.5800194578456,1201.44871096779
          120.617591299874,23.5800350586846,1201.68467050698
          120.617622568117,23.5800482853779,1201.28975067474
          120.617658367243,23.5800655283883,1199.69775973819
          120.617695773652,23.5800833519127,1198.6893113181
          120.617740010999,23.5801042612408,1200.81236802321
          120.617779042198,23.5801254983137,1203.50071492791
          120.617808054298,23.5801438048242,1205.29247540142
          120.617834117445,23.5801599145013,1207.53394201864
          120.617850373122,23.5801718228807,1207.63657044526
          120.617871416805,23.5801873671351,1207.39304007869
          120.617889650385,23.5802011095979,1207.29055703338
          120.61790924089,23.5802203466753,1207.4192176396
          120.617955242508,23.5802697962625,1209.67820328381
          120.617983080729,23.5803048012025,1207.05642327573
          120.618014402551,23.5803519308045,1207.42370299995
          120.618037686668,23.5803908136084,1209.22007507365
          120.618056028906,23.5804252290122,1210.41459365934
          120.618068302453,23.5804503224567,1212.89326823037
          120.618086997769,23.5804903335314,1212.39010566846
          120.618099106848,23.5805304074038,1212.89552190434
          120.618115078316,23.5805583712984,1213.69163135812
          120.618129291686,23.5805827277553,1213.88336829282
          120.618140748991,23.5805995287196,1215.26124506537
          120.618153025445,23.5806175308979,1216.57546884008
          120.618162380869,23.5806303653835,1218.10413394403
          120.618184677458,23.5806506140618,1219.88891656417
          120.61819885531,23.5806744532558,1220.70587183814
          120.61821724221,23.580694133886,1222.08858417813
          120.618224371292,23.5807085889929,1222.32148276828
          120.618238329522,23.58072246007,1222.61898117047
          120.61826676991,23.5807457011093,1223.79642616306
          120.618282307144,23.5807542692679,1225.56034969073
          120.618292506611,23.5807564936181,1227.31660593953
          120.618312506529,23.5807679102418,1228.85825094767
          120.61833206721,23.5807721527852,1229.59131715726
          120.618346780444,23.5807845699533,1229.80158649478
          120.618362703736,23.580799815639,1230.90214937367
          120.618384138556,23.5808148709512,1232.03434952348
          120.618400391075,23.5808285915258,1231.77938514575
          120.618423566664,23.5808437408229,1233.85804620478
          120.618438736615,23.5808683057854,1234.82980532106
          120.618468818068,23.5808897039528,1235.64963349234
          120.618478554027,23.5809274327477,1235.67784100026
          120.618492504585,23.5809353364299,1236.00492397323
          120.61851429539,23.5809731882208,1236.68380381912
          120.618525291097,23.581016302643,1236.98579241335
          120.618531659828,23.5810532152694,1237.69281060714
          120.618534320734,23.5810861732068,1238.22365537006
          120.618535807468,23.5811363428336,1239.73928683158
          120.618550017517,23.581166355316,1239.69438998681
          120.61855535741,23.5812109731422,1240.79393626656
          120.618565311396,23.5812496655946,1241.42756194714
          120.618570847708,23.5812913834542,1242.01357971877
          120.618584109979,23.5813357541689,1242.65305651724
          120.618593982902,23.5813842533504,1242.91413066257
          120.618600818865,23.5814288922211,1243.33609684743
          120.618609383001,23.5814863689503,1244.69280254282
          120.618617804913,23.5815467455379,1245.81586840842
          120.618630137725,23.5816088715768,1247.36671028379
          120.618644039244,23.5816680037208,1248.7920320956
          120.618655332019,23.5817119554202,1250.10345338657
          120.618670484967,23.5817577585935,1249.96299402788
          120.618690020697,23.581798676361,1250.66302396357
          120.618716848924,23.5818386084342,1251.43976760563
          120.618748718217,23.5818698421622,1252.00514055789
          120.618780490885,23.5818963039703,1252.80758901127
          120.618824660547,23.5819326681015,1253.14516544249
          120.618861600768,23.5819723780915,1253.99146182556
          120.618898201511,23.5820171794453,1254.73349185009
          120.618916686952,23.582067013584,1255.9147788845
          120.618920214828,23.5821207517579,1257.54632164165
          120.6189147766,23.5821702862867,1257.79172983579
          120.618916135587,23.5822322746117,1256.67324932758
          120.618919449257,23.5822745550011,1258.21727483254
          120.618925747401,23.5823302023492,1259.95790340658
          120.618923037385,23.5823820344252,1260.07272537239
          120.618929474077,23.5824286066114,1259.75846993364
          120.618942713415,23.5824529586793,1259.1537198415
          120.618952731234,23.5825256117604,1260.80262616742
          120.61896112191,23.5825871311819,1261.80402498785
          120.618961738701,23.5826346385521,1263.73859486636
          120.618961612786,23.5826733053076,1264.67685974203
          120.618959441476,23.5827180795975,1264.71690834686
          120.618952975154,23.5827619447595,1264.58801201079
          120.618937209428,23.582807064086,1264.93665165547
          120.618908054495,23.5828503454394,1265.45710802358
          120.618871854692,23.5828888504126,1264.2959774537
          120.61882180991,23.5829353350724,1264.78578880429
          120.618787278958,23.582967461216,1265.01609594468
          120.618746408086,23.5829964216294,1264.9020632999
          120.618716432478,23.5830289303236,1265.57324824017
          120.618682048098,23.5830676357765,1267.4420233611
          120.618662109214,23.5831118984771,1268.23998385388
          120.618644709936,23.5831501291917,1269.04349695891
          120.618633455071,23.5831896089857,1271.04719377775
          120.618624140789,23.5832405398074,1272.02440592367
          120.618620036019,23.5832751504401,1273.15831448231
          120.61861567507,23.5833119211697,1272.78643702157
          120.618616388476,23.5833493181855,1273.40899679624
          120.618624456461,23.5834001110186,1274.80498399679
          120.618629490962,23.5834486538182,1275.41651185323
          120.618614595186,23.5834875799561,1275.55568162631
          120.618617000677,23.5835062179951,1277.40878472477
          120.618596949165,23.5835354510674,1276.46976713091
          120.618594148828,23.5835278787909,1276.6667554304
          120.618599831182,23.5835252536846,1274.92926297337
          120.618581692694,23.583514643231,1274.4898481071
          120.618563938336,23.583507020191,1274.30752918683
          120.618565759604,23.5835494739342,1276.15344115254
          120.61855567029,23.5836015680365,1276.49809746817
          120.618523374413,23.583640895633,1276.03103543539
          120.618492815534,23.5836862075669,1275.32488156576
          120.618467220393,23.5837350772681,1273.06478589866
          120.618444665683,23.5837883975411,1272.19851675536
          120.61843273643,23.5838341960707,1269.90380295459
          120.618441558855,23.5838984467465,1268.66224201303
          120.618487610559,23.5839485765729,1267.99018193968
          120.618562822902,23.5839692396825,1270.08534338046
          120.618595870296,23.5840148894647,1272.7649821993
          120.618654762365,23.5840482706872,1272.66897050478
          120.618711767712,23.5840742277576,1272.86529481132
          120.618778210883,23.5841030822987,1273.86671147123
          120.618838675886,23.5841238223461,1274.21169509925
          120.618894210725,23.5841428245738,1274.56189067662
          120.618939726118,23.584182915491,1276.35531790368
          120.618967475185,23.5842028450991,1276.30276606325
          120.618990676662,23.5842280418555,1275.63700728398
          120.619030588213,23.5842526922515,1272.73350694496
          120.619081755727,23.5842768940001,1272.49481674843
          120.619120790787,23.5842881495926,1269.93957990035
          120.619157386055,23.5842934261905,1269.04598770104
          120.619212492605,23.5842980502116,1267.93812096026
          120.619261090748,23.5843213017272,1270.84435672779
          120.619296945881,23.5843105404897,1271.87791859359
          120.619302793042,23.5842968220072,1271.94170923345
          120.61933432039,23.5842915997471,1270.76200113259
          120.619381701905,23.5842891840007,1269.76535925455
          120.619436771438,23.5842886989096,1267.92920540459
          120.619456856498,23.5843155249564,1268.33615562879
          120.619510168327,23.5844127991502,1268.35019696318
          120.619527175352,23.5844794551953,1268.43275085092
          120.619522441616,23.5845374651217,1268.18137946445
          120.61946640157,23.5846031196503,1269.09972053301
          120.619443331577,23.5846343237347,1267.02309556864
          120.619504247998,23.584648474616,1264.99560324848
          120.619553003876,23.5846620046601,1263.255291651
          120.619575542373,23.5846862374968,1263.53138002846
          120.619598566405,23.5847036486003,1262.37214416824
          120.619635979233,23.5847528871506,1262.10641851649
          120.619687059724,23.584808200849,1261.03496001754
          120.619729683319,23.5848498257979,1259.94310469273
          120.619771738069,23.5848898517604,1260.41383703798
          120.619816103275,23.5849342317436,1261.45831147861
          120.619864691023,23.5849829167542,1261.07782199234
          120.619908609298,23.5850270492766,1262.22761447635
          120.619946374571,23.5850656155121,1261.47438802198
          120.6199863035,23.5851043460517,1261.06635600701
          120.620035213011,23.5851524212825,1262.40480218641
          120.620072922712,23.5851935125258,1262.0966562368
          120.620112504161,23.58523970381,1262.30003028642
          120.620149128407,23.5852921538662,1262.12352153752
          120.62017764733,23.5853439276692,1264.22615584824
          120.620199270368,23.5853904350944,1265.58629709482
          120.620216529698,23.5854295137992,1266.10855680797
          120.620246129413,23.5854937170295,1266.58052366134
          120.620265481468,23.5855366836248,1266.62276182882
          120.620288460956,23.5855886892114,1267.47115479503
          120.620307428336,23.5856305368811,1267.9498107424
          120.620324521824,23.5856712336841,1266.41152207647
          120.620349095408,23.5857320397518,1267.3128445344
          120.620364829744,23.5857709735121,1265.98142948095
          120.620400169622,23.5858331940094,1267.34026337788
          120.620415045193,23.5858952290345,1268.70631383266
          120.620446067267,23.5859431944107,1265.48334570788
          120.62046679346,23.5860113898798,1264.33066285495
          120.620495978013,23.5860716106149,1265.04778423626
          120.620524660134,23.5861279379275,1264.28668031283
          120.620560199111,23.5861887877334,1265.09383279271
          120.620600476402,23.586251869291,1265.54698696453
          120.620625319263,23.5862874305569,1263.56640439387
          120.620663898568,23.5863380164546,1262.38579680119
          120.620700114379,23.5863838865651,1261.76315385662
          120.620747755651,23.5864387016553,1261.92978328187
          120.620782284964,23.5864773782832,1259.70928759407
          120.620830876689,23.5865300084498,1259.38829158526
          120.620866081875,23.5865674268289,1257.42127626389
          120.620900653731,23.5866023883578,1256.18222512957
          120.620937056131,23.5866392007087,1255.82621149532
          120.620967992032,23.5866699855206,1257.11467703059
          120.621004904669,23.5867052851216,1256.58078272548
          120.621040679765,23.586752505566,1258.16371376626
          120.621071390941,23.5867818746979,1259.58126424439
          120.621114699068,23.586814600388,1260.65852268226
          120.621158401894,23.5868497211097,1261.06706146989
          120.621188262328,23.5868767267956,1261.33502316475
          120.62118890334,23.5868756121693,1261.4571324503
          120.621193811877,23.586881745815,1261.00870041177
          120.621194279092,23.5868799314694,1261.21101656836
          120.621225134434,23.5869098566357,1261.38661350217
          120.62127070809,23.5869501037859,1261.18884659559
          120.621309253056,23.5869838625102,1262.07480463013
          120.621346342949,23.5870161288893,1262.89970949758
          120.621391304632,23.5870555432574,1262.46453850158
          120.621427986751,23.5870865062615,1262.88357825577
          120.621471459345,23.5871227524889,1264.13742491696
          120.621506405095,23.5871505278468,1265.0132675143
          120.621525872559,23.5871721945808,1266.77321514767
          120.621555588475,23.5871987161783,1267.83987987041
          120.621584782639,23.5872201803472,1269.0864653457
          120.621608301491,23.5872367601531,1269.82628810592
          120.621637436965,23.5872568344686,1271.069316159
          120.62167662913,23.5872820835612,1272.20428613946
          120.62171334295,23.5873057360152,1274.08425206318
          120.621744820924,23.5873234857685,1274.31257769652
          120.621781790688,23.5873388474588,1274.91966789775
          120.62183166195,23.5873711095192,1272.8488802975
          120.621878538523,23.5874014343273,1273.99535659607
          120.621920217196,23.5874283965421,1275.97675632779
          120.621960590306,23.5874553376985,1275.88557352778
          120.62199685065,23.5874797905774,1277.15526391938
          120.622016718358,23.5874939082558,1279.14363181125
          120.622036215874,23.5875079968145,1277.28623627499
          120.622081738975,23.5875404168626,1276.60796567611
          120.622116683572,23.5875640417863,1277.61853533797
          120.622134358773,23.5875759914465,1276.54934039246
          120.622156191268,23.5875907841777,1275.20935684536
          120.622192596709,23.587615902309,1274.65998702124
          120.622220877523,23.5876348540615,1272.89443956502
          120.622252873778,23.5876556502003,1273.19063721877
          120.622286969504,23.5876773294533,1272.74014636222
          120.622292569887,23.5876808732915,1272.11740605161
          120.622317459556,23.5876978556188,1271.83485577255
          120.622348358958,23.5877212748705,1269.96987186
          120.622375909358,23.587736454715,1270.54338019155
          120.622390521638,23.5877461043843,1271.39442953002
          120.622432003103,23.5877731265427,1269.9257385917
          120.622478558628,23.5878042791825,1268.86632131692
          120.622525502392,23.5878363205624,1268.20414197631
          120.622556219514,23.5878693026838,1268.73717226088
          120.622604347454,23.5879037131046,1267.96499703266
          120.622643434948,23.5879332365176,1269.20609695837
          120.622676894594,23.5879585090957,1271.22082459182
          120.622689560772,23.587968076053,1273.08279084601
          120.622702357562,23.5879777416809,1273.74544888083
          120.622723846889,23.5879930224867,1273.9610528145
          120.622740859328,23.5880059348985,1274.71029700246
          120.622750865423,23.5880162865137,1275.15988025628
          120.622762583523,23.5880289739965,1274.87780982442
          120.622781016541,23.5880329842524,1275.62602262851
          120.622801087418,23.5880353569694,1277.25900523085
          120.622812040899,23.5880364783641,1278.33879076596
          120.622822804794,23.5880411275206,1279.1969208885
          120.622839586172,23.5880455956866,1279.50206417032
          120.62287626249,23.5880645254081,1279.85464284569
          120.622891036515,23.5880909565059,1280.56662574038
          120.622913091756,23.5881170134968,1281.6736817006
          120.622934044006,23.5881303332483,1282.49276067503
          120.622954910909,23.5881499770082,1282.66432769597
          120.62298294565,23.5881833796,1283.66342633031
          120.623016655915,23.5882117825217,1283.53329261951
          120.623047772225,23.5882531508787,1283.81824008562
          120.623058150815,23.5883035584121,1283.53214483522
          120.623085231892,23.5883658960533,1282.08922183607
          120.623108775501,23.5884102633392,1282.0404583225
          120.623142948141,23.5884552605753,1281.37662747037
          120.623143302327,23.5885032945128,1281.80416601431
          120.623131992901,23.5885455663418,1281.45022270177
          120.623131217485,23.5885969544513,1279.23116464727
          120.623140513277,23.5886544920459,1278.87700276822
          120.623140343367,23.5887030287923,1278.10948003642
          120.623137826309,23.5887337703078,1276.76441498194
          120.623124065805,23.588758421066,1274.56428620033
          120.623111836035,23.588793431223,1274.14589427225
          120.623112924859,23.5888286991752,1274.7897103047
          120.623120810096,23.5888483942797,1274.50368120521
          120.623126096823,23.5888828148296,1275.30138911307
          120.62312232603,23.588899464345,1275.40741699748
          120.623132953244,23.5889183482665,1276.74456971139
          120.623152382842,23.5889506670486,1278.02934042551
          120.623161697502,23.5889722446237,1280.07722888887
          120.623187191133,23.5889996346116,1281.62052152399
          120.623201267158,23.5890244511648,1283.74228089396
          120.623217497665,23.5890557934481,1284.98150531668
          120.623230785391,23.5890841243055,1286.41933271103
          120.623247391154,23.5891232932451,1286.2834315924
          120.62325830313,23.5891624606683,1287.73170471843
          120.623266932587,23.5892007822696,1288.3241840573
          120.623269291343,23.5892358447314,1288.40416605677
          120.623248401127,23.5892646102846,1287.45747799613
          120.623258373893,23.5893042943011,1288.76251047011
          120.623283406873,23.5893392112816,1289.88845884334
          120.623296861807,23.5893747308694,1291.46796181891
          120.623279828561,23.589395618504,1290.63869791105
          120.623266102519,23.5894389513156,1292.09384139348
          120.623268197374,23.5894752181392,1293.26892266888
          120.623265728599,23.5895095861789,1294.58250640612
          120.62326343749,23.5895452302107,1295.5006436035
          120.623249301057,23.5895809880155,1295.82161629386
          120.623248576774,23.5896133016993,1295.61958713364
          120.623235728666,23.5896610053344,1295.98741861712
          120.623246575573,23.5896930876264,1295.96312611643
          120.62325012297,23.5897282555723,1296.3210899774
          120.623223751619,23.5897559995616,1297.14511009026
          120.623205208959,23.5897802313994,1296.73382035736
          120.623189531657,23.589810471305,1297.67678255495
          120.623177704836,23.589836871589,1297.80534967873
          120.623164826796,23.5898547480308,1299.42805047054
          120.623161310837,23.5898914389755,1300.95823101141
          120.623162852155,23.5899220098503,1301.17387233395
          120.623156872511,23.5899470477873,1301.06077975687
          120.62315315341,23.5899641813239,1302.48143544886
          120.623147279409,23.5899922872404,1304.1040678788
          120.623154163281,23.5900040633251,1306.06380845234
          120.623153468967,23.589999648483,1306.25700503588
          120.623146833247,23.5899959253897,1306.34724678658
          120.62314760903,23.5899903758287,1306.60437963996
          120.623147938094,23.5899918924234,1306.68879575655
          120.623143781577,23.5899887923469,1307.62365336996
          120.623148149799,23.5899914093683,1307.01024223492
          120.623154348393,23.5899848017672,1305.6081906138
          120.623162519056,23.5899757619243,1304.36747501418
          120.62316511261,23.5899859913408,1304.30814584158
          120.623163870742,23.5899926338301,1304.34783442225
          120.623156986582,23.5899971481781,1304.96408401895
          120.623153821939,23.5900012742857,1305.70193275064
          120.623151049571,23.5900005210019,1305.08785190154
          120.623152657993,23.5900027559016,1305.3641237719
          120.623154829043,23.5900148172738,1304.72843849007
          120.623153663762,23.5900137716797,1304.65868513379
          120.623168009775,23.5900045176479,1304.78340437356
          120.623177408714,23.589989741778,1304.37279548869
          120.62317856777,23.5899980054525,1306.09339194279
          120.623146293166,23.589998535282,1305.61097219959
          120.623161230855,23.5899935585009,1305.99626972154
          120.623164053617,23.5899968250343,1306.66571513005
          120.623151818945,23.5899882992402,1307.502152564
          120.623151873182,23.5899929234995,1307.1491954308
          120.623143917157,23.5900069337428,1307.82599646226
          120.623159772448,23.5900002092984,1305.81850186177
          120.623164893024,23.5899980235533,1305.31850408204
          120.623177635317,23.5899907574471,1302.79847997893
          120.623171238111,23.589990564477,1303.96255079284
          120.623171761665,23.5899797347483,1304.60025100131
          120.62315698469,23.5899795534809,1304.62844880484
          120.623172509735,23.5899889989504,1305.08489804715
          120.623174216822,23.5899947871334,1305.98711138964
          120.623185718699,23.5899863350182,1305.9682830628
          120.623170771272,23.5899916345603,1306.25629392359
          120.623164521044,23.5899951953518,1306.99324672204
          120.623168191877,23.5899971122327,1306.96141597629
          120.623167749637,23.5899978336693,1305.6727162227
          120.623160365347,23.5900031324091,1306.31259575021
          120.623161663301,23.5900037407155,1306.77453280333
          120.623164324406,23.5900026657449,1306.59393216018
          120.623167903934,23.5899970915241,1306.67578945216
          120.623168725059,23.5899971240403,1306.45130799431
          120.623169668139,23.5899972201216,1306.59225898981
          120.623166933631,23.5899997396317,1306.87791566551
          120.623171722509,23.5900004132714,1306.50989580248
          120.623170736603,23.5900202135869,1307.05059432052
          120.623177343217,23.5900062316244,1306.42990905978
          120.623181538777,23.5899930534395,1305.91884124093
          120.623181474036,23.5899968986217,1306.55394490436
          120.623161999164,23.5900007709763,1305.75277916156
          120.623157678431,23.5900066051743,1307.9464395633
          120.623163558505,23.5900009144612,1307.64406303596
          120.623158614158,23.5900036960109,1307.90859567374
          120.623159627789,23.5899914163439,1307.28714849707
          120.623166713748,23.589984892507,1307.40275798738
          120.623165342072,23.5899804022956,1308.26592473593
          120.623163960826,23.5899797573066,1308.92452580109
          120.62316296454,23.5899765915623,1308.89882545825
          120.623164165989,23.5899691078181,1308.82037483715
          120.623163188857,23.5899637867964,1308.87716541812
          120.623159965093,23.5899600787783,1308.86742250808
          120.623169632829,23.589975142809,1308.09414228052
          120.623171399901,23.589976571617,1308.21878068894
          120.623167374864,23.5899799744534,1307.51562059671
          120.623172235229,23.5899845347958,1306.44361756463
          120.623161264941,23.5899905697614,1306.40599126182
          120.623155644428,23.5899909314151,1306.67868002784
          120.623162101523,23.5899763113977,1305.76387467515
          120.623160881177,23.589924646598,1305.89187178668
          120.623159137479,23.5898782354159,1305.49724347889
          120.623165409103,23.5898368434991,1304.7669615671
          120.623186042432,23.5898224814539,1301.89438887127
          120.623201092078,23.5897912517465,1301.28876970988
          120.623240458198,23.5897372459391,1299.68584990781
          120.623243580733,23.5896876116117,1299.12657963298
          120.623236916793,23.5896447146238,1297.97196639236
          120.623248763439,23.589587394282,1298.32766629197
          120.623256688772,23.5895327672326,1296.60211854428
          120.623263642104,23.5894837003585,1294.44311098848
          120.623267797568,23.5894312546046,1293.7572258627
          120.623270918153,23.5893936690573,1293.53405552357
          120.623272096025,23.5893794823007,1293.23590585403
          120.62327293931,23.5893508724882,1290.73691242095
          120.623273697227,23.5893036351015,1289.70986246597
          120.623272902577,23.5892592288882,1289.15283513628
          120.623268948703,23.5892175822855,1288.30822116602
          120.623262944798,23.5891791214083,1286.50232428778
          120.623249969443,23.5891325477328,1285.16817574762
          120.623231107035,23.5890848698945,1286.22984778974
          120.623217552198,23.5890558987571,1285.92184602749
          120.623196717979,23.58901566636,1285.08745479304
          120.623178224953,23.5889795161424,1284.8315046085
          120.623164581536,23.5889519791923,1283.78569270857
          120.623140760304,23.5889136163778,1282.78919001017
          120.623129459556,23.5888959079168,1283.24399942998
          120.623121932612,23.5888784327142,1282.20780481212
          120.623113124939,23.5888499591173,1280.74032037798
          120.623105939989,23.5888258156445,1280.4141104212
          120.623101465266,23.5888097999708,1279.46353674866
          120.623099842512,23.5887644121865,1279.98023028951
          120.623101659865,23.5887642070632,1279.50352453627
          120.62309429494,23.5887205334766,1279.79308485705
          120.623087660034,23.5886741696955,1280.74107892159
          120.623079277287,23.5886126432924,1280.81956819538
          120.623069729574,23.588557227057,1282.23686060589
          120.623059281471,23.5884950577502,1281.11263645254
          120.623046271918,23.5884373182038,1279.99055864569
          120.623035909344,23.5883975578899,1281.62583463453
          120.623017077283,23.5883443387569,1282.89483367465
          120.623002404194,23.5883059658241,1283.72248911578
          120.622981387047,23.588263494167,1284.27700473834
          120.622962610793,23.5882297912844,1282.87284480594
          120.622928792846,23.5881808182829,1283.21725725383
          120.622910075267,23.5881567305475,1282.88554719742
          120.622887569005,23.5881307237022,1282.52751875017
          120.622872325478,23.5881150331188,1281.9974886924
          120.622855782961,23.5880984058439,1281.57011390757
          120.622837707849,23.5880807381111,1280.62827968225
          120.622824400751,23.5880685428038,1280.08466776367
          120.622808554978,23.5880540209344,1279.69601487275
          120.622794276206,23.5880448051451,1279.4509077426
          120.622777122706,23.5880375517285,1278.51548187528
          120.622765651608,23.5880282615365,1277.78385677282
          120.62275440274,23.5880191513145,1276.51591301151
          120.622739194337,23.5880068344003,1275.14830805268
          120.622725395517,23.5879956590806,1272.90686176717
          120.622709514051,23.5879831470989,1271.76154514961
          120.622691176006,23.5879692961062,1271.54185924772
          120.62267400804,23.5879563288556,1270.23538135365
          120.622631412482,23.5879241557507,1269.82687183656
          120.622581931629,23.5878874023804,1269.93933215085
          120.622551354194,23.5878651808117,1270.79625303019
          120.622528882931,23.5878387002292,1271.19270246103
          120.622490772135,23.5878124518621,1270.0233788956
          120.622450871702,23.58778575248,1269.873181873
          120.622411484309,23.5877597894889,1269.50294763967
          120.622366963662,23.5877416526447,1270.21807226446
          120.622332498674,23.587718892675,1270.02675719187
          120.622307015677,23.5876890346968,1270.21128574479
          120.622283079876,23.5876748681702,1272.50210487191
          120.622259409307,23.5876598898204,1274.55075118691
          120.622236958896,23.5876450180637,1275.95088998973
          120.622210048401,23.5876280096616,1276.01255313773
          120.622191969385,23.5876154625687,1276.24357719161
          120.622163790781,23.5875960076765,1276.87366018631
          120.622141958082,23.587581129107,1277.54905034322
          120.622122938444,23.587568270471,1277.8831895031
          120.622107399817,23.5875577653277,1279.40096414741
          120.62208338572,23.5875415301608,1280.63799455203
          120.622056062138,23.5875223374202,1281.14508581348
          120.622028302993,23.5875022791219,1279.97667481378
          120.621990384302,23.5874754298716,1280.73433531076
          120.621948457868,23.5874471559691,1280.36375182308
          120.621916029319,23.5874256873804,1278.90549893025
          120.621888928493,23.5874081556631,1277.99465886783
          120.621837073599,23.5873815580905,1279.41611621063
          120.621796822704,23.5873596009403,1278.18282670993
          120.62175339616,23.5873315398386,1277.78860657569
          120.621711217616,23.5873043667782,1276.4473141348
          120.621672179215,23.5872792167416,1275.68054844532
          120.621634987768,23.587255256584,1274.43595832214
          120.621599138869,23.5872303008886,1273.18694683723
          120.621571717093,23.5872107414942,1271.82813365106
          120.621533001685,23.5871702642959,1271.22853234876
          120.621511429066,23.5871545044089,1267.78353069723
          120.621481845138,23.5871310890007,1265.35371303279
          120.621437235695,23.5870943132462,1264.24418277852
          120.621403538788,23.5870658699195,1263.09735570196
          120.621351777379,23.5870208721291,1263.41837707721
          120.621296224863,23.586972534963,1263.98311362416
          120.621243224524,23.5869258323248,1263.41351414379
          120.621189546375,23.5868805509639,1262.9440199472
          120.621152407213,23.5868442994067,1262.1854452379
          120.621100910428,23.5868039210684,1261.91152450535
          120.621065873546,23.5867727515686,1261.17086959537
          120.621033235681,23.5867323780106,1259.69585833047
          120.620998439342,23.5866991022354,1257.94209681451
          120.620963671244,23.5866658534394,1257.85551846866
          120.620922678198,23.5866246607008,1258.26582312863
          120.620888000243,23.5865895922152,1257.47974583693
          120.620852145446,23.5865522847608,1258.7910846388
          120.620815228695,23.5865136189355,1261.03752510343
          120.620779018101,23.5864788478615,1262.90035544243
          120.620743542643,23.5864396828909,1262.46863979101
          120.620708414778,23.5863976699229,1262.23248019349
          120.620676591176,23.5863540138904,1261.82718940638
          120.620637291719,23.5863038888128,1262.88098981511
          120.620604280756,23.5862575139467,1262.78384463675
          120.620571795693,23.5862075258684,1264.87211504392
          120.620542547494,23.5861602650865,1265.63859636709
          120.62051637013,23.5861116572858,1265.69499369338
          120.620489042058,23.586057989128,1266.52051612828
          120.620464954916,23.5860073142718,1266.45162759256
          120.620440877471,23.5859539452924,1267.27054429613
          120.620419139556,23.5859053598964,1268.22446411289
          120.620397410805,23.5858515932356,1269.19001224544
          120.620375082825,23.5857963438149,1269.0831689937
          120.620355802069,23.5857486346179,1267.72776903398
          120.620336666966,23.5857012858125,1266.87172698695
          120.620313807817,23.5856446116035,1268.46857673768
          120.620288920044,23.585589701725,1269.00700066704
          120.620263008303,23.5855309501452,1268.91279337369
          120.620241359586,23.5854837597183,1267.82598227914
          120.620214210818,23.585430666469,1266.47075663507
          120.620196924716,23.5853851237008,1264.66874367278
          120.620171615533,23.5853324106528,1264.14708972815
          120.620141213576,23.5852799369043,1264.31828098185
          120.620105314613,23.585230119642,1263.68318496086
          120.620071203832,23.5851916073503,1263.4748576358
          120.620033888465,23.5851510555042,1264.14760635328
          120.619988776446,23.5851067359623,1264.26426302735
          120.619941932945,23.5850610795639,1264.66924036201
          120.619898853856,23.5850171478301,1264.09064135142
          120.61986954287,23.5849877781686,1262.95743741374
          120.619830510348,23.5849486675075,1262.27911649644
          120.619790164968,23.5849079900418,1261.96405708324
          120.619757714076,23.5848769992735,1260.71092143096
          120.619715556057,23.584836029357,1260.29080025852
          120.619681956531,23.5848038742385,1260.23202105425
          120.619642232129,23.5847601881514,1261.48225520644
          120.619607390269,23.5847197914148,1262.24485449027
          120.619576008955,23.5846870930523,1263.47394344397
          120.619570637463,23.5846772473288,1263.8402697891
          120.619563881966,23.5846648647732,1266.36666882131
          120.619555856752,23.5846457554462,1267.58824174013
          120.619530685045,23.5846327941142,1267.04405851942
          120.619466723722,23.5846282007757,1267.40992284846
          120.61943850704,23.5846167724687,1267.9148411341
          120.619441315911,23.5845790708036,1266.9143162258
          120.619461734045,23.5845366361841,1266.14851747639
          120.619503751348,23.5844889550759,1265.84802265465
          120.619525331744,23.5844456661998,1265.59476390481
          120.619523066336,23.5844041423644,1264.81053914037
          120.61951607703,23.5843452012862,1264.6743976837
          120.619505575744,23.5842960115374,1264.44478523638
          120.61950029257,23.5842706442238,1264.57079333905
          120.619474030042,23.5842729883993,1266.08623115532
          120.619399417489,23.5842841839379,1267.39918823633
          120.619374819751,23.5842852578531,1268.11191109475
          120.619343382379,23.5842861873738,1270.52035199013
          120.61931788401,23.5842962207548,1270.29403765965
          120.619309759679,23.5842965444421,1270.75751958415
          120.619274380169,23.5843065547787,1271.838996456
          120.619251811067,23.5843814031314,1272.80628822651
          120.619220896171,23.5844096198279,1273.30415778048
          120.619199352329,23.5843910978211,1274.93600171059
          120.619177205595,23.5843592179977,1274.81392874755
          120.619143018424,23.584324247009,1276.20124392118
          120.619121516375,23.5842883395755,1276.27024927642
          120.61906684779,23.5842712684992,1277.2463072706
          120.619033149274,23.5842544726462,1278.48179677408
          120.618983391223,23.5842635254833,1277.54131595884
          120.618947943651,23.5842068643342,1277.1670771651
          120.618899035327,23.5841639498743,1276.82978442963
          120.618837561293,23.5841382927632,1277.31808806024
          120.618773269331,23.5841220262959,1276.59400933888
          120.618724149859,23.5841013280004,1275.33724393509
          120.618656812162,23.5840785955011,1274.73653953336
          120.61860713793,23.5840437499632,1273.96248108242
          120.618573409508,23.5840160863128,1271.69200435188
          120.618529475322,23.5839786702687,1272.05729368422
          120.618472607737,23.5839469956871,1270.55451617762
          120.618449596963,23.5839105024559,1268.39043889847
          120.618432141383,23.5838674079328,1266.92742822692
          120.618428744314,23.5838196709456,1266.14999843761
          120.618436260002,23.5837868763261,1264.97595214378
          120.618452934518,23.5837418440452,1267.28515535127
          120.618469813575,23.5837093598429,1265.9034850318
          120.618491015722,23.5836712359863,1267.17865820508
          120.618521552009,23.583628050963,1265.87087981682
          120.618561387694,23.5835762990807,1266.56076890696
          120.618587460921,23.5835297335364,1266.71641729772
          120.618599190138,23.5834534938178,1268.00040160306
          120.618599190138,23.5833901607981,1268.85177738499
          120.61860401134,23.5833445603223,1268.33602549694
          120.618610443412,23.5832770525547,1268.29692283552
          120.618619053616,23.583215534158,1267.63942336477
          120.618633913834,23.5831608462772,1266.23328450881
          120.618653058046,23.5831084196408,1264.72040138114
          120.618689512511,23.5830581249779,1263.62365072872
          120.618721184382,23.5830237766964,1262.10539282113
          120.618763463289,23.5829779250071,1262.38703693729
          120.618816923327,23.5829398814555,1261.32181263808
          120.618867888252,23.5828913982944,1262.34849981777
          120.61891163736,23.5828457483407,1262.32944187149
          120.618942883263,23.5827956545854,1261.06975047849
          120.618955478084,23.5827472638736,1260.33763829339
          120.618952474995,23.5827219184636,1262.19275878929
          120.618957904502,23.5826815059854,1261.05105927493
          120.618961738704,23.5826173465164,1260.36620643549
          120.618956631042,23.5825685603885,1258.46389837191
          120.618941568226,23.5825161433405,1257.9836037131
          120.6189357803,23.5824742348307,1258.42519002873
          120.618929583223,23.5824293963474,1257.80984290224
          120.618924734806,23.5823806821983,1257.40719988011
          120.618924490094,23.582319433617,1257.09287482407
          120.618916475675,23.5822512804559,1257.73773641419
          120.618906671599,23.582196904681,1256.23907295428
          120.618913832813,23.5821397114953,1254.3878273312
          120.618913815892,23.5820776330498,1252.45839024708
          120.618892911242,23.5820131339962,1251.49064617883
          120.618849115581,23.5819583927771,1252.60523961298
          120.61880329188,23.5819228682973,1253.35072107054
          120.618764322617,23.5818861630754,1253.66774108168
          120.618727210951,23.5818511865911,1252.94904320408
          120.6186944199,23.5818094638655,1251.56073286198
          120.618674641554,23.5817687632913,1249.47129063215
          120.618661064992,23.5817310012664,1246.82918348443
          120.618648992366,23.58168797625,1245.46554927249
          120.61863910522,23.5816481066794,1244.19893138576
          120.618628136607,23.5815994994484,1243.39166931435
          120.618618371225,23.5815474633846,1241.54264882486
          120.618611080381,23.5814979052592,1241.19045977108
          120.618602042119,23.5814368788477,1242.78021283913
          120.618595483488,23.5813940509807,1241.75330817048
          120.61858494177,23.5813447339433,1241.14962295815
          120.61857353747,23.5813077617699,1239.9921954358
          120.618562889312,23.5812667661621,1238.7365258038
          120.618548099631,23.5812241928831,1237.90323877893
          120.618534403318,23.5811853394849,1236.80315352324
          120.618522356657,23.5811459433126,1236.4750338532
          120.618512413542,23.5811019931821,1236.43276812602
          120.618513234253,23.5810661671448,1235.14607693162
          120.618519272714,23.5810209746775,1233.6799536366
          120.618513731436,23.5809721482715,1234.40918862168
          120.618536948058,23.5809642735978,1234.41142933629
          120.618541757753,23.580948845944,1233.26399627514
          120.618538017449,23.5809258906412,1232.53200877365
          120.618471036442,23.5808920949789,1230.8921858808
          120.618377095574,23.580868745259,1228.98936295789
          120.618351850621,23.5808438408821,1227.06404272188
          120.618330983968,23.5808198954048,1225.36000769679
          120.61831626169,23.580803000855,1223.54438853916
          120.61828893086,23.5807839332624,1222.90433281288
          120.618269814798,23.5807604956899,1222.4545707861
          120.618259930788,23.5807513640217,1222.53002423234
          120.61824909627,23.580738331078,1219.92472158838
          120.618224369897,23.5807066154341,1217.9418364428
          120.618208393723,23.5806891365439,1215.94636403769
          120.618196712419,23.5806746128069,1214.54434670322
          120.618182077881,23.5806557515196,1213.65797945298
          120.618161994557,23.5806298677062,1212.29101831932
          120.61814757279,23.580609535413,1211.14987151977
          120.61813014246,23.5805839131019,1211.32703588717
          120.618119468988,23.5805658160302,1210.71488638874
          120.618099756856,23.5805283847386,1209.66708478145
          120.61809115814,23.5804946471082,1208.64806825761
          120.618065537158,23.580444668416,1208.49925270397
          120.618049903536,23.5804138650207,1208.36313869059
          120.618021365062,23.5803633057625,1209.42820579559
          120.618001890647,23.5803317840814,1206.81734170765
          120.617977979478,23.5802974831455,1206.75267136656
          120.617949623103,23.5802633583486,1206.60481731221
          120.617925705375,23.580236513909,1206.18386659957
          120.617893787217,23.5802051717039,1204.92212701961
          120.617865649538,23.5801829068957,1203.50798590574
          120.617822350792,23.5801526414404,1202.96772351768
          120.617773922448,23.5801228169197,1203.58936649375
          120.617723653884,23.5800966834334,1202.98696749937
          120.61767305743,23.5800724896033,1203.35072774719
          120.617631618227,23.5800529563341,1202.68010195252
          120.617583631264,23.5800372066077,1201.04608521983
          120.617529430871,23.5800184039958,1199.57087958697
          120.617474546162,23.5799953690487,1199.42200893816
          120.617429309524,23.5799760355653,1198.28194743767
          120.61738036337,23.5799548950971,1197.86959456466
          120.617327292272,23.5799318930889,1195.72638256662
          120.617269630687,23.5799052440087,1196.70076658204
          120.617231987951,23.5798867163849,1195.87921255361
          120.617198845669,23.5798688587397,1196.15032653883
          120.617160729659,23.5798472824707,1196.67874231003
          120.617131390553,23.5798271815592,1197.63277052622
          120.617110598284,23.5798036419566,1198.58317733742
          120.617079211193,23.5797819166691,1198.08492684085
          120.617046720799,23.5797602037703,1198.76469784416
          120.617017083208,23.5797406022562,1199.60206608754
          120.616987630012,23.5797199260795,1200.62146861851
          120.616950349336,23.579693399159,1201.04592959117
          120.616913869104,23.5796660027936,1202.15162411891
          120.616877063313,23.5796321115406,1202.20634314977
          120.616840104713,23.5795927318225,1203.04489663057
          120.616812186209,23.579552841386,1203.27008629683
          120.616785322489,23.579503394938,1203.34363844525
          120.616763853363,23.5794600142117,1203.02508531325
          120.616743865412,23.5794127182852,1202.91216804087
          120.616734190271,23.5793598982641,1202.3829282634
          120.616730396824,23.5793145666078,1202.30376157258
          120.616727402681,23.5792761514027,1202.31760866195
          120.616727588941,23.5792257878572,1201.51565214898
          120.616737629799,23.5791771353522,1202.78167547844
          120.616739218343,23.5791209017696,1203.33316029236
          120.616740407877,23.5790712631396,1201.36348537821
          120.616735967454,23.5790309891135,1199.73118784465
          120.61673881046,23.5790000941876,1197.4229736682
          120.616742061729,23.5789659739456,1196.31885632593
          120.616747739718,23.5789079884623,1196.21580838412
          120.616754609095,23.5788468259524,1195.49372195266
          120.616760358982,23.5787984377789,1196.01651374996
          120.616771827383,23.5787373884023,1196.08996107616
          120.61678322107,23.578686319371,1196.37132930197
          120.616788799827,23.5786235709532,1196.16110348143
          120.616785410359,23.5785651550328,1195.33848718647
          120.616790422516,23.5785079702916,1194.16807219945
          120.616800542286,23.5784449988227,1193.36305632535
          120.616813013463,23.5783920841086,1192.71733890288
          120.616820218313,23.5783458669932,1192.09857531451
          120.616827377966,23.5783021214886,1190.64261370059
          120.616833788937,23.5782629503807,1189.38137804624
          120.616839671499,23.5782270472268,1188.77352703176
          120.616841911082,23.5782126785828,1186.90391306486
          120.616845879747,23.5781872164988,1184.84362466913
          120.616848819921,23.5781495171795,1184.68131139781
          120.61684990859,23.5781307690743,1184.16647751629
          120.616850977818,23.5781106824805,1182.6547837751
          120.616851483141,23.5781011892247,1182.54696588125
          120.616851854144,23.5780942195526,1181.60687126499
          120.616851635122,23.578081102276,1179.93127982039
          120.616850903242,23.5780515842669,1178.92513695452
          120.616850078907,23.5780327573275,1177.87510765623
          120.616847647451,23.5780060622879,1177.21441975329
          120.616845389964,23.5779918749349,1175.48604652379
          120.616841454567,23.5779671426452,1175.0247524213
          120.616840806507,23.5779630698601,1175.59611127526
          120.616838580347,23.5779490793878,1175.56386631262
          120.6168419077,23.5779522821237,1175.25877247564
          120.616839675016,23.5779559589021,1174.60903508589
          120.61683865115,23.5779495243668,1174.26127782743
          120.616838327448,23.5779477265397,1174.49990175944
          120.616837813598,23.5779456856862,1175.55401389953
          120.616838161356,23.5779470669099,1175.79794221837
          120.616843919884,23.5779458606466,1175.4717688188
          120.616842223646,23.5779405576459,1175.56723899115
          120.616849851287,23.5779330051131,1176.3301979294
          120.61684836004,23.5779400164542,1178.02486832347
          120.616838231255,23.577947344507,1177.17918382026
          120.616870967837,23.5779408877035,1177.13102870807
          120.616869888623,23.5779288406844,1176.67854174972
          120.616861419738,23.5779100951923,1174.62379290443
          120.616864873538,23.5779066884746,1174.82009033673
          120.616851619409,23.577887555505,1173.35952076223
          120.616840250329,23.5778657364221,1171.04467508197
          120.616819442856,23.5778287810063,1170.29726328887
          120.616797736461,23.5778009215722,1168.60214734264
          120.616788306273,23.5777768907994,1166.81242990494
          120.616778758389,23.5777525986549,1165.47766891867
          120.616763309737,23.5777130178074,1164.8109890651
          120.616749012524,23.5776763870925,1163.14908577316
          120.616733782873,23.5776373673937,1161.69586234819
          120.616710468939,23.5775793471016,1161.5462208204
          120.616696420229,23.5775446123166,1161.41964058485
          120.616684546849,23.5775152560281,1159.58987406641
          120.616662390839,23.5774604767087,1159.78962000366
          120.616653811122,23.5774342469513,1158.05636654608
          120.616642621453,23.5774034802605,1157.96232895926
          120.616632249794,23.5773720049159,1156.47772787977
          120.616627263596,23.5773563362312,1154.63532665744
          120.616617821139,23.5773237716652,1154.28659251519
          120.61661305535,23.5773036498367,1153.05627472699
          120.616604918271,23.5772654286979,1152.41840699222
          120.616592287897,23.5772330387465,1151.03234527726
          120.616586503884,23.5772071354592,1150.34789786674
          120.616583399274,23.5771774251078,1148.2832964398
          120.616582066432,23.5771242600713,1148.59671812598
          120.616583109829,23.5770630646048,1149.83524209168
          120.616593545436,23.577025545394,1149.56410212349
          120.616594327753,23.5769796622968,1149.13000612892
          120.616594400202,23.5769456833476,1148.20311239082
          120.616594400203,23.5769310763332,1147.56052745692
          120.616633540794,23.5769201847416,1145.67433761433
          120.616712010099,23.5769253459019,1145.03576802183
          120.616752094608,23.5769107705139,1144.27020495944
          120.616803123976,23.5768974896593,1143.02557545714
          120.616860043101,23.5768765071952,1142.85048898775
          120.616901535982,23.5768726619333,1143.20509377308
          120.616929277818,23.5768688951012,1141.9324189201
          120.616982085962,23.5768616610655,1142.76245061215
          120.617029094808,23.5768550957574,1142.92031746171
          120.617081135946,23.5768478276417,1141.8358482914
          120.617148617965,23.57683840291,1141.42894568387
          120.617204016885,23.5768156661876,1140.70242976025
          120.617223922728,23.5767107913107,1139.88667464629
          120.617257155097,23.5766821201042,1138.36290235911
          120.617303333985,23.5766382841851,1138.77140122093
          120.617333041386,23.5766094626348,1137.5401697848
          120.61733984464,23.5766026604351,1137.82688625809
          120.617347553327,23.5765949528922,1137.47380767576
          120.617311042816,23.5766617368137,1133.46612868365
          120.617249554712,23.5767371632066,1134.07184157521
          120.617255978399,23.5767425503736,1130.03581428528
          120.617397627799,23.5765973592408,1138.31707172003
          120.617384505207,23.576633026414,1139.59878429677
          120.617391428297,23.5766324687262,1138.76219168026
          120.617393545197,23.5766348213721,1137.78599892464
          120.617397258939,23.5766479902495,1138.53895343468
          120.617389299687,23.576657646612,1139.28073652461
          120.617390122478,23.5766381680621,1139.6043510139
          120.617396966664,23.5766501837866,1139.69523060415
          120.617395004443,23.5766428533829,1139.470078988
          120.617394965716,23.5766238216183,1140.1147600757
          120.617394567692,23.5766184244902,1140.81593407784
          120.617404828341,23.5766204673716,1141.81685428694
          120.617409669701,23.5766270777884,1143.9759722827
          120.617407104703,23.5766316815213,1144.20564590488
          120.617404591603,23.5766354209472,1144.52376808412
          120.617393847265,23.5766314027864,1143.23458150215
          120.617387495841,23.576627947397,1142.72883979883
          120.617383801117,23.5766267162616,1143.16342209093
          120.617376884194,23.5766208391806,1143.17058133427
          120.617368615833,23.5766182199928,1143.18282932881
          120.617363251073,23.5766218604792,1142.38634467497
          120.617353834053,23.5766176372209,1142.95926565211
          120.617358475128,23.5766162771117,1142.88422045205
          120.617371950618,23.576628989304,1144.46941454802
          120.61738445134,23.5766227247627,1144.56130960118
          120.617372937372,23.5766184113378,1144.58781520836
          120.617365834767,23.5766130685542,1144.62563482672
          120.617360018048,23.5766161177974,1143.77951692231
          120.617367782392,23.5766241180915,1144.54066156037
          120.617378359455,23.5766306982338,1144.80237929802
          120.617386897238,23.5766288710385,1143.98830849398
          120.617390640547,23.5766354527804,1143.18031498976
          120.617382547924,23.5766617164066,1141.22862858977
          120.617339173635,23.5766958260008,1140.71413307358
          120.617299570322,23.5766931074101,1140.36470155325
          120.617276051902,23.576669325086,1140.79740977008
          120.617263509495,23.576661873811,1141.1437539272
          120.617197128578,23.5766579347967,1142.63445690647
          120.617143224816,23.5766582370231,1144.37514941022
          120.617150687736,23.5766495795977,1145.59179817047
          120.617178238538,23.5766352471907,1144.66682141647
          120.617220480785,23.5766129012756,1145.90143364482
          120.617262641057,23.5765687001652,1146.37633882742
          120.617320119031,23.5765277321259,1146.74492577463
          120.617367454595,23.5764857421751,1147.09788801055
          120.617414284819,23.5764348324782,1146.34140523896
          120.617463740292,23.5763866654274,1147.84950932302
          120.617502817295,23.5763463129522,1147.23319812305
          120.617535373454,23.5762993323938,1147.04168428481
          120.617566247825,23.5762429005038,1148.21782761998
          120.617604912572,23.5761984689851,1147.00361664779
          120.61760883303,23.5761361619165,1147.21679046471
          120.617627024675,23.5760840590782,1147.29665727913
          120.617663584472,23.5760343716449,1145.67549477424
          120.617731548664,23.5759995493615,1145.78745550662
          120.617778004157,23.5759784191482,1145.10075214691
          120.617830787123,23.5759667868955,1143.42510416824
          120.617886779025,23.5759630815667,1141.41886228509
          120.617947818061,23.5759737934747,1139.60501698498
          120.618008368401,23.5759966970442,1139.55147764366
          120.618061072173,23.5760217781517,1139.696771577
          120.618122023822,23.5760497068651,1140.91593836993
          120.61817593897,23.5760954734976,1141.2201161189
          120.618224960454,23.5761150380821,1141.50441731606
          120.618264465013,23.5761328413083,1140.24353105202
          120.618310503419,23.576158451395,1138.92065970507
          120.618369172948,23.5761826782153,1137.96351549309
          120.618412505253,23.5762074682348,1138.19017216563
          120.618456011653,23.5762262314648,1136.96563766431
          120.618505578152,23.5762454576132,1136.53003829438
          120.618556789639,23.5762627720973,1136.36625861377
          120.618615599941,23.576261210079,1135.59833405633
          120.618668503441,23.5762688101072,1133.59361457825
          120.618741822774,23.576269466164,1132.53656714782
          120.618802359587,23.5762749216801,1132.52950904425
          120.618853268853,23.5762768767623,1131.92807568982
          120.618907977553,23.5762806191958,1132.81967513729
          120.618967138628,23.5762856156038,1132.78560632188
          120.619015882345,23.5762981555884,1132.82113002241
          120.61907532872,23.5763104973482,1132.89888509177
          120.619125507702,23.576306041255,1131.75245400611
          120.619158337946,23.5762718246625,1130.25634148251
          120.619202954196,23.5762335914774,1129.09424432181
          120.619225606963,23.5761920917006,1127.6217554938
          120.619248140803,23.5761391096268,1126.90629057121
          120.619281588314,23.576092993029,1125.98954743333
          120.619301727264,23.5760510863729,1124.61150870472
          120.619327022918,23.5760122261708,1122.78893606924
          120.619342661164,23.5759598765033,1121.84545295499
          120.619369378001,23.5759152478769,1120.81247161143
          120.619384877084,23.5758548290015,1120.24949392397
          120.619399479277,23.5757951917837,1120.10903657787
          120.619405542433,23.5757464434993,1119.86548984796
          120.619420382217,23.5756983285336,1119.92789456621
          120.619433690092,23.5756424645545,1119.23723292816
          120.619469106786,23.5755867325144,1118.40885612741
          120.619495631582,23.5755422939979,1118.75847782101
          120.619534504652,23.5754887940174,1118.03772462532
          120.619568054469,23.5754249983837,1118.59834686946
          120.619585029111,23.5753667642832,1119.24129514862
          120.619635577761,23.5753050676125,1120.21229056921
          120.619661321585,23.5752666213809,1120.31610511988
          120.619676804759,23.5752257048576,1121.40573227964
          120.619720250698,23.5751686283517,1121.86160689406
          120.619759487384,23.5751112017874,1122.10248778854
          120.619780492218,23.5750648904201,1121.95938313473
          120.619828221716,23.5750159794,1122.43628254719
          120.619845338164,23.5749788243737,1121.93247772381
          120.619906761475,23.5749261758599,1120.93717771396
          120.619962401031,23.5749128480241,1122.07317125425
          120.6199921766,23.5748825365641,1121.29995723162
          120.620048496835,23.5748489262627,1120.13755865302
          120.620103070221,23.5748071831257,1118.7738952646
          120.620118146948,23.5747637478305,1116.59305081796
          120.620146909339,23.5747175113356,1115.99872824363
          120.620159907652,23.5746627441184,1115.27319991216
          120.620174836294,23.5746074886628,1114.98665931169
          120.620187434372,23.5745555517914,1114.48452319484
          120.620197276646,23.5745043811586,1114.08396908175
          120.620204471153,23.5744483518187,1114.0638101371
          120.620203770345,23.5744003325913,1113.01346879359
          120.620194538068,23.5743502415171,1112.37297026906
          120.62016762934,23.5743063752616,1111.72649307363
          120.62013253841,23.5742605031327,1110.83131204173
          120.62009075972,23.5742156118971,1109.28835661523
          120.620052789523,23.5741703735115,1109.21790404152
          120.620012814576,23.5741245239585,1110.17881190684
          120.619963842555,23.5740726555214,1109.44686634652
          120.61990861611,23.5740154750639,1110.34184045251
          120.619872779666,23.5739796006921,1110.61653380468
          120.619844334792,23.5739351861844,1110.17913593166
          120.619809025492,23.5739064294293,1109.13096413109
          120.619768419534,23.5738771988804,1109.21491753217
          120.619706630289,23.5738414349771,1108.65587381739
          120.619659227451,23.5738076909911,1109.95783962868
          120.619650823514,23.5737721905013,1110.15722277481
          120.619618798137,23.5737058595053,1111.06872286275
          120.619605233908,23.5736451515619,1110.19651130028
          120.619606978675,23.5735889559887,1110.24240551237
          120.619611315209,23.5735550287294,1108.57790147886
          120.619632648402,23.5735209621587,1107.90548105445
          120.619656390774,23.5734800114295,1107.079680725
          120.619667828139,23.5734350968827,1105.85497818422
          120.619681458537,23.5733897105709,1104.5644072732
          120.619675278381,23.5733423295038,1103.20016372483
          120.619655548396,23.5732948520129,1100.38973894157
          120.619625237378,23.5732621742915,1100.0647473326
          120.619581062669,23.573234958391,1098.98173534684
          120.619530493337,23.5732289442551,1098.33171750885
          120.619472951179,23.5732142141699,1099.09721930977
          120.619404730939,23.5731848826683,1100.39780617785
          120.619352866091,23.5731657906703,1098.39183369186
          120.6192806946,23.5731154220135,1098.52094391827
          120.619209025409,23.5730684590378,1099.08012948651
          120.619176730822,23.5730510485513,1096.60060969554
          120.619143332546,23.5730114328553,1094.81898442097
          120.619116949628,23.5729635987143,1094.70707766619
          120.619096560458,23.5729235957188,1094.61450602487
          120.619074248208,23.5728827648031,1094.54590395093
          120.619048387909,23.5728454723583,1094.32572850771
          120.619016950947,23.5727920453354,1094.43619415909
          120.61899039089,23.572739329025,1095.03742931131
          120.618989495512,23.5727095959597,1094.82767473068
          120.618959736785,23.5726551357934,1095.85891042557
          120.618948044007,23.5726119821086,1097.01090690773
          120.618961450979,23.5725368679814,1098.99773483537
          120.61897841006,23.5724936968625,1097.37760730926
          120.618993355878,23.5724480933835,1096.62984466739
          120.619028275938,23.5724195173229,1095.37038376648
          120.619074856187,23.5723742037732,1095.03775134124
          120.619117247765,23.5723407852161,1094.63719528913
          120.619152011195,23.572286797961,1095.04262273386
          120.619204455699,23.5722315045992,1095.55089930352
          120.619223903737,23.5721791694285,1094.70029027853
          120.619222874235,23.5721160505291,1095.49537724536
          120.619195888756,23.5720694258347,1093.5093461806
          120.619138697553,23.5720295864599,1094.41449817829
          120.619109393472,23.5719885699681,1093.76499264594
          120.619073589657,23.5719417616611,1096.30695708003
          120.619025579338,23.5718974333116,1096.72476191912
          120.618971625391,23.5718736059089,1096.75021157786
          120.618895510768,23.571860276625,1096.49422006588
          120.61885701492,23.571825520769,1097.78990713786
          120.618812512444,23.5718064421361,1098.87305628415
          120.618749580667,23.5717774567179,1098.9721276667
          120.618692219621,23.571748066441,1098.69405358657
          120.618667641661,23.5717183139994,1096.91683632508
          120.6186398825,23.5716657265075,1097.87005511858
          120.618623462248,23.5716149335518,1098.05086627975
          120.618595634521,23.5715819241719,1098.62569158617
          120.618554662429,23.571556950807,1098.32910625171
          120.618508013094,23.5715347773252,1099.39505399577
          120.618451032841,23.571510741041,1099.97756159864
          120.618412918408,23.5714742671387,1100.29431292787
          120.618386518302,23.5714189621394,1100.64464556146
          120.618354690308,23.5713952585507,1099.89337589033
          120.618348461303,23.5713745691299,1100.04445676506
          120.618306122803,23.5713347337395,1099.19023408834
          120.618272460895,23.5712893727256,1098.50739838462
          120.618219325229,23.5712516692001,1098.71476898901
          120.618159615303,23.5712152750956,1098.82501381449
          120.61811671495,23.5711801144098,1097.79694760032
          120.618062841443,23.5711519756864,1098.84778497368
          120.618008306313,23.571100070221,1100.67660729121
          120.617960082265,23.5710540625504,1099.4964039661
          120.617932342939,23.5709961304523,1099.05394141935
          120.617922856275,23.5709456293625,1099.42468099203
          120.617891881017,23.5708976385131,1098.66393285897
          120.617884481886,23.5708443518114,1098.31013803743
          120.61787141686,23.5707887515938,1098.09017815441
          120.617844805897,23.5707328639542,1098.07401765883
          120.61780949427,23.5706678244118,1099.14763743337
          120.617767592141,23.5706252054694,1099.59850164969
          120.61771969203,23.5705998920755,1098.5170285888
          120.617666794069,23.5705968688917,1099.39082073234
          120.61759095265,23.5705901987167,1100.54149864148
          120.617530845231,23.5705677581587,1101.33056672942
          120.617469015467,23.5705566617382,1101.10365954228
          120.617395594236,23.5705309585479,1102.87813554704
          120.617320582418,23.5705193753819,1102.68799780495
          120.61726639365,23.5705022862265,1102.224128915
          120.617208825069,23.5704903420731,1102.03650638275
          120.617144165281,23.5704846422579,1101.53463404998
          120.617080908979,23.5704650212096,1100.5318758497
          120.617027912516,23.5704417679564,1099.84423906077
          120.616976349126,23.5704142795919,1099.55188452918
          120.616910138214,23.5703907754664,1100.58978070132
          120.616861996325,23.5703974771089,1099.72460108157
          120.616794415235,23.5703867326936,1099.42625866737
          120.616717491601,23.5703840932214,1100.41346887872
          120.616654217223,23.5703866563917,1100.06136991177
          120.616595906175,23.5703850612701,1099.5983030973
          120.616550110616,23.5703643605701,1098.50885057636
          120.616518685975,23.5703339743578,1097.5910374457
          120.616480161455,23.5702954115604,1096.84483772516
          120.616432465679,23.5702708355286,1095.78571655508
          120.616378997583,23.5702497591218,1096.95359540079
          120.616294768073,23.5702299944654,1098.37166231591
          120.616217884157,23.5702176222089,1098.86540740263
          120.616154845249,23.570181121056,1099.37744411733
          120.616128352523,23.5701426355018,1097.25916017219
          120.616088947808,23.5700889702885,1097.30409733858
          120.616054209342,23.5700431517229,1096.49963361397
          120.616010853398,23.5700126405156,1094.99794147722
          120.615961938474,23.5699793253405,1095.74251858052
          120.615912620515,23.5699506170395,1095.2477975674
          120.615842271718,23.5699374568296,1096.90814828128
          120.615791558317,23.5699464966828,1097.56320192758
          120.615737602573,23.5699492625044,1097.66521473229
          120.615690364658,23.56997342996,1097.35353513248
          120.615651710813,23.5700091691694,1099.0965617802
          120.615619848855,23.5700409330282,1098.23806829285
          120.615582948909,23.5700815043675,1097.5618792139
          120.615547682491,23.5701195716729,1097.5627533067
          120.615482920332,23.5701378531945,1099.61458896101
          120.615380038153,23.5701309900788,1099.52276890073
          120.615345660712,23.5701065408382,1099.77350055799
          120.615334093093,23.570099137661,1099.42467018869
          120.615312204802,23.5700707387524,1097.67147881445
          120.615276527231,23.5700415619196,1096.29027056135
          120.615237455902,23.5699967394358,1094.37696766481
          120.615204825416,23.5699561708829,1093.72052651644
          120.615156588984,23.5699045205137,1093.5768960258
          120.615091527081,23.5698462045932,1094.38173945807
          120.61507123698,23.569796927903,1094.81118392758
          120.615034272031,23.5697461941396,1095.4740158068
          120.614987871709,23.5696976922378,1093.77488919627
          120.614943284419,23.5696475762483,1093.21985704452
          120.614903707177,23.5695950454884,1092.62860793248
          120.614854899932,23.5695262613725,1091.83474663924
          120.614829208609,23.5694853560399,1090.52183409501
          120.614791779706,23.5694376391726,1090.31696732808
          120.614766077129,23.5693841732958,1090.33362380974
          120.614735756412,23.569343214093,1089.79463951569
          120.614683179857,23.5692876253511,1089.67902415153
          120.614628628821,23.569255534583,1089.55831174925
          120.614576289497,23.5692368288711,1088.64324872568
          120.614504318557,23.5691853769849,1088.39231728856
          120.614484561046,23.5691242432245,1089.2214712901
          120.614461979569,23.5690739482352,1088.94016693346
          120.614453266765,23.5690412397613,1086.78210521396
          120.614435261979,23.5689722653513,1087.10286355019
          120.614415042407,23.5689199952199,1085.52365573309
          120.614383752953,23.5688725692082,1085.61457331572
          120.614352652711,23.568829635505,1084.53481949307
          120.614323791891,23.5687720942084,1084.66257760301
          120.614299046323,23.5687180353258,1085.86963234656
          120.614270347751,23.5686749673939,1085.99220422935
          120.614268200069,23.5686616929974,1085.15772939194
          120.614237974802,23.5686230432974,1084.90909689572
          120.614212262661,23.5685804615809,1085.27030155063
          120.614166789712,23.568537091829,1085.95417729858
          120.614113198454,23.5685213446924,1084.74391131476
          120.614051792279,23.5685001910814,1084.16701114364
          120.613982141775,23.5684621124825,1085.62924431358
          120.613946764176,23.5684121538658,1084.30931807775
          120.613919100673,23.5683541370025,1083.91920959111
          120.613904591673,23.568299707092,1083.85662201699
          120.613905349077,23.5682497574231,1083.29725765157
          120.613906968894,23.5682025708013,1081.94069220778
          120.613911861437,23.5681564115116,1080.9185692817
          120.613897547798,23.5680879638944,1080.66636325885
          120.613875258877,23.568032180757,1079.55121992808
          120.613841912849,23.5679828729822,1079.04264337663
          120.6138161768,23.567930844876,1079.16637375206
          120.613789486163,23.5678852991823,1079.50301096588
          120.61375408581,23.5678245301707,1079.35347903334
          120.613750841217,23.5677644839511,1079.5237196926
          120.613744990673,23.567706132141,1079.2070785882
          120.613730605956,23.5676510822113,1078.47685101815
          120.613706175126,23.5676008879121,1078.01204305608
          120.613679334508,23.5675487819196,1078.59068804514
          120.613670005938,23.5674890642067,1078.96670034062
          120.613665713127,23.5674293014389,1079.84205844533
          120.613670555225,23.5673696256364,1080.57575225551
          120.613676015141,23.5673172700009,1080.634483492
          120.613670755002,23.5672612222814,1081.032618233
          120.613643084171,23.5672181796273,1080.66334331781
          120.613606019107,23.5671852389832,1080.96358746942
          120.613573094249,23.5671608367539,1080.95745460968
          120.613540992466,23.5671424255295,1081.96400792617
          120.6134968862,23.5671136150928,1082.805643267
          120.613440469397,23.5670803916537,1082.80483038072
          120.613378156487,23.5670416264971,1082.40693309251
          120.61332711884,23.5669915381008,1082.97933961544
          120.613294946715,23.5669526315606,1083.03363003675
          120.613268457878,23.5669006110406,1084.49373656698
          120.61321421812,23.5668416718986,1081.8387026405
          120.613170612046,23.5667884241001,1081.5523875365
          120.613143606885,23.5667481576655,1079.25134216715
          120.613075780574,23.5666958455173,1080.52121033054
          120.613018882624,23.5666688693182,1081.61141237058
          120.61293815164,23.5666363447595,1081.84181899112
          120.612877848501,23.5666521378573,1082.78968525492
          120.612829423968,23.5666527923798,1083.64990095142
          120.612757888841,23.5666460158957,1084.10513347667
          120.612686053891,23.5666400382341,1083.03963227849
          120.612629147908,23.5665936345397,1083.17270122655
          120.612567238721,23.5665898893243,1080.15499221627
          120.612515951232,23.5665372928635,1078.25891271792
          120.612472328199,23.5665017699571,1077.71451767534
          120.612445165475,23.5664751402973,1077.06836063787
          120.612412874888,23.5664388670582,1076.56064264383
          120.61237156811,23.5664078082374,1077.57499089185
          120.612333118852,23.5663795496337,1076.47914348077
          120.612284270767,23.5663694689541,1076.18375514541
          120.612212107402,23.5663741414843,1076.22680873051
          120.612183352909,23.5664116189079,1077.28773674369
          120.612176410211,23.5664203632505,1077.20190234762
          120.612154739049,23.5664623129647,1077.27416126989
          120.612124712629,23.5665162061279,1077.12656847294
          120.612113117439,23.566563235959,1076.60732669476
          120.612096921951,23.5666161027826,1077.23262289166
          120.612079745071,23.5666596072974,1077.11943254992
          120.612056779351,23.5667200517682,1077.77937719598
          120.612031513602,23.5667616363181,1080.02971705329
          120.611986584613,23.566811375542,1080.82355387788
          120.611942330829,23.5668354269076,1080.07948376145
          120.611874915071,23.566846131901,1078.73676403426
          120.611802749455,23.5668327068909,1074.85326695442
          120.611760618006,23.5668109289156,1073.41645582952
          120.611698638702,23.5667868205374,1072.50396368746
          120.611638601916,23.5667462027736,1071.69750214741
          120.611588465462,23.5667109457751,1071.99715031404
          120.61152829279,23.5666755568569,1071.16007813439
          120.61148307075,23.5666518356488,1070.22421971057
          120.611441054609,23.5666278547106,1070.12335683126
          120.611383638055,23.5665940057874,1069.98755679186
          120.611326279829,23.5665565088222,1070.36674562935
          120.611257822038,23.5665250288674,1070.12656898983
          120.611198985976,23.5664956691285,1068.54127608798
          120.611128383435,23.5664644289546,1068.2960909754
          120.611056707713,23.566436821978,1068.05920224916
          120.610997801434,23.5664140895812,1067.21143495664
          120.610933729771,23.566392784724,1067.00563456118
          120.610871728264,23.5663591578393,1067.06101893168
          120.610836347141,23.5663372760788,1066.82429357059
          120.610837214829,23.5663284958699,1067.11521073058
          120.610809741109,23.5663143049475,1066.24588331487
          120.610773301974,23.5663125189177,1066.75479213521
          120.610753498019,23.5663107147495,1067.0488978317
          120.610755182703,23.5663192380531,1072.26612120029
          120.610698582393,23.5662598989186,1069.63683928363
          120.610636303091,23.5662430304892,1069.95036159642
          120.610594356576,23.5662130499488,1068.98326465022
          120.610532969284,23.5661959145305,1069.22703284398
          120.610469296799,23.5661897260733,1069.10262713674
          120.610423157932,23.5661748871712,1068.21817469876
          120.610359400802,23.5661339960793,1068.53021577559
          120.610306670628,23.5661001025445,1069.18614738528
          120.610274124974,23.5660666291043,1066.63350397535
          120.610235337365,23.5660272153853,1064.6146199042
          120.610171485741,23.5659879568418,1064.23476475663
          120.610109007819,23.5659392482519,1065.20929132029
          120.610039331288,23.5659098739738,1064.51110287476
          120.609988078391,23.5658665591213,1064.118190757
          120.609960654947,23.5658244179754,1063.46795117669
          120.609925319924,23.5657704071562,1061.98697377183
          120.609863464544,23.5657260521154,1062.4930934133
          120.609808121173,23.5656971497367,1060.67581394687
          120.609741107715,23.5656907563599,1060.60018685646
          120.609683359068,23.5656577205911,1061.00780605059
          120.60962486475,23.5656285791854,1060.9212212842
          120.609582695592,23.5656096273085,1059.96112714894
          120.609514686426,23.5655966159616,1059.76963609364
          120.609438973199,23.5655872406801,1059.17600063328
          120.609384048994,23.56554398051,1058.3873338541
          120.609336618204,23.5654865941947,1055.95665373653
          120.60932385074,23.565433553959,1053.39228146244
          120.609327699907,23.5653832667966,1051.47867556848
          120.609317873151,23.5653336195702,1050.25488897413
          120.609284792504,23.5652763419831,1051.40954563394
          120.609217739954,23.5652475295305,1052.44118974544
          120.609158377531,23.565219098455,1051.88037884701
          120.609097037366,23.5651894713906,1050.230266992
          120.609043904276,23.5651796930412,1047.98326634243
          120.60896647394,23.5651736084729,1047.77814439684
          120.608912141422,23.5651776649421,1048.24843797926
          120.608855434418,23.5651906100753,1047.18539108522
          120.608780610444,23.5651986652545,1046.99899050966
          120.608708045271,23.5652314811786,1047.04191897344
          120.608635398687,23.5652109579486,1047.84755302221
          120.608546987197,23.5651887001876,1048.9005623851
          120.60849454114,23.5651558817299,1047.59236443043
          120.608450885011,23.5651017380804,1046.47334870975
          120.60840350445,23.5650415370062,1044.38922326826
          120.608376606691,23.564973399267,1044.18137630448
          120.608353713153,23.5649276376336,1042.23734894861
          120.608339758336,23.5648802523336,1041.80640749354
          120.608301399662,23.5648660223597,1041.72865290567
          120.608264491968,23.5648573409566,1040.28639678657
          120.608200792417,23.5648268961737,1038.97591093369
          120.608127366167,23.5648116958506,1039.37015909329
          120.608062661642,23.5647998886218,1039.88154089171
          120.607975002461,23.5647873484509,1038.36844985094
          120.607918211309,23.5647794187606,1037.26479579415
          120.607835032556,23.5647845780008,1037.85855906736
          120.607789311677,23.564802652115,1038.4500856651
          120.607752872814,23.5648263965546,1038.62047014572
          120.607744925675,23.5648317193911,1037.37456465326
          120.607723144551,23.564825417888,1037.76635686215
          120.607677352466,23.5648393727355,1036.18848657608
          120.607618846358,23.564843263339,1036.24235461466
          120.60755348244,23.5648435296705,1035.72771763336
          120.607471930529,23.5648389624127,1036.54934634455
          120.607429852998,23.5648318888735,1035.5073000351
          120.607367916449,23.5648457283481,1035.29570832383
          120.607293698555,23.5648402714852,1034.82457050961
          120.607223315545,23.5648146489594,1035.08488018904
          120.607170576729,23.5647927523302,1034.35874971561
          120.607115548813,23.5647698166696,1032.0913373474
          120.607055530402,23.5647399296405,1032.51932259463
          120.607001867793,23.5647112397734,1034.7579487022
          120.606944188841,23.5646840268967,1034.54118355457
          120.606890720665,23.564664025127,1035.0397427408
          120.606809635661,23.564663618855,1037.75636650436
          120.606729763661,23.5646777146135,1039.00159285776
          120.606649721377,23.5646923088117,1041.65903546568
          120.60658276559,23.5647005634295,1040.25956732407
          120.606513417832,23.5647076634089,1040.29159799591
          120.60644135211,23.5647107705099,1040.45304831397
          120.606373210579,23.5647120184189,1039.0280609373
          120.606305209191,23.5647080401409,1039.26828134526
          120.606237811342,23.5647035382762,1036.63939179201
          120.606173066229,23.5646848849439,1036.36644828785
          120.606095005856,23.5646826142826,1036.54209238198
          120.606020474719,23.564680708978,1038.19870416541
          120.605959317261,23.5646465073716,1038.33561836649
          120.6059023621,23.564611627636,1035.2971012434
          120.605873491137,23.5645638748361,1031.64074107632
          120.605838475243,23.5645172572835,1030.10540662799
          120.605805496598,23.5644749507681,1029.30546780862
          120.605772331531,23.5644306513413,1027.22074897774
          120.605727938002,23.5643829245966,1025.93997607287
          120.605673432638,23.5643471813659,1025.12300451286
          120.605619693528,23.5643016120184,1024.06815952156
          120.605572755947,23.5642438475709,1023.45827522408
          120.605547723733,23.5641854172633,1021.93557085097
          120.605520638002,23.5641328820103,1020.66127999872
          120.605497154781,23.5640781654604,1018.74959110003
          120.605471104279,23.5640275452306,1017.37539749872
          120.605413860679,23.5639813577924,1017.80848383531
          120.605361569476,23.5639578213207,1017.19881728571
          120.605293704896,23.563957726453,1017.21638316382
          120.605221004377,23.5639670122525,1019.32638325263
          120.605158625438,23.5639227614856,1020.01081839111
          120.605117693348,23.5638708766916,1019.24470639136
          120.605098270911,23.5638144668463,1016.60426063929
          120.605069522981,23.5637624269409,1014.69219211768
          120.605014758849,23.5637213416192,1013.158123306
          120.604983271554,23.5637038315519,1011.36284407414
          120.604931123587,23.5636988823219,1011.44610978849
          120.604857521345,23.5636619576405,1013.37400392629
          120.604822322203,23.5636162168695,1014.20308759063
          120.604828284704,23.5635696730133,1014.45973864291
          120.604848711218,23.5635056726827,1014.87881696038
          120.604875633672,23.563449971095,1014.75534108281
          120.60489039212,23.5633890311013,1013.74701257609
          120.604909259722,23.56333687186,1012.59958941303
          120.604912870331,23.5632908503357,1009.02445141599
          120.604932005579,23.5632269943492,1006.3956708787
          120.604907057337,23.5631656653163,1005.33909922466
          120.604865509861,23.5631414555737,1004.01069971919
          120.604815663885,23.5631604196963,1003.66002083011
          120.604741644641,23.5632017196544,1004.08160375897
          120.60469681088,23.563226857965,1005.47348317783
          120.604615782159,23.5632330918837,1007.92344697937
          120.604548358801,23.5632070087586,1008.78317943588
          120.604523386171,23.5631517614001,1008.18442519661
          120.604505000569,23.5631089896792,1007.19419665355
          120.604484512888,23.5630535648426,1006.02707601059
          120.604456854706,23.5630038897105,1004.34001514409
          120.604441195871,23.562965233876,1002.55314064398
          120.60441913751,23.562932983468,1001.09304097854
          120.604398923331,23.56288591832,1000.62038563378
          120.604370455315,23.5628388644493,1001.00761770178
          120.604345224969,23.5628041535533,998.596427523531
          120.604323386466,23.5627574986182,999.300239360891
          120.604333551958,23.5626928101711,1000.44622565061
          120.604346848029,23.5626377210119,999.607872571796
          120.604350598878,23.5625829617332,997.15320399683
          120.604369754304,23.5625322210446,998.126838638447
          120.604331168768,23.5624699939369,994.371258649044
          120.604312028804,23.5624238797389,992.180406326428
          120.604302829663,23.5623641637326,991.251786055975
          120.604334740196,23.5622971355477,990.52850784827
          120.604387740105,23.5622549339025,989.924894405529
          120.604456858566,23.562270640996,990.0634588385
          120.604500499876,23.5623159355246,989.784524396993
          120.604507255103,23.5623687876636,989.251180134714
          120.604504098431,23.5624326586937,988.987918274477
          120.604493714998,23.562486824821,989.422506203875
          120.604475888533,23.5625285602899,990.321211298928
          120.604478383933,23.5625824788766,991.236436210573
          120.604499108145,23.5626372880836,990.739538663998
          120.604528336302,23.5626805442025,991.490773692727
          120.604551944721,23.562698105472,989.227618283592
          120.604627490555,23.562709054488,989.670733626932
          120.60467456503,23.5626969207365,987.058402044699
          120.604718796239,23.5626679296646,986.355507520027
          120.604764295286,23.5626423838655,983.987436898053
          120.604818594421,23.5626172190694,984.159438174218
          120.604829020164,23.5625590384116,983.455419625156
          120.604826527175,23.5625303258004,983.649561299942
          120.604756519031,23.5625178388712,981.71749416925
          120.604674455424,23.5624311773569,982.219514672644
          120.604638771263,23.5623876382881,981.43604504969
          120.604632524834,23.5623315141892,981.500123104081
          120.604632703883,23.5622771057156,980.825895695947
          120.604641086704,23.5622318157087,979.666307634674
          120.604639941026,23.562240618709,979.17079407908
          120.604638935511,23.5622456881614,978.863118263893
        </coordinates>
      </LineString>
    </Placemark>
    <Placemark>
      <name>起點/終點</name>
      <description></description>
      <Point>
        <coordinates>120.604611,23.5622331,0</coordinates>
      </Point>
    </Placemark>
    <Placemark>
      <name>太平山西峰</name>
      <description>海拔高度:1065m</description>
      <Point>
        <coordinates>120.59888204092726,23.563798213330173,0</coordinates>
      </Point>
    </Placemark>
    <Placemark>
      <name>太平山</name>
      <description>海拔 1,082m</description>
      <Point>
        <coordinates>120.60235662645931,23.563993031504268,0</coordinates>
      </Point>
    </Placemark>
    <Placemark>
      <name>梨仔腳山</name>
      <description>海拔 1,176m</description>
      <Point>
        <coordinates>120.60810030054824,23.56730133633711,0</coordinates>
      </Point>
    </Placemark>
    <Placemark>
      <name>二尖山</name>
      <description>海拔 1,274m</description>
      <Point>
        <coordinates>120.61853720984817,23.58375508135093,0</coordinates>
      </Point>
    </Placemark>
    <Placemark>
      <name>二尖山休閒茶園</name>
      <description>餐廳</description>
      <Point>
        <coordinates>120.6188116799832,23.584315061695733,0</coordinates>
      </Point>
    </Placemark>
    <Placemark>
      <name>大尖山</name>
      <description>海拔1,305m</description>
      <Point>
        <coordinates>120.62315340591653,23.59010852765715,0</coordinates>
      </Point>
    </Placemark>
    <Placemark>
      <name>龍興宮</name>
      <description>⟡主祀玄天上帝（上帝公）⟡創建於清咸豐四年（1854年），至今已有百年以上歷史</description>
      <Point>
        <coordinates>120.61693158886249,23.57714920560683,0</coordinates>
      </Point>
    </Placemark>
    <Placemark>
      <name>洗手間</name>
      <description></description>
      <Point>
        <coordinates>120.61729720495634,23.576895697644034,0</coordinates>
      </Point>
    </Placemark>
    <Placemark>
      <name>停車位</name>
      <description></description>
      <Point>
        <coordinates>120.61739178991803,23.577365347963095,0</coordinates>
      </Point>
    </Placemark>
    <Placemark>
      <name>馬鞍山</name>
      <description>海拔1,265m</description>
      <Point>
        <coordinates>120.61600078337437,23.573488787096693,0</coordinates>
      </Point>
    </Placemark>
    <Placemark>
      <name>三元宮</name>
      <description></description>
      <Point>
        <coordinates>120.60400597408704,23.56189504478381,0</coordinates>
      </Point>
    </Placemark>
  </Document>
</kml>